ISO-10303-21;
HEADER;
FILE_DESCRIPTION (( 'STEP AP214' ),
    '1' );
FILE_NAME ('1063TR.STEP',
    '2013-05-08T20:54:25',
    ( 'Richard Maletta' ),
    ( '' ),
    'SwSTEP 2.0',
    'SolidWorks 2009',
    '' );
FILE_SCHEMA (( 'AUTOMOTIVE_DESIGN' ));
ENDSEC;

DATA;
#1 = ORIENTED_EDGE ( 'NONE', *, *, #7, .F. ) ;
#2 = VERTEX_POINT ( 'NONE', #1968 ) ;
#3 = ORIENTED_EDGE ( 'NONE', *, *, #4, .F. ) ;
#4 = EDGE_CURVE ( 'NONE', #2, #178, #1967, .T. ) ;
#5 = ORIENTED_EDGE ( 'NONE', *, *, #180, .T. ) ;
#6 = EDGE_LOOP ( 'NONE', ( #5, #3, #1, #8 ) ) ;
#7 = EDGE_CURVE ( 'NONE', #420, #2, #1963, .T. ) ;
#8 = ORIENTED_EDGE ( 'NONE', *, *, #419, .T. ) ;
#9 = ADVANCED_FACE ( 'NONE', ( #1958 ), #1940, .T. ) ;
#10 = EDGE_LOOP ( 'NONE', ( #386, #387, #390, #392 ) ) ;
#11 = EDGE_CURVE ( 'NONE', #49, #26, #1935, .T. ) ;
#12 = ORIENTED_EDGE ( 'NONE', *, *, #58, .T. ) ;
#13 = EDGE_CURVE ( 'NONE', #28, #21, #1931, .T. ) ;
#14 = EDGE_CURVE ( 'NONE', #51, #17, #1920, .T. ) ;
#15 = EDGE_LOOP ( 'NONE', ( #61, #19, #62, #34, #63, #46, #27, #70 ) ) ;
#16 = ADVANCED_FACE ( 'NONE', ( #1916 ), #1915, .F. ) ;
#17 = VERTEX_POINT ( 'NONE', #1913 ) ;
#18 = EDGE_CURVE ( 'NONE', #17, #38, #1909, .T. ) ;
#19 = ORIENTED_EDGE ( 'NONE', *, *, #39, .T. ) ;
#20 = ORIENTED_EDGE ( 'NONE', *, *, #66, .T. ) ;
#21 = VERTEX_POINT ( 'NONE', #1905 ) ;
#22 = EDGE_CURVE ( 'NONE', #32, #67, #1903, .T. ) ;
#23 = ADVANCED_FACE ( 'NONE', ( #1899 ), #1881, .F. ) ;
#24 = EDGE_LOOP ( 'NONE', ( #45, #53, #35, #37 ) ) ;
#25 = ADVANCED_FACE ( 'NONE', ( #1879 ), #1857, .T. ) ;
#26 = VERTEX_POINT ( 'NONE', #1852 ) ;
#27 = ORIENTED_EDGE ( 'NONE', *, *, #69, .F. ) ;
#28 = VERTEX_POINT ( 'NONE', #1851 ) ;
#29 = EDGE_CURVE ( 'NONE', #64, #21, #1850, .T. ) ;
#30 = ORIENTED_EDGE ( 'NONE', *, *, #31, .T. ) ;
#31 = EDGE_CURVE ( 'NONE', #32, #26, #1845, .T. ) ;
#32 = VERTEX_POINT ( 'NONE', #1841 ) ;
#33 = EDGE_LOOP ( 'NONE', ( #30, #48, #12, #60, #42, #20, #68 ) ) ;
#34 = ORIENTED_EDGE ( 'NONE', *, *, #13, .T. ) ;
#35 = ORIENTED_EDGE ( 'NONE', *, *, #36, .F. ) ;
#36 = EDGE_CURVE ( 'NONE', #56, #55, #1840, .T. ) ;
#37 = ORIENTED_EDGE ( 'NONE', *, *, #91, .F. ) ;
#38 = VERTEX_POINT ( 'NONE', #1836 ) ;
#39 = EDGE_CURVE ( 'NONE', #51, #40, #1835, .T. ) ;
#40 = VERTEX_POINT ( 'NONE', #1831 ) ;
#41 = VERTEX_POINT ( 'NONE', #1830 ) ;
#42 = ORIENTED_EDGE ( 'NONE', *, *, #43, .T. ) ;
#43 = EDGE_CURVE ( 'NONE', #41, #44, #1829, .T. ) ;
#44 = VERTEX_POINT ( 'NONE', #1825 ) ;
#45 = ORIENTED_EDGE ( 'NONE', *, *, #31, .F. ) ;
#46 = ORIENTED_EDGE ( 'NONE', *, *, #47, .F. ) ;
#47 = EDGE_CURVE ( 'NONE', #52, #64, #1823, .T. ) ;
#48 = ORIENTED_EDGE ( 'NONE', *, *, #11, .F. ) ;
#49 = VERTEX_POINT ( 'NONE', #1824 ) ;
#50 = EDGE_CURVE ( 'NONE', #28, #40, #1816, .T. ) ;
#51 = VERTEX_POINT ( 'NONE', #2123 ) ;
#52 = VERTEX_POINT ( 'NONE', #2105 ) ;
#53 = ORIENTED_EDGE ( 'NONE', *, *, #54, .F. ) ;
#54 = EDGE_CURVE ( 'NONE', #55, #32, #2002, .T. ) ;
#55 = VERTEX_POINT ( 'NONE', #2107 ) ;
#56 = VERTEX_POINT ( 'NONE', #2106 ) ;
#57 = MANIFOLD_SOLID_BREP ( 'NONE', #1560 ) ;
#58 = EDGE_CURVE ( 'NONE', #49, #59, #2113, .T. ) ;
#59 = VERTEX_POINT ( 'NONE', #2112 ) ;
#60 = ORIENTED_EDGE ( 'NONE', *, *, #65, .T. ) ;
#61 = ORIENTED_EDGE ( 'NONE', *, *, #14, .F. ) ;
#62 = ORIENTED_EDGE ( 'NONE', *, *, #50, .F. ) ;
#63 = ORIENTED_EDGE ( 'NONE', *, *, #29, .F. ) ;
#64 = VERTEX_POINT ( 'NONE', #2111 ) ;
#65 = EDGE_CURVE ( 'NONE', #59, #41, #2091, .T. ) ;
#66 = EDGE_CURVE ( 'NONE', #44, #67, #2085, .T. ) ;
#67 = VERTEX_POINT ( 'NONE', #2087 ) ;
#68 = ORIENTED_EDGE ( 'NONE', *, *, #22, .F. ) ;
#69 = EDGE_CURVE ( 'NONE', #38, #52, #2080, .T. ) ;
#70 = ORIENTED_EDGE ( 'NONE', *, *, #18, .F. ) ;
#71 = ORIENTED_EDGE ( 'NONE', *, *, #73, .T. ) ;
#72 = ORIENTED_EDGE ( 'NONE', *, *, #36, .T. ) ;
#73 = EDGE_CURVE ( 'NONE', #77, #76, #2076, .T. ) ;
#74 = ORIENTED_EDGE ( 'NONE', *, *, #75, .F. ) ;
#75 = EDGE_CURVE ( 'NONE', #56, #76, #2071, .T. ) ;
#76 = VERTEX_POINT ( 'NONE', #2067 ) ;
#77 = VERTEX_POINT ( 'NONE', #2066 ) ;
#78 = ORIENTED_EDGE ( 'NONE', *, *, #79, .T. ) ;
#79 = EDGE_CURVE ( 'NONE', #80, #77, #2065, .T. ) ;
#80 = VERTEX_POINT ( 'NONE', #2061 ) ;
#81 = ORIENTED_EDGE ( 'NONE', *, *, #82, .T. ) ;
#82 = EDGE_CURVE ( 'NONE', #83, #80, #2060, .T. ) ;
#83 = VERTEX_POINT ( 'NONE', #2056 ) ;
#84 = VERTEX_POINT ( 'NONE', #2055 ) ;
#85 = EDGE_CURVE ( 'NONE', #84, #55, #2053, .T. ) ;
#86 = ORIENTED_EDGE ( 'NONE', *, *, #90, .T. ) ;
#87 = ORIENTED_EDGE ( 'NONE', *, *, #85, .F. ) ;
#88 = EDGE_LOOP ( 'NONE', ( #87, #86, #81, #78, #71, #74, #72 ) ) ;
#89 = ADVANCED_FACE ( 'NONE', ( #2049 ), #2031, .T. ) ;
#90 = EDGE_CURVE ( 'NONE', #84, #83, #2026, .T. ) ;
#91 = EDGE_CURVE ( 'NONE', #26, #56, #2021, .T. ) ;
#92 = EDGE_CURVE ( 'NONE', #108, #109, #2017, .T. ) ;
#93 = EDGE_CURVE ( 'NONE', #107, #460, #2013, .T. ) ;
#94 = ORIENTED_EDGE ( 'NONE', *, *, #99, .F. ) ;
#95 = EDGE_LOOP ( 'NONE', ( #466, #115, #445, #94 ) ) ;
#96 = VERTEX_POINT ( 'NONE', #2009 ) ;
#97 = ORIENTED_EDGE ( 'NONE', *, *, #574, .T. ) ;
#98 = VERTEX_POINT ( 'NONE', #2008 ) ;
#99 = EDGE_CURVE ( 'NONE', #106, #109, #2006, .T. ) ;
#100 = ADVANCED_FACE ( 'NONE', ( #2001 ), #1983, .T. ) ;
#101 = EDGE_LOOP ( 'NONE', ( #443, #572, #444, #112 ) ) ;
#102 = VERTEX_POINT ( 'NONE', #1978 ) ;
#103 = ADVANCED_FACE ( 'NONE', ( #1977 ), #2286, .T. ) ;
#104 = EDGE_CURVE ( 'NONE', #96, #98, #2281, .T. ) ;
#105 = EDGE_CURVE ( 'NONE', #446, #106, #2271, .T. ) ;
#106 = VERTEX_POINT ( 'NONE', #2267 ) ;
#107 = VERTEX_POINT ( 'NONE', #2266 ) ;
#108 = VERTEX_POINT ( 'NONE', #2265 ) ;
#109 = VERTEX_POINT ( 'NONE', #2264 ) ;
#110 = VERTEX_POINT ( 'NONE', #2263 ) ;
#111 = EDGE_CURVE ( 'NONE', #106, #456, #2262, .T. ) ;
#112 = ORIENTED_EDGE ( 'NONE', *, *, #99, .T. ) ;
#113 = EDGE_CURVE ( 'NONE', #102, #110, #2258, .T. ) ;
#114 = ORIENTED_EDGE ( 'NONE', *, *, #708, .F. ) ;
#115 = ORIENTED_EDGE ( 'NONE', *, *, #116, .F. ) ;
#116 = EDGE_CURVE ( 'NONE', #108, #446, #2254, .T. ) ;
#117 = ADVANCED_FACE ( 'NONE', ( #2249 ), #2231, .T. ) ;
#118 = ORIENTED_EDGE ( 'NONE', *, *, #708, .T. ) ;
#119 = EDGE_CURVE ( 'NONE', #217, #120, #2226, .T. ) ;
#120 = VERTEX_POINT ( 'NONE', #2222 ) ;
#121 = ORIENTED_EDGE ( 'NONE', *, *, #122, .F. ) ;
#122 = EDGE_CURVE ( 'NONE', #130, #120, #2220, .T. ) ;
#123 = ADVANCED_FACE ( 'NONE', ( #2215, #2214 ), #2196, .T. ) ;
#124 = EDGE_LOOP ( 'NONE', ( #125, #126, #127, #128, #129, #219, #220, #221, #222, #282, #283, #284 ) ) ;
#125 = ORIENTED_EDGE ( 'NONE', *, *, #320, .T. ) ;
#126 = ORIENTED_EDGE ( 'NONE', *, *, #327, .T. ) ;
#127 = ORIENTED_EDGE ( 'NONE', *, *, #174, .T. ) ;
#128 = ORIENTED_EDGE ( 'NONE', *, *, #7, .T. ) ;
#129 = ORIENTED_EDGE ( 'NONE', *, *, #391, .T. ) ;
#130 = VERTEX_POINT ( 'NONE', #2191 ) ;
#131 = ORIENTED_EDGE ( 'NONE', *, *, #132, .F. ) ;
#132 = EDGE_CURVE ( 'NONE', #217, #223, #2189, .T. ) ;
#133 = ADVANCED_FACE ( 'NONE', ( #2184 ), #2166, .T. ) ;
#134 = EDGE_LOOP ( 'NONE', ( #135, #332, #335, #337 ) ) ;
#135 = ORIENTED_EDGE ( 'NONE', *, *, #193, .T. ) ;
#136 = ORIENTED_EDGE ( 'NONE', *, *, #137, .F. ) ;
#137 = EDGE_CURVE ( 'NONE', #138, #200, #2161, .T. ) ;
#138 = VERTEX_POINT ( 'NONE', #2157 ) ;
#139 = ORIENTED_EDGE ( 'NONE', *, *, #140, .F. ) ;
#140 = EDGE_CURVE ( 'NONE', #312, #138, #2155, .T. ) ;
#141 = ORIENTED_EDGE ( 'NONE', *, *, #311, .T. ) ;
#142 = ADVANCED_FACE ( 'NONE', ( #2151 ), #2132, .T. ) ;
#143 = EDGE_LOOP ( 'NONE', ( #144, #145, #148, #371 ) ) ;
#144 = ORIENTED_EDGE ( 'NONE', *, *, #199, .T. ) ;
#145 = ORIENTED_EDGE ( 'NONE', *, *, #146, .F. ) ;
#146 = EDGE_CURVE ( 'NONE', #147, #197, #2127, .T. ) ;
#147 = VERTEX_POINT ( 'NONE', #6196 ) ;
#148 = ORIENTED_EDGE ( 'NONE', *, *, #149, .F. ) ;
#149 = EDGE_CURVE ( 'NONE', #138, #147, #6357, .T. ) ;
#150 = EDGE_CURVE ( 'NONE', #151, #152, #6353, .T. ) ;
#151 = VERTEX_POINT ( 'NONE', #6348 ) ;
#152 = VERTEX_POINT ( 'NONE', #6347 ) ;
#153 = ORIENTED_EDGE ( 'NONE', *, *, #154, .F. ) ;
#154 = EDGE_CURVE ( 'NONE', #155, #151, #6346, .T. ) ;
#155 = VERTEX_POINT ( 'NONE', #6342 ) ;
#156 = ORIENTED_EDGE ( 'NONE', *, *, #157, .F. ) ;
#157 = EDGE_CURVE ( 'NONE', #158, #155, #6341, .T. ) ;
#158 = VERTEX_POINT ( 'NONE', #6336 ) ;
#159 = ORIENTED_EDGE ( 'NONE', *, *, #160, .F. ) ;
#160 = EDGE_CURVE ( 'NONE', #152, #158, #6334, .T. ) ;
#161 = ADVANCED_FACE ( 'NONE', ( #6330 ), #6197, .F. ) ;
#162 = EDGE_LOOP ( 'NONE', ( #163, #131, #218, #121 ) ) ;
#163 = ORIENTED_EDGE ( 'NONE', *, *, #164, .T. ) ;
#164 = EDGE_CURVE ( 'NONE', #130, #223, #6212, .T. ) ;
#165 = VERTEX_POINT ( 'NONE', #6208 ) ;
#166 = ORIENTED_EDGE ( 'NONE', *, *, #167, .F. ) ;
#167 = EDGE_CURVE ( 'NONE', #261, #165, #6206, .T. ) ;
#168 = ADVANCED_FACE ( 'NONE', ( #6317 ), #6299, .T. ) ;
#169 = EDGE_LOOP ( 'NONE', ( #170, #171, #172, #382 ) ) ;
#170 = ORIENTED_EDGE ( 'NONE', *, *, #91, .T. ) ;
#171 = ORIENTED_EDGE ( 'NONE', *, *, #75, .T. ) ;
#172 = ORIENTED_EDGE ( 'NONE', *, *, #381, .F. ) ;
#173 = ORIENTED_EDGE ( 'NONE', *, *, #174, .F. ) ;
#174 = EDGE_CURVE ( 'NONE', #175, #420, #6294, .T. ) ;
#175 = VERTEX_POINT ( 'NONE', #6290 ) ;
#176 = ORIENTED_EDGE ( 'NONE', *, *, #177, .F. ) ;
#177 = EDGE_CURVE ( 'NONE', #178, #216, #6289, .T. ) ;
#178 = VERTEX_POINT ( 'NONE', #6285 ) ;
#179 = ORIENTED_EDGE ( 'NONE', *, *, #180, .F. ) ;
#180 = EDGE_CURVE ( 'NONE', #181, #178, #6284, .T. ) ;
#181 = VERTEX_POINT ( 'NONE', #6280 ) ;
#182 = ORIENTED_EDGE ( 'NONE', *, *, #183, .F. ) ;
#183 = EDGE_CURVE ( 'NONE', #184, #181, #6279, .T. ) ;
#184 = VERTEX_POINT ( 'NONE', #6275 ) ;
#185 = ORIENTED_EDGE ( 'NONE', *, *, #186, .F. ) ;
#186 = EDGE_CURVE ( 'NONE', #187, #184, #6274, .T. ) ;
#187 = VERTEX_POINT ( 'NONE', #6270 ) ;
#188 = ORIENTED_EDGE ( 'NONE', *, *, #189, .F. ) ;
#189 = EDGE_CURVE ( 'NONE', #190, #187, #6269, .T. ) ;
#190 = VERTEX_POINT ( 'NONE', #6265 ) ;
#191 = EDGE_LOOP ( 'NONE', ( #207, #209, #210, #211 ) ) ;
#192 = ORIENTED_EDGE ( 'NONE', *, *, #193, .F. ) ;
#193 = EDGE_CURVE ( 'NONE', #194, #190, #6395, .T. ) ;
#194 = VERTEX_POINT ( 'NONE', #6391 ) ;
#195 = ORIENTED_EDGE ( 'NONE', *, *, #196, .F. ) ;
#196 = EDGE_CURVE ( 'NONE', #197, #194, #6390, .T. ) ;
#197 = VERTEX_POINT ( 'NONE', #6386 ) ;
#198 = ORIENTED_EDGE ( 'NONE', *, *, #199, .F. ) ;
#199 = EDGE_CURVE ( 'NONE', #200, #197, #6385, .T. ) ;
#200 = VERTEX_POINT ( 'NONE', #6381 ) ;
#201 = ORIENTED_EDGE ( 'NONE', *, *, #202, .F. ) ;
#202 = EDGE_CURVE ( 'NONE', #203, #200, #6380, .T. ) ;
#203 = VERTEX_POINT ( 'NONE', #6376 ) ;
#204 = ORIENTED_EDGE ( 'NONE', *, *, #205, .F. ) ;
#205 = EDGE_CURVE ( 'NONE', #165, #203, #6374, .T. ) ;
#206 = ADVANCED_FACE ( 'NONE', ( #6370 ), #6259, .T. ) ;
#207 = ORIENTED_EDGE ( 'NONE', *, *, #208, .T. ) ;
#208 = EDGE_CURVE ( 'NONE', #67, #84, #6253, .T. ) ;
#209 = ORIENTED_EDGE ( 'NONE', *, *, #85, .T. ) ;
#210 = ORIENTED_EDGE ( 'NONE', *, *, #54, .T. ) ;
#211 = ORIENTED_EDGE ( 'NONE', *, *, #22, .T. ) ;
#212 = ADVANCED_FACE ( 'NONE', ( #6194 ), #6176, .T. ) ;
#213 = EDGE_LOOP ( 'NONE', ( #214, #176, #179, #182, #185, #188, #192, #195, #198, #201, #204, #166 ) ) ;
#214 = ORIENTED_EDGE ( 'NONE', *, *, #215, .F. ) ;
#215 = EDGE_CURVE ( 'NONE', #216, #261, #6247, .T. ) ;
#216 = VERTEX_POINT ( 'NONE', #6243 ) ;
#217 = VERTEX_POINT ( 'NONE', #6242 ) ;
#218 = ORIENTED_EDGE ( 'NONE', *, *, #119, .T. ) ;
#219 = ORIENTED_EDGE ( 'NONE', *, *, #400, .T. ) ;
#220 = ORIENTED_EDGE ( 'NONE', *, *, #409, .T. ) ;
#221 = ORIENTED_EDGE ( 'NONE', *, *, #314, .T. ) ;
#222 = ORIENTED_EDGE ( 'NONE', *, *, #140, .T. ) ;
#223 = VERTEX_POINT ( 'NONE', #6241 ) ;
#224 = ORIENTED_EDGE ( 'NONE', *, *, #225, .F. ) ;
#225 = EDGE_CURVE ( 'NONE', #362, #151, #6239, .T. ) ;
#226 = ADVANCED_FACE ( 'NONE', ( #6235 ), #6217, .T. ) ;
#227 = EDGE_LOOP ( 'NONE', ( #228, #229, #232, #235 ) ) ;
#228 = ORIENTED_EDGE ( 'NONE', *, *, #160, .T. ) ;
#229 = ORIENTED_EDGE ( 'NONE', *, *, #230, .F. ) ;
#230 = EDGE_CURVE ( 'NONE', #231, #158, #2499, .T. ) ;
#231 = VERTEX_POINT ( 'NONE', #2494 ) ;
#232 = ORIENTED_EDGE ( 'NONE', *, *, #233, .T. ) ;
#233 = EDGE_CURVE ( 'NONE', #231, #234, #2356, .T. ) ;
#234 = VERTEX_POINT ( 'NONE', #2352 ) ;
#235 = ORIENTED_EDGE ( 'NONE', *, *, #236, .F. ) ;
#236 = EDGE_CURVE ( 'NONE', #152, #234, #2351, .T. ) ;
#237 = EDGE_CURVE ( 'NONE', #259, #238, #2347, .T. ) ;
#238 = VERTEX_POINT ( 'NONE', #2342 ) ;
#239 = ORIENTED_EDGE ( 'NONE', *, *, #258, .T. ) ;
#240 = ORIENTED_EDGE ( 'NONE', *, *, #241, .F. ) ;
#241 = EDGE_CURVE ( 'NONE', #242, #256, #2341, .T. ) ;
#242 = VERTEX_POINT ( 'NONE', #2336 ) ;
#243 = ORIENTED_EDGE ( 'NONE', *, *, #244, .T. ) ;
#244 = EDGE_CURVE ( 'NONE', #242, #238, #2334, .T. ) ;
#245 = ADVANCED_FACE ( 'NONE', ( #2330 ), #2500, .F. ) ;
#246 = EDGE_LOOP ( 'NONE', ( #247, #248, #294, #297, #300, #302, #303, #269, #271, #274 ) ) ;
#247 = ORIENTED_EDGE ( 'NONE', *, *, #119, .F. ) ;
#248 = ORIENTED_EDGE ( 'NONE', *, *, #249, .F. ) ;
#249 = EDGE_CURVE ( 'NONE', #250, #217, #2489, .T. ) ;
#250 = VERTEX_POINT ( 'NONE', #2485 ) ;
#251 = ORIENTED_EDGE ( 'NONE', *, *, #345, .T. ) ;
#252 = ADVANCED_FACE ( 'NONE', ( #2484 ), #2465, .T. ) ;
#253 = ORIENTED_EDGE ( 'NONE', *, *, #351, .T. ) ;
#254 = ORIENTED_EDGE ( 'NONE', *, *, #255, .F. ) ;
#255 = EDGE_CURVE ( 'NONE', #256, #349, #2463, .T. ) ;
#256 = VERTEX_POINT ( 'NONE', #2456 ) ;
#257 = ORIENTED_EDGE ( 'NONE', *, *, #258, .F. ) ;
#258 = EDGE_CURVE ( 'NONE', #259, #256, #2455, .T. ) ;
#259 = VERTEX_POINT ( 'NONE', #2451 ) ;
#260 = ORIENTED_EDGE ( 'NONE', *, *, #265, .F. ) ;
#261 = VERTEX_POINT ( 'NONE', #2450 ) ;
#262 = ORIENTED_EDGE ( 'NONE', *, *, #263, .F. ) ;
#263 = EDGE_CURVE ( 'NONE', #184, #175, #2448, .T. ) ;
#264 = ADVANCED_FACE ( 'NONE', ( #2444 ), #2426, .T. ) ;
#265 = EDGE_CURVE ( 'NONE', #352, #259, #2420, .T. ) ;
#266 = ADVANCED_FACE ( 'NONE', ( #2416 ), #2398, .T. ) ;
#267 = EDGE_LOOP ( 'NONE', ( #268, #239, #240, #243 ) ) ;
#268 = ORIENTED_EDGE ( 'NONE', *, *, #237, .F. ) ;
#269 = ORIENTED_EDGE ( 'NONE', *, *, #270, .F. ) ;
#270 = EDGE_CURVE ( 'NONE', #306, #305, #2393, .T. ) ;
#271 = ORIENTED_EDGE ( 'NONE', *, *, #272, .F. ) ;
#272 = EDGE_CURVE ( 'NONE', #273, #306, #2389, .T. ) ;
#273 = VERTEX_POINT ( 'NONE', #2385 ) ;
#274 = ORIENTED_EDGE ( 'NONE', *, *, #275, .F. ) ;
#275 = EDGE_CURVE ( 'NONE', #120, #273, #2383, .T. ) ;
#276 = ADVANCED_FACE ( 'NONE', ( #2379 ), #2361, .T. ) ;
#277 = EDGE_LOOP ( 'NONE', ( #278, #279, #281, #224 ) ) ;
#278 = ORIENTED_EDGE ( 'NONE', *, *, #361, .T. ) ;
#279 = ORIENTED_EDGE ( 'NONE', *, *, #280, .F. ) ;
#280 = EDGE_CURVE ( 'NONE', #155, #359, #2320, .T. ) ;
#281 = ORIENTED_EDGE ( 'NONE', *, *, #154, .T. ) ;
#282 = ORIENTED_EDGE ( 'NONE', *, *, #149, .T. ) ;
#283 = ORIENTED_EDGE ( 'NONE', *, *, #379, .T. ) ;
#284 = ORIENTED_EDGE ( 'NONE', *, *, #336, .T. ) ;
#285 = EDGE_LOOP ( 'NONE', ( #286, #288, #289, #290, #291, #251 ) ) ;
#286 = ORIENTED_EDGE ( 'NONE', *, *, #287, .F. ) ;
#287 = EDGE_CURVE ( 'NONE', #80, #346, #2316, .T. ) ;
#288 = ORIENTED_EDGE ( 'NONE', *, *, #82, .F. ) ;
#289 = ORIENTED_EDGE ( 'NONE', *, *, #412, .T. ) ;
#290 = ORIENTED_EDGE ( 'NONE', *, *, #43, .F. ) ;
#291 = ORIENTED_EDGE ( 'NONE', *, *, #292, .F. ) ;
#292 = EDGE_CURVE ( 'NONE', #331, #41, #2312, .T. ) ;
#293 = EDGE_LOOP ( 'NONE', ( #253, #254, #257, #260 ) ) ;
#294 = ORIENTED_EDGE ( 'NONE', *, *, #295, .F. ) ;
#295 = EDGE_CURVE ( 'NONE', #296, #250, #2308, .T. ) ;
#296 = VERTEX_POINT ( 'NONE', #2304 ) ;
#297 = ORIENTED_EDGE ( 'NONE', *, *, #298, .F. ) ;
#298 = EDGE_CURVE ( 'NONE', #299, #296, #2303, .T. ) ;
#299 = VERTEX_POINT ( 'NONE', #2299 ) ;
#300 = ORIENTED_EDGE ( 'NONE', *, *, #301, .F. ) ;
#301 = EDGE_CURVE ( 'NONE', #238, #299, #2298, .T. ) ;
#302 = ORIENTED_EDGE ( 'NONE', *, *, #244, .F. ) ;
#303 = ORIENTED_EDGE ( 'NONE', *, *, #304, .F. ) ;
#304 = EDGE_CURVE ( 'NONE', #305, #242, #2294, .T. ) ;
#305 = VERTEX_POINT ( 'NONE', #2513 ) ;
#306 = VERTEX_POINT ( 'NONE', #2512 ) ;
#307 = ADVANCED_FACE ( 'NONE', ( #2698 ), #2530, .T. ) ;
#308 = EDGE_LOOP ( 'NONE', ( #309, #310, #313, #315 ) ) ;
#309 = ORIENTED_EDGE ( 'NONE', *, *, #205, .T. ) ;
#310 = ORIENTED_EDGE ( 'NONE', *, *, #311, .F. ) ;
#311 = EDGE_CURVE ( 'NONE', #312, #203, #2723, .T. ) ;
#312 = VERTEX_POINT ( 'NONE', #2719 ) ;
#313 = ORIENTED_EDGE ( 'NONE', *, *, #314, .F. ) ;
#314 = EDGE_CURVE ( 'NONE', #407, #312, #2717, .T. ) ;
#315 = ORIENTED_EDGE ( 'NONE', *, *, #406, .T. ) ;
#316 = ADVANCED_FACE ( 'NONE', ( #2713 ), #2684, .T. ) ;
#317 = EDGE_LOOP ( 'NONE', ( #318, #136, #139, #141 ) ) ;
#318 = ORIENTED_EDGE ( 'NONE', *, *, #202, .T. ) ;
#319 = ORIENTED_EDGE ( 'NONE', *, *, #320, .F. ) ;
#320 = EDGE_CURVE ( 'NONE', #334, #343, #2614, .T. ) ;
#321 = ORIENTED_EDGE ( 'NONE', *, *, #333, .T. ) ;
#322 = ADVANCED_FACE ( 'NONE', ( #2610 ), #2676, .T. ) ;
#323 = EDGE_LOOP ( 'NONE', ( #324, #325, #326, #328 ) ) ;
#324 = ORIENTED_EDGE ( 'NONE', *, *, #186, .T. ) ;
#325 = ORIENTED_EDGE ( 'NONE', *, *, #263, .T. ) ;
#326 = ORIENTED_EDGE ( 'NONE', *, *, #327, .F. ) ;
#327 = EDGE_CURVE ( 'NONE', #343, #175, #2675, .T. ) ;
#328 = ORIENTED_EDGE ( 'NONE', *, *, #342, .T. ) ;
#329 = ADVANCED_FACE ( 'NONE', ( #2663 ), #2648, .T. ) ;
#330 = EDGE_LOOP ( 'NONE', ( #344, #347, #350, #353 ) ) ;
#331 = VERTEX_POINT ( 'NONE', #2649 ) ;
#332 = ORIENTED_EDGE ( 'NONE', *, *, #333, .F. ) ;
#333 = EDGE_CURVE ( 'NONE', #334, #190, #2643, .T. ) ;
#334 = VERTEX_POINT ( 'NONE', #2639 ) ;
#335 = ORIENTED_EDGE ( 'NONE', *, *, #336, .F. ) ;
#336 = EDGE_CURVE ( 'NONE', #377, #334, #2634, .T. ) ;
#337 = ORIENTED_EDGE ( 'NONE', *, *, #376, .T. ) ;
#338 = ADVANCED_FACE ( 'NONE', ( #2630 ), #2589, .T. ) ;
#339 = EDGE_LOOP ( 'NONE', ( #340, #341, #319, #321 ) ) ;
#340 = ORIENTED_EDGE ( 'NONE', *, *, #189, .T. ) ;
#341 = ORIENTED_EDGE ( 'NONE', *, *, #342, .F. ) ;
#342 = EDGE_CURVE ( 'NONE', #343, #187, #2588, .T. ) ;
#343 = VERTEX_POINT ( 'NONE', #2582 ) ;
#344 = ORIENTED_EDGE ( 'NONE', *, *, #345, .F. ) ;
#345 = EDGE_CURVE ( 'NONE', #331, #346, #2581, .T. ) ;
#346 = VERTEX_POINT ( 'NONE', #2577 ) ;
#347 = ORIENTED_EDGE ( 'NONE', *, *, #348, .T. ) ;
#348 = EDGE_CURVE ( 'NONE', #331, #349, #2576, .T. ) ;
#349 = VERTEX_POINT ( 'NONE', #2571 ) ;
#350 = ORIENTED_EDGE ( 'NONE', *, *, #351, .F. ) ;
#351 = EDGE_CURVE ( 'NONE', #352, #349, #2570, .T. ) ;
#352 = VERTEX_POINT ( 'NONE', #2566 ) ;
#353 = ORIENTED_EDGE ( 'NONE', *, *, #354, .T. ) ;
#354 = EDGE_CURVE ( 'NONE', #352, #346, #2564, .T. ) ;
#355 = ADVANCED_FACE ( 'NONE', ( #2565 ), #2541, .T. ) ;
#356 = EDGE_LOOP ( 'NONE', ( #357, #360, #363, #365, #366, #367 ) ) ;
#357 = ORIENTED_EDGE ( 'NONE', *, *, #358, .T. ) ;
#358 = EDGE_CURVE ( 'NONE', #77, #359, #2540, .T. ) ;
#359 = VERTEX_POINT ( 'NONE', #2525 ) ;
#360 = ORIENTED_EDGE ( 'NONE', *, *, #361, .F. ) ;
#361 = EDGE_CURVE ( 'NONE', #362, #359, #2524, .T. ) ;
#362 = VERTEX_POINT ( 'NONE', #2520 ) ;
#363 = ORIENTED_EDGE ( 'NONE', *, *, #364, .T. ) ;
#364 = EDGE_CURVE ( 'NONE', #362, #59, #2518, .T. ) ;
#365 = ORIENTED_EDGE ( 'NONE', *, *, #58, .F. ) ;
#366 = ORIENTED_EDGE ( 'NONE', *, *, #381, .T. ) ;
#367 = ORIENTED_EDGE ( 'NONE', *, *, #73, .F. ) ;
#368 = ADVANCED_FACE ( 'NONE', ( #2776 ), #2879, .F. ) ;
#369 = EDGE_LOOP ( 'NONE', ( #370, #153, #156, #159 ) ) ;
#370 = ORIENTED_EDGE ( 'NONE', *, *, #150, .F. ) ;
#371 = ORIENTED_EDGE ( 'NONE', *, *, #137, .T. ) ;
#372 = ADVANCED_FACE ( 'NONE', ( #2877 ), #2805, .T. ) ;
#373 = EDGE_LOOP ( 'NONE', ( #374, #375, #378, #380 ) ) ;
#374 = ORIENTED_EDGE ( 'NONE', *, *, #196, .T. ) ;
#375 = ORIENTED_EDGE ( 'NONE', *, *, #376, .F. ) ;
#376 = EDGE_CURVE ( 'NONE', #377, #194, #2800, .T. ) ;
#377 = VERTEX_POINT ( 'NONE', #2796 ) ;
#378 = ORIENTED_EDGE ( 'NONE', *, *, #379, .F. ) ;
#379 = EDGE_CURVE ( 'NONE', #147, #377, #2795, .T. ) ;
#380 = ORIENTED_EDGE ( 'NONE', *, *, #146, .T. ) ;
#381 = EDGE_CURVE ( 'NONE', #49, #76, #2790, .T. ) ;
#382 = ORIENTED_EDGE ( 'NONE', *, *, #11, .T. ) ;
#383 = ADVANCED_FACE ( 'NONE', ( #2786 ), #2764, .F. ) ;
#384 = EDGE_LOOP ( 'NONE', ( #385, #411, #413, #414 ) ) ;
#385 = ORIENTED_EDGE ( 'NONE', *, *, #66, .F. ) ;
#386 = ORIENTED_EDGE ( 'NONE', *, *, #177, .T. ) ;
#387 = ORIENTED_EDGE ( 'NONE', *, *, #388, .F. ) ;
#388 = EDGE_CURVE ( 'NONE', #389, #216, #2939, .T. ) ;
#389 = VERTEX_POINT ( 'NONE', #2935 ) ;
#390 = ORIENTED_EDGE ( 'NONE', *, *, #391, .F. ) ;
#391 = EDGE_CURVE ( 'NONE', #2, #389, #2933, .T. ) ;
#392 = ORIENTED_EDGE ( 'NONE', *, *, #4, .T. ) ;
#393 = ADVANCED_FACE ( 'NONE', ( #2929 ), #2911, .T. ) ;
#394 = EDGE_LOOP ( 'NONE', ( #395, #396, #399, #401 ) ) ;
#395 = ORIENTED_EDGE ( 'NONE', *, *, #215, .T. ) ;
#396 = ORIENTED_EDGE ( 'NONE', *, *, #397, .F. ) ;
#397 = EDGE_CURVE ( 'NONE', #398, #261, #2906, .T. ) ;
#398 = VERTEX_POINT ( 'NONE', #2902 ) ;
#399 = ORIENTED_EDGE ( 'NONE', *, *, #400, .F. ) ;
#400 = EDGE_CURVE ( 'NONE', #389, #398, #2900, .T. ) ;
#401 = ORIENTED_EDGE ( 'NONE', *, *, #388, .T. ) ;
#402 = ADVANCED_FACE ( 'NONE', ( #2896 ), #2852, .T. ) ;
#403 = EDGE_LOOP ( 'NONE', ( #404, #405, #408, #410 ) ) ;
#404 = ORIENTED_EDGE ( 'NONE', *, *, #167, .T. ) ;
#405 = ORIENTED_EDGE ( 'NONE', *, *, #406, .F. ) ;
#406 = EDGE_CURVE ( 'NONE', #407, #165, #2853, .T. ) ;
#407 = VERTEX_POINT ( 'NONE', #2838 ) ;
#408 = ORIENTED_EDGE ( 'NONE', *, *, #409, .F. ) ;
#409 = EDGE_CURVE ( 'NONE', #398, #407, #2837, .T. ) ;
#410 = ORIENTED_EDGE ( 'NONE', *, *, #397, .T. ) ;
#411 = ORIENTED_EDGE ( 'NONE', *, *, #412, .F. ) ;
#412 = EDGE_CURVE ( 'NONE', #83, #44, #2829, .T. ) ;
#413 = ORIENTED_EDGE ( 'NONE', *, *, #90, .F. ) ;
#414 = ORIENTED_EDGE ( 'NONE', *, *, #208, .F. ) ;
#415 = ADVANCED_FACE ( 'NONE', ( #2825 ), #2807, .T. ) ;
#416 = EDGE_LOOP ( 'NONE', ( #417, #418, #173, #262 ) ) ;
#417 = ORIENTED_EDGE ( 'NONE', *, *, #183, .T. ) ;
#418 = ORIENTED_EDGE ( 'NONE', *, *, #419, .F. ) ;
#419 = EDGE_CURVE ( 'NONE', #420, #181, #2755, .T. ) ;
#420 = VERTEX_POINT ( 'NONE', #2751 ) ;
#421 = VERTEX_POINT ( 'NONE', #2750 ) ;
#422 = ORIENTED_EDGE ( 'NONE', *, *, #439, .T. ) ;
#423 = ADVANCED_FACE ( 'NONE', ( #2749 ), #2957, .T. ) ;
#424 = ORIENTED_EDGE ( 'NONE', *, *, #425, .T. ) ;
#425 = EDGE_CURVE ( 'NONE', #426, #427, #2965, .T. ) ;
#426 = VERTEX_POINT ( 'NONE', #2960 ) ;
#427 = VERTEX_POINT ( 'NONE', #2959 ) ;
#428 = VERTEX_POINT ( 'NONE', #2958 ) ;
#429 = ORIENTED_EDGE ( 'NONE', *, *, #665, .T. ) ;
#430 = EDGE_CURVE ( 'NONE', #130, #450, #3104, .T. ) ;
#431 = ORIENTED_EDGE ( 'NONE', *, *, #358, .F. ) ;
#432 = ORIENTED_EDGE ( 'NONE', *, *, #440, .T. ) ;
#433 = ORIENTED_EDGE ( 'NONE', *, *, #265, .T. ) ;
#434 = ORIENTED_EDGE ( 'NONE', *, *, #237, .T. ) ;
#435 = ORIENTED_EDGE ( 'NONE', *, *, #301, .T. ) ;
#436 = EDGE_CURVE ( 'NONE', #716, #745, #3100, .T. ) ;
#437 = ORIENTED_EDGE ( 'NONE', *, *, #454, .T. ) ;
#438 = ORIENTED_EDGE ( 'NONE', *, *, #1735, .T. ) ;
#439 = EDGE_CURVE ( 'NONE', #652, #488, #3096, .T. ) ;
#440 = EDGE_CURVE ( 'NONE', #488, #654, #3092, .T. ) ;
#441 = VERTEX_POINT ( 'NONE', #3088 ) ;
#442 = ORIENTED_EDGE ( 'NONE', *, *, #653, .T. ) ;
#443 = ORIENTED_EDGE ( 'NONE', *, *, #467, .T. ) ;
#444 = ORIENTED_EDGE ( 'NONE', *, *, #111, .F. ) ;
#445 = ORIENTED_EDGE ( 'NONE', *, *, #92, .T. ) ;
#446 = VERTEX_POINT ( 'NONE', #3087 ) ;
#447 = EDGE_LOOP ( 'NONE', ( #575, #118, #459, #571 ) ) ;
#448 = ORIENTED_EDGE ( 'NONE', *, *, #449, .T. ) ;
#449 = EDGE_CURVE ( 'NONE', #457, #102, #3086, .T. ) ;
#450 = VERTEX_POINT ( 'NONE', #3082 ) ;
#451 = VERTEX_POINT ( 'NONE', #3081 ) ;
#452 = ORIENTED_EDGE ( 'NONE', *, *, #565, .F. ) ;
#453 = ORIENTED_EDGE ( 'NONE', *, *, #454, .F. ) ;
#454 = EDGE_CURVE ( 'NONE', #745, #725, #3080, .T. ) ;
#455 = EDGE_LOOP ( 'NONE', ( #749, #577, #578, #735, #736, #737, #718, #719, #720, #580, #750, #561, #729, #730 ) ) ;
#456 = VERTEX_POINT ( 'NONE', #3076 ) ;
#457 = VERTEX_POINT ( 'NONE', #3075 ) ;
#458 = EDGE_CURVE ( 'NONE', #110, #96, #3022, .T. ) ;
#459 = ORIENTED_EDGE ( 'NONE', *, *, #93, .T. ) ;
#460 = VERTEX_POINT ( 'NONE', #3018 ) ;
#461 = ORIENTED_EDGE ( 'NONE', *, *, #113, .F. ) ;
#462 = ORIENTED_EDGE ( 'NONE', *, *, #113, .T. ) ;
#463 = EDGE_CURVE ( 'NONE', #98, #460, #3016, .T. ) ;
#464 = ORIENTED_EDGE ( 'NONE', *, *, #458, .F. ) ;
#465 = ADVANCED_FACE ( 'NONE', ( #3012 ), #2952, .T. ) ;
#466 = ORIENTED_EDGE ( 'NONE', *, *, #105, .F. ) ;
#467 = EDGE_CURVE ( 'NONE', #109, #457, #2947, .T. ) ;
#468 = ORIENTED_EDGE ( 'NONE', *, *, #469, .T. ) ;
#469 = EDGE_CURVE ( 'NONE', #552, #470, #2943, .T. ) ;
#470 = VERTEX_POINT ( 'NONE', #3168 ) ;
#471 = ORIENTED_EDGE ( 'NONE', *, *, #472, .F. ) ;
#472 = EDGE_CURVE ( 'NONE', #1757, #470, #3167, .T. ) ;
#473 = ADVANCED_FACE ( 'NONE', ( #3163 ), #3161, .F. ) ;
#474 = EDGE_LOOP ( 'NONE', ( #475, #1019, #1070, #1029, #1058, #1018 ) ) ;
#475 = ORIENTED_EDGE ( 'NONE', *, *, #476, .T. ) ;
#476 = EDGE_CURVE ( 'NONE', #477, #1020, #3162, .T. ) ;
#477 = VERTEX_POINT ( 'NONE', #3153 ) ;
#478 = ORIENTED_EDGE ( 'NONE', *, *, #479, .T. ) ;
#479 = EDGE_CURVE ( 'NONE', #484, #480, #3152, .T. ) ;
#480 = VERTEX_POINT ( 'NONE', #3148 ) ;
#481 = ORIENTED_EDGE ( 'NONE', *, *, #683, .F. ) ;
#482 = EDGE_CURVE ( 'NONE', #551, #483, #3147, .T. ) ;
#483 = VERTEX_POINT ( 'NONE', #3143 ) ;
#484 = VERTEX_POINT ( 'NONE', #3142 ) ;
#485 = EDGE_CURVE ( 'NONE', #532, #675, #3141, .T. ) ;
#486 = VERTEX_POINT ( 'NONE', #3073 ) ;
#487 = EDGE_LOOP ( 'NONE', ( #594, #591, #431, #592, #497, #498, #433, #434, #435, #587, #709, #500, #663, #489 ) ) ;
#488 = VERTEX_POINT ( 'NONE', #3072 ) ;
#489 = ORIENTED_EDGE ( 'NONE', *, *, #230, .T. ) ;
#490 = ADVANCED_FACE ( 'NONE', ( #3071 ), #3052, .F. ) ;
#491 = EDGE_LOOP ( 'NONE', ( #590, #492, #493, #494 ) ) ;
#492 = ORIENTED_EDGE ( 'NONE', *, *, #233, .F. ) ;
#493 = ORIENTED_EDGE ( 'NONE', *, *, #664, .F. ) ;
#494 = ORIENTED_EDGE ( 'NONE', *, *, #495, .F. ) ;
#495 = EDGE_CURVE ( 'NONE', #721, #586, #3137, .T. ) ;
#496 = EDGE_LOOP ( 'NONE', ( #424, #698, #700, #702, #703, #655, #658, #661 ) ) ;
#497 = ORIENTED_EDGE ( 'NONE', *, *, #287, .T. ) ;
#498 = ORIENTED_EDGE ( 'NONE', *, *, #354, .F. ) ;
#499 = VERTEX_POINT ( 'NONE', #3133 ) ;
#500 = ORIENTED_EDGE ( 'NONE', *, *, #585, .T. ) ;
#501 = ADVANCED_FACE ( 'NONE', ( #3132 ), #3131, .F. ) ;
#502 = EDGE_CURVE ( 'NONE', #547, #28, #3126, .T. ) ;
#503 = ORIENTED_EDGE ( 'NONE', *, *, #504, .T. ) ;
#504 = EDGE_CURVE ( 'NONE', #525, #526, #3122, .T. ) ;
#505 = ORIENTED_EDGE ( 'NONE', *, *, #506, .T. ) ;
#506 = EDGE_CURVE ( 'NONE', #526, #51, #3118, .T. ) ;
#507 = ORIENTED_EDGE ( 'NONE', *, *, #14, .T. ) ;
#508 = ORIENTED_EDGE ( 'NONE', *, *, #509, .T. ) ;
#509 = EDGE_CURVE ( 'NONE', #17, #510, #3113, .T. ) ;
#510 = VERTEX_POINT ( 'NONE', #3109 ) ;
#511 = ORIENTED_EDGE ( 'NONE', *, *, #549, .F. ) ;
#512 = ORIENTED_EDGE ( 'NONE', *, *, #710, .F. ) ;
#513 = ORIENTED_EDGE ( 'NONE', *, *, #531, .T. ) ;
#514 = ADVANCED_FACE ( 'NONE', ( #3108 ), #3107, .T. ) ;
#515 = EDGE_LOOP ( 'NONE', ( #520, #537, #519, #522, #518, #517, #516, #548, #528 ) ) ;
#516 = ORIENTED_EDGE ( 'NONE', *, *, #50, .T. ) ;
#517 = ORIENTED_EDGE ( 'NONE', *, *, #502, .T. ) ;
#518 = ORIENTED_EDGE ( 'NONE', *, *, #549, .T. ) ;
#519 = ORIENTED_EDGE ( 'NONE', *, *, #495, .T. ) ;
#520 = ORIENTED_EDGE ( 'NONE', *, *, #1789, .T. ) ;
#521 = EDGE_LOOP ( 'NONE', ( #556, #553, #478, #523, #503, #505, #507, #508, #539 ) ) ;
#522 = ORIENTED_EDGE ( 'NONE', *, *, #585, .F. ) ;
#523 = ORIENTED_EDGE ( 'NONE', *, *, #524, .T. ) ;
#524 = EDGE_CURVE ( 'NONE', #480, #525, #2993, .T. ) ;
#525 = VERTEX_POINT ( 'NONE', #2989 ) ;
#526 = VERTEX_POINT ( 'NONE', #2988 ) ;
#527 = EDGE_CURVE ( 'NONE', #40, #552, #2987, .T. ) ;
#528 = ORIENTED_EDGE ( 'NONE', *, *, #529, .T. ) ;
#529 = EDGE_CURVE ( 'NONE', #552, #1790, #2982, .T. ) ;
#530 = ORIENTED_EDGE ( 'NONE', *, *, #609, .F. ) ;
#531 = EDGE_CURVE ( 'NONE', #685, #547, #2978, .T. ) ;
#532 = VERTEX_POINT ( 'NONE', #2974 ) ;
#533 = ORIENTED_EDGE ( 'NONE', *, *, #534, .F. ) ;
#534 = EDGE_CURVE ( 'NONE', #535, #660, #2973, .T. ) ;
#535 = VERTEX_POINT ( 'NONE', #2969 ) ;
#536 = ORIENTED_EDGE ( 'NONE', *, *, #558, .F. ) ;
#537 = ORIENTED_EDGE ( 'NONE', *, *, #581, .F. ) ;
#538 = ORIENTED_EDGE ( 'NONE', *, *, #485, .T. ) ;
#539 = ORIENTED_EDGE ( 'NONE', *, *, #540, .T. ) ;
#540 = EDGE_CURVE ( 'NONE', #510, #551, #2967, .T. ) ;
#541 = ADVANCED_FACE ( 'NONE', ( #3045 ), #3027, .T. ) ;
#542 = EDGE_LOOP ( 'NONE', ( #543, #533, #536, #595, #996, #969, #1043, #1004, #1007, #892 ) ) ;
#543 = ORIENTED_EDGE ( 'NONE', *, *, #662, .T. ) ;
#544 = EDGE_LOOP ( 'NONE', ( #538, #481, #545, #557 ) ) ;
#545 = ORIENTED_EDGE ( 'NONE', *, *, #546, .T. ) ;
#546 = EDGE_CURVE ( 'NONE', #673, #486, #3184, .T. ) ;
#547 = VERTEX_POINT ( 'NONE', #3169 ) ;
#548 = ORIENTED_EDGE ( 'NONE', *, *, #527, .T. ) ;
#549 = EDGE_CURVE ( 'NONE', #499, #547, #3337, .T. ) ;
#550 = EDGE_CURVE ( 'NONE', #532, #486, #3219, .T. ) ;
#551 = VERTEX_POINT ( 'NONE', #3215 ) ;
#552 = VERTEX_POINT ( 'NONE', #3214 ) ;
#553 = ORIENTED_EDGE ( 'NONE', *, *, #554, .T. ) ;
#554 = EDGE_CURVE ( 'NONE', #483, #484, #3213, .T. ) ;
#555 = ADVANCED_FACE ( 'NONE', ( #3209 ), #3208, .T. ) ;
#556 = ORIENTED_EDGE ( 'NONE', *, *, #482, .T. ) ;
#557 = ORIENTED_EDGE ( 'NONE', *, *, #550, .F. ) ;
#558 = EDGE_CURVE ( 'NONE', #559, #535, #3206, .T. ) ;
#559 = VERTEX_POINT ( 'NONE', #3199 ) ;
#560 = VERTEX_POINT ( 'NONE', #3198 ) ;
#561 = ORIENTED_EDGE ( 'NONE', *, *, #728, .T. ) ;
#562 = ORIENTED_EDGE ( 'NONE', *, *, #748, .T. ) ;
#563 = VERTEX_POINT ( 'NONE', #3197 ) ;
#564 = ADVANCED_FACE ( 'NONE', ( #3196 ), #3174, .T. ) ;
#565 = EDGE_CURVE ( 'NONE', #223, #451, #3386, .T. ) ;
#566 = ORIENTED_EDGE ( 'NONE', *, *, #164, .F. ) ;
#567 = ORIENTED_EDGE ( 'NONE', *, *, #430, .T. ) ;
#568 = VERTEX_POINT ( 'NONE', #3380 ) ;
#569 = ORIENTED_EDGE ( 'NONE', *, *, #570, .F. ) ;
#570 = EDGE_CURVE ( 'NONE', #741, #738, #3379, .T. ) ;
#571 = ORIENTED_EDGE ( 'NONE', *, *, #463, .F. ) ;
#572 = ORIENTED_EDGE ( 'NONE', *, *, #573, .F. ) ;
#573 = EDGE_CURVE ( 'NONE', #456, #457, #3375, .T. ) ;
#574 = EDGE_CURVE ( 'NONE', #102, #107, #3371, .T. ) ;
#575 = ORIENTED_EDGE ( 'NONE', *, *, #104, .F. ) ;
#576 = VERTEX_POINT ( 'NONE', #3367 ) ;
#577 = ORIENTED_EDGE ( 'NONE', *, *, #348, .F. ) ;
#578 = ORIENTED_EDGE ( 'NONE', *, *, #292, .T. ) ;
#579 = EDGE_CURVE ( 'NONE', #234, #721, #3366, .T. ) ;
#580 = ORIENTED_EDGE ( 'NONE', *, *, #581, .T. ) ;
#581 = EDGE_CURVE ( 'NONE', #721, #582, #3306, .T. ) ;
#582 = VERTEX_POINT ( 'NONE', #3302 ) ;
#583 = ORIENTED_EDGE ( 'NONE', *, *, #584, .T. ) ;
#584 = EDGE_CURVE ( 'NONE', #450, #451, #3301, .T. ) ;
#585 = EDGE_CURVE ( 'NONE', #499, #586, #3297, .T. ) ;
#586 = VERTEX_POINT ( 'NONE', #3292 ) ;
#587 = ORIENTED_EDGE ( 'NONE', *, *, #588, .T. ) ;
#588 = EDGE_CURVE ( 'NONE', #299, #666, #3293, .T. ) ;
#589 = EDGE_LOOP ( 'NONE', ( #429, #422, #432, #442 ) ) ;
#590 = ORIENTED_EDGE ( 'NONE', *, *, #579, .F. ) ;
#591 = ORIENTED_EDGE ( 'NONE', *, *, #280, .T. ) ;
#592 = ORIENTED_EDGE ( 'NONE', *, *, #79, .F. ) ;
#593 = ADVANCED_FACE ( 'NONE', ( #3287 ), #3359, .T. ) ;
#594 = ORIENTED_EDGE ( 'NONE', *, *, #157, .T. ) ;
#595 = ORIENTED_EDGE ( 'NONE', *, *, #904, .F. ) ;
#596 = ADVANCED_FACE ( 'NONE', ( #3360 ), #3333, .F. ) ;
#597 = EDGE_LOOP ( 'NONE', ( #598, #616, #682, #644 ) ) ;
#598 = ORIENTED_EDGE ( 'NONE', *, *, #679, .T. ) ;
#599 = ORIENTED_EDGE ( 'NONE', *, *, #600, .T. ) ;
#600 = EDGE_CURVE ( 'NONE', #622, #652, #3328, .T. ) ;
#601 = VERTEX_POINT ( 'NONE', #3324 ) ;
#602 = ORIENTED_EDGE ( 'NONE', *, *, #603, .T. ) ;
#603 = EDGE_CURVE ( 'NONE', #601, #604, #3323, .T. ) ;
#604 = VERTEX_POINT ( 'NONE', #3318 ) ;
#605 = ORIENTED_EDGE ( 'NONE', *, *, #606, .T. ) ;
#606 = EDGE_CURVE ( 'NONE', #604, #638, #3317, .T. ) ;
#607 = EDGE_CURVE ( 'NONE', #675, #685, #3313, .T. ) ;
#608 = ORIENTED_EDGE ( 'NONE', *, *, #609, .T. ) ;
#609 = EDGE_CURVE ( 'NONE', #685, #666, #3309, .T. ) ;
#610 = ADVANCED_FACE ( 'NONE', ( #3268 ), #3267, .F. ) ;
#611 = EDGE_LOOP ( 'NONE', ( #512, #530, #513, #511 ) ) ;
#612 = ORIENTED_EDGE ( 'NONE', *, *, #439, .F. ) ;
#613 = ORIENTED_EDGE ( 'NONE', *, *, #650, .F. ) ;
#614 = ORIENTED_EDGE ( 'NONE', *, *, #600, .F. ) ;
#615 = VERTEX_POINT ( 'NONE', #3262 ) ;
#616 = ORIENTED_EDGE ( 'NONE', *, *, #681, .F. ) ;
#617 = EDGE_CURVE ( 'NONE', #647, #622, #3261, .T. ) ;
#618 = ORIENTED_EDGE ( 'NONE', *, *, #1763, .F. ) ;
#619 = ORIENTED_EDGE ( 'NONE', *, *, #620, .T. ) ;
#620 = EDGE_CURVE ( 'NONE', #622, #1764, #3257, .T. ) ;
#621 = ORIENTED_EDGE ( 'NONE', *, *, #617, .T. ) ;
#622 = VERTEX_POINT ( 'NONE', #3253 ) ;
#623 = EDGE_LOOP ( 'NONE', ( #636, #624, #649, #668 ) ) ;
#624 = ORIENTED_EDGE ( 'NONE', *, *, #637, .T. ) ;
#625 = ORIENTED_EDGE ( 'NONE', *, *, #275, .T. ) ;
#626 = ORIENTED_EDGE ( 'NONE', *, *, #627, .F. ) ;
#627 = EDGE_CURVE ( 'NONE', #628, #273, #3252, .T. ) ;
#628 = VERTEX_POINT ( 'NONE', #3245 ) ;
#629 = ORIENTED_EDGE ( 'NONE', *, *, #630, .F. ) ;
#630 = EDGE_CURVE ( 'NONE', #631, #628, #3244, .T. ) ;
#631 = VERTEX_POINT ( 'NONE', #3240 ) ;
#632 = ORIENTED_EDGE ( 'NONE', *, *, #633, .F. ) ;
#633 = EDGE_CURVE ( 'NONE', #691, #631, #3238, .T. ) ;
#634 = ORIENTED_EDGE ( 'NONE', *, *, #665, .F. ) ;
#635 = ADVANCED_FACE ( 'NONE', ( #3233 ), #3416, .F. ) ;
#636 = ORIENTED_EDGE ( 'NONE', *, *, #1751, .F. ) ;
#637 = EDGE_CURVE ( 'NONE', #1767, #647, #3479, .T. ) ;
#638 = VERTEX_POINT ( 'NONE', #3475 ) ;
#639 = ORIENTED_EDGE ( 'NONE', *, *, #640, .T. ) ;
#640 = EDGE_CURVE ( 'NONE', #638, #250, #3592, .T. ) ;
#641 = ORIENTED_EDGE ( 'NONE', *, *, #249, .T. ) ;
#642 = ADVANCED_FACE ( 'NONE', ( #3588 ), #3484, .F. ) ;
#643 = EDGE_LOOP ( 'NONE', ( #686, #687, #625, #626, #629, #632, #692, #694 ) ) ;
#644 = ORIENTED_EDGE ( 'NONE', *, *, #645, .T. ) ;
#645 = EDGE_CURVE ( 'NONE', #450, #680, #3555, .T. ) ;
#646 = EDGE_LOOP ( 'NONE', ( #688, #689, #690, #677, #602, #605, #639, #641 ) ) ;
#647 = VERTEX_POINT ( 'NONE', #3551 ) ;
#648 = ADVANCED_FACE ( 'NONE', ( #3550 ), #3531, .F. ) ;
#649 = ORIENTED_EDGE ( 'NONE', *, *, #650, .T. ) ;
#650 = EDGE_CURVE ( 'NONE', #647, #441, #3526, .T. ) ;
#651 = EDGE_LOOP ( 'NONE', ( #464, #461, #97, #114 ) ) ;
#652 = VERTEX_POINT ( 'NONE', #3522 ) ;
#653 = EDGE_CURVE ( 'NONE', #654, #441, #3521, .T. ) ;
#654 = VERTEX_POINT ( 'NONE', #3517 ) ;
#655 = ORIENTED_EDGE ( 'NONE', *, *, #656, .T. ) ;
#656 = EDGE_CURVE ( 'NONE', #421, #657, #3516, .T. ) ;
#657 = VERTEX_POINT ( 'NONE', #3512 ) ;
#658 = ORIENTED_EDGE ( 'NONE', *, *, #659, .T. ) ;
#659 = EDGE_CURVE ( 'NONE', #657, #660, #3511, .T. ) ;
#660 = VERTEX_POINT ( 'NONE', #3506 ) ;
#661 = ORIENTED_EDGE ( 'NONE', *, *, #662, .F. ) ;
#662 = EDGE_CURVE ( 'NONE', #426, #660, #3505, .T. ) ;
#663 = ORIENTED_EDGE ( 'NONE', *, *, #664, .T. ) ;
#664 = EDGE_CURVE ( 'NONE', #586, #231, #3495, .T. ) ;
#665 = EDGE_CURVE ( 'NONE', #441, #652, #3414, .T. ) ;
#666 = VERTEX_POINT ( 'NONE', #3410 ) ;
#667 = ADVANCED_FACE ( 'NONE', ( #3409 ), #3390, .T. ) ;
#668 = ORIENTED_EDGE ( 'NONE', *, *, #653, .F. ) ;
#669 = EDGE_LOOP ( 'NONE', ( #613, #621, #599, #634 ) ) ;
#670 = ORIENTED_EDGE ( 'NONE', *, *, #298, .T. ) ;
#671 = ORIENTED_EDGE ( 'NONE', *, *, #672, .F. ) ;
#672 = EDGE_CURVE ( 'NONE', #673, #296, #3445, .T. ) ;
#673 = VERTEX_POINT ( 'NONE', #3441 ) ;
#674 = ORIENTED_EDGE ( 'NONE', *, *, #683, .T. ) ;
#675 = VERTEX_POINT ( 'NONE', #3440 ) ;
#676 = EDGE_LOOP ( 'NONE', ( #614, #619, #618, #612 ) ) ;
#677 = ORIENTED_EDGE ( 'NONE', *, *, #678, .T. ) ;
#678 = EDGE_CURVE ( 'NONE', #615, #601, #3439, .T. ) ;
#679 = EDGE_CURVE ( 'NONE', #680, #615, #3435, .T. ) ;
#680 = VERTEX_POINT ( 'NONE', #3431 ) ;
#681 = EDGE_CURVE ( 'NONE', #451, #615, #3430, .T. ) ;
#682 = ORIENTED_EDGE ( 'NONE', *, *, #584, .F. ) ;
#683 = EDGE_CURVE ( 'NONE', #673, #675, #3426, .T. ) ;
#684 = ORIENTED_EDGE ( 'NONE', *, *, #607, .T. ) ;
#685 = VERTEX_POINT ( 'NONE', #3422 ) ;
#686 = ORIENTED_EDGE ( 'NONE', *, *, #430, .F. ) ;
#687 = ORIENTED_EDGE ( 'NONE', *, *, #122, .T. ) ;
#688 = ORIENTED_EDGE ( 'NONE', *, *, #132, .T. ) ;
#689 = ORIENTED_EDGE ( 'NONE', *, *, #565, .T. ) ;
#690 = ORIENTED_EDGE ( 'NONE', *, *, #681, .T. ) ;
#691 = VERTEX_POINT ( 'NONE', #3421 ) ;
#692 = ORIENTED_EDGE ( 'NONE', *, *, #693, .T. ) ;
#693 = EDGE_CURVE ( 'NONE', #691, #680, #3420, .T. ) ;
#694 = ORIENTED_EDGE ( 'NONE', *, *, #645, .F. ) ;
#695 = ADVANCED_FACE ( 'NONE', ( #3607 ), #3606, .F. ) ;
#696 = EDGE_LOOP ( 'NONE', ( #697, #670, #671, #674, #684, #608 ) ) ;
#697 = ORIENTED_EDGE ( 'NONE', *, *, #588, .F. ) ;
#698 = ORIENTED_EDGE ( 'NONE', *, *, #699, .T. ) ;
#699 = EDGE_CURVE ( 'NONE', #427, #428, #3601, .T. ) ;
#700 = ORIENTED_EDGE ( 'NONE', *, *, #701, .T. ) ;
#701 = EDGE_CURVE ( 'NONE', #428, #741, #3597, .T. ) ;
#702 = ORIENTED_EDGE ( 'NONE', *, *, #570, .T. ) ;
#703 = ORIENTED_EDGE ( 'NONE', *, *, #704, .T. ) ;
#704 = EDGE_CURVE ( 'NONE', #738, #421, #3580, .T. ) ;
#705 = ADVANCED_FACE ( 'NONE', ( #3575, #3574 ), #3556, .T. ) ;
#706 = EDGE_LOOP ( 'NONE', ( #707, #448, #462, #742 ) ) ;
#707 = ORIENTED_EDGE ( 'NONE', *, *, #573, .T. ) ;
#708 = EDGE_CURVE ( 'NONE', #96, #107, #3470, .T. ) ;
#709 = ORIENTED_EDGE ( 'NONE', *, *, #710, .T. ) ;
#710 = EDGE_CURVE ( 'NONE', #666, #499, #3466, .T. ) ;
#711 = ADVANCED_FACE ( 'NONE', ( #3461 ), #3772, .T. ) ;
#712 = EDGE_LOOP ( 'NONE', ( #713, #717, #437, #438 ) ) ;
#713 = ORIENTED_EDGE ( 'NONE', *, *, #714, .T. ) ;
#714 = EDGE_CURVE ( 'NONE', #715, #716, #3799, .T. ) ;
#715 = VERTEX_POINT ( 'NONE', #3627 ) ;
#716 = VERTEX_POINT ( 'NONE', #3626 ) ;
#717 = ORIENTED_EDGE ( 'NONE', *, *, #436, .T. ) ;
#718 = ORIENTED_EDGE ( 'NONE', *, *, #150, .T. ) ;
#719 = ORIENTED_EDGE ( 'NONE', *, *, #236, .T. ) ;
#720 = ORIENTED_EDGE ( 'NONE', *, *, #579, .T. ) ;
#721 = VERTEX_POINT ( 'NONE', #3625 ) ;
#722 = VERTEX_POINT ( 'NONE', #3624 ) ;
#723 = ORIENTED_EDGE ( 'NONE', *, *, #724, .T. ) ;
#724 = EDGE_CURVE ( 'NONE', #741, #568, #3723, .T. ) ;
#725 = VERTEX_POINT ( 'NONE', #3719 ) ;
#726 = ORIENTED_EDGE ( 'NONE', *, *, #727, .T. ) ;
#727 = EDGE_CURVE ( 'NONE', #576, #725, #3717, .T. ) ;
#728 = EDGE_CURVE ( 'NONE', #560, #305, #3718, .T. ) ;
#729 = ORIENTED_EDGE ( 'NONE', *, *, #304, .T. ) ;
#730 = ORIENTED_EDGE ( 'NONE', *, *, #241, .T. ) ;
#731 = ADVANCED_FACE ( 'NONE', ( #3708, #3707 ), #3794, .F. ) ;
#732 = EDGE_LOOP ( 'NONE', ( #583, #452, #566, #567 ) ) ;
#733 = ORIENTED_EDGE ( 'NONE', *, *, #734, .T. ) ;
#734 = EDGE_CURVE ( 'NONE', #568, #576, #3789, .T. ) ;
#735 = ORIENTED_EDGE ( 'NONE', *, *, #65, .F. ) ;
#736 = ORIENTED_EDGE ( 'NONE', *, *, #364, .F. ) ;
#737 = ORIENTED_EDGE ( 'NONE', *, *, #225, .T. ) ;
#738 = VERTEX_POINT ( 'NONE', #3785 ) ;
#739 = EDGE_CURVE ( 'NONE', #745, #563, #3784, .T. ) ;
#740 = ORIENTED_EDGE ( 'NONE', *, *, #739, .T. ) ;
#741 = VERTEX_POINT ( 'NONE', #3779 ) ;
#742 = ORIENTED_EDGE ( 'NONE', *, *, #743, .F. ) ;
#743 = EDGE_CURVE ( 'NONE', #456, #110, #3778, .T. ) ;
#744 = EDGE_LOOP ( 'NONE', ( #740, #562, #746, #569, #723, #733, #726, #453 ) ) ;
#745 = VERTEX_POINT ( 'NONE', #3774 ) ;
#746 = ORIENTED_EDGE ( 'NONE', *, *, #747, .T. ) ;
#747 = EDGE_CURVE ( 'NONE', #722, #738, #3771, .T. ) ;
#748 = EDGE_CURVE ( 'NONE', #563, #722, #3767, .T. ) ;
#749 = ORIENTED_EDGE ( 'NONE', *, *, #255, .T. ) ;
#750 = ORIENTED_EDGE ( 'NONE', *, *, #751, .T. ) ;
#751 = EDGE_CURVE ( 'NONE', #582, #560, #3762, .T. ) ;
#752 = ADVANCED_FACE ( 'NONE', ( #3758 ), #3740, .T. ) ;
#753 = ORIENTED_EDGE ( 'NONE', *, *, #904, .T. ) ;
#754 = ORIENTED_EDGE ( 'NONE', *, *, #755, .F. ) ;
#755 = EDGE_CURVE ( 'NONE', #756, #559, #3735, .T. ) ;
#756 = VERTEX_POINT ( 'NONE', #3731 ) ;
#757 = ORIENTED_EDGE ( 'NONE', *, *, #758, .F. ) ;
#758 = EDGE_CURVE ( 'NONE', #1159, #756, #3729, .T. ) ;
#759 = ORIENTED_EDGE ( 'NONE', *, *, #1163, .T. ) ;
#760 = ADVANCED_FACE ( 'NONE', ( #3730 ), #3690, .T. ) ;
#761 = EDGE_CURVE ( 'NONE', #994, #932, #3685, .T. ) ;
#762 = ORIENTED_EDGE ( 'NONE', *, *, #993, .T. ) ;
#763 = EDGE_LOOP ( 'NONE', ( #764, #765, #766, #768 ) ) ;
#764 = ORIENTED_EDGE ( 'NONE', *, *, #558, .T. ) ;
#765 = ORIENTED_EDGE ( 'NONE', *, *, #983, .T. ) ;
#766 = ORIENTED_EDGE ( 'NONE', *, *, #767, .F. ) ;
#767 = EDGE_CURVE ( 'NONE', #756, #981, #3681, .T. ) ;
#768 = ORIENTED_EDGE ( 'NONE', *, *, #755, .T. ) ;
#769 = ADVANCED_FACE ( 'NONE', ( #3676 ), #3658, .T. ) ;
#770 = EDGE_LOOP ( 'NONE', ( #771, #772, #773, #816, #818 ) ) ;
#771 = ORIENTED_EDGE ( 'NONE', *, *, #1074, .T. ) ;
#772 = ORIENTED_EDGE ( 'NONE', *, *, #1735, .F. ) ;
#773 = ORIENTED_EDGE ( 'NONE', *, *, #727, .F. ) ;
#774 = VERTEX_POINT ( 'NONE', #3638 ) ;
#775 = ORIENTED_EDGE ( 'NONE', *, *, #1005, .T. ) ;
#776 = ORIENTED_EDGE ( 'NONE', *, *, #777, .F. ) ;
#777 = EDGE_CURVE ( 'NONE', #778, #1003, #3635, .T. ) ;
#778 = VERTEX_POINT ( 'NONE', #3631 ) ;
#779 = ORIENTED_EDGE ( 'NONE', *, *, #780, .F. ) ;
#780 = EDGE_CURVE ( 'NONE', #933, #778, #3622, .T. ) ;
#781 = ORIENTED_EDGE ( 'NONE', *, *, #789, .T. ) ;
#782 = ADVANCED_FACE ( 'NONE', ( #3623 ), #3920, .T. ) ;
#783 = EDGE_LOOP ( 'NONE', ( #784, #785, #791, #793 ) ) ;
#784 = ORIENTED_EDGE ( 'NONE', *, *, #1002, .T. ) ;
#785 = ORIENTED_EDGE ( 'NONE', *, *, #786, .F. ) ;
#786 = EDGE_CURVE ( 'NONE', #787, #970, #3811, .T. ) ;
#787 = VERTEX_POINT ( 'NONE', #3805 ) ;
#788 = ORIENTED_EDGE ( 'NONE', *, *, #789, .F. ) ;
#789 = EDGE_CURVE ( 'NONE', #933, #1006, #3919, .T. ) ;
#790 = EDGE_LOOP ( 'NONE', ( #775, #776, #779, #781 ) ) ;
#791 = ORIENTED_EDGE ( 'NONE', *, *, #792, .F. ) ;
#792 = EDGE_CURVE ( 'NONE', #778, #787, #3914, .T. ) ;
#793 = ORIENTED_EDGE ( 'NONE', *, *, #777, .T. ) ;
#794 = ADVANCED_FACE ( 'NONE', ( #3906 ), #3836, .T. ) ;
#795 = EDGE_LOOP ( 'NONE', ( #796, #797, #798, #801 ) ) ;
#796 = ORIENTED_EDGE ( 'NONE', *, *, #786, .T. ) ;
#797 = ORIENTED_EDGE ( 'NONE', *, *, #998, .T. ) ;
#798 = ORIENTED_EDGE ( 'NONE', *, *, #799, .F. ) ;
#799 = EDGE_CURVE ( 'NONE', #800, #997, #3831, .T. ) ;
#800 = VERTEX_POINT ( 'NONE', #3827 ) ;
#801 = ORIENTED_EDGE ( 'NONE', *, *, #1233, .F. ) ;
#802 = EDGE_LOOP ( 'NONE', ( #1157, #1160, #1161, #1162 ) ) ;
#803 = ORIENTED_EDGE ( 'NONE', *, *, #425, .F. ) ;
#804 = ORIENTED_EDGE ( 'NONE', *, *, #893, .F. ) ;
#805 = ORIENTED_EDGE ( 'NONE', *, *, #761, .T. ) ;
#806 = ORIENTED_EDGE ( 'NONE', *, *, #807, .F. ) ;
#807 = EDGE_CURVE ( 'NONE', #808, #932, #3826, .T. ) ;
#808 = VERTEX_POINT ( 'NONE', #3822 ) ;
#809 = ORIENTED_EDGE ( 'NONE', *, *, #810, .T. ) ;
#810 = EDGE_CURVE ( 'NONE', #808, #811, #3821, .T. ) ;
#811 = VERTEX_POINT ( 'NONE', #3817 ) ;
#812 = ORIENTED_EDGE ( 'NONE', *, *, #813, .T. ) ;
#813 = EDGE_CURVE ( 'NONE', #811, #902, #3815, .T. ) ;
#814 = ADVANCED_FACE ( 'NONE', ( #3902 ), #3884, .F. ) ;
#815 = EDGE_LOOP ( 'NONE', ( #829, #830, #832, #833 ) ) ;
#816 = ORIENTED_EDGE ( 'NONE', *, *, #817, .T. ) ;
#817 = EDGE_CURVE ( 'NONE', #576, #774, #3883, .T. ) ;
#818 = ORIENTED_EDGE ( 'NONE', *, *, #819, .F. ) ;
#819 = EDGE_CURVE ( 'NONE', #884, #774, #3861, .T. ) ;
#820 = ADVANCED_FACE ( 'NONE', ( #3857 ), #4130, .T. ) ;
#821 = EDGE_LOOP ( 'NONE', ( #822, #823, #824, #827, #803, #804, #805, #806, #809, #812 ) ) ;
#822 = ORIENTED_EDGE ( 'NONE', *, *, #886, .T. ) ;
#823 = ORIENTED_EDGE ( 'NONE', *, *, #819, .T. ) ;
#824 = ORIENTED_EDGE ( 'NONE', *, *, #825, .T. ) ;
#825 = EDGE_CURVE ( 'NONE', #774, #826, #4125, .T. ) ;
#826 = VERTEX_POINT ( 'NONE', #4121 ) ;
#827 = ORIENTED_EDGE ( 'NONE', *, *, #828, .F. ) ;
#828 = EDGE_CURVE ( 'NONE', #427, #826, #4068, .T. ) ;
#829 = ORIENTED_EDGE ( 'NONE', *, *, #813, .F. ) ;
#830 = ORIENTED_EDGE ( 'NONE', *, *, #831, .T. ) ;
#831 = EDGE_CURVE ( 'NONE', #811, #1037, #4063, .T. ) ;
#832 = ORIENTED_EDGE ( 'NONE', *, *, #1036, .F. ) ;
#833 = ORIENTED_EDGE ( 'NONE', *, *, #901, .F. ) ;
#834 = ADVANCED_FACE ( 'NONE', ( #4059 ), #4041, .T. ) ;
#835 = EDGE_LOOP ( 'NONE', ( #836, #839, #1382, #1389, #1230 ) ) ;
#836 = ORIENTED_EDGE ( 'NONE', *, *, #837, .F. ) ;
#837 = EDGE_CURVE ( 'NONE', #838, #908, #4138, .T. ) ;
#838 = VERTEX_POINT ( 'NONE', #4134 ) ;
#839 = ORIENTED_EDGE ( 'NONE', *, *, #840, .F. ) ;
#840 = EDGE_CURVE ( 'NONE', #841, #838, #3986, .T. ) ;
#841 = VERTEX_POINT ( 'NONE', #3982 ) ;
#842 = EDGE_CURVE ( 'NONE', #843, #1011, #3981, .T. ) ;
#843 = VERTEX_POINT ( 'NONE', #3977 ) ;
#844 = ORIENTED_EDGE ( 'NONE', *, *, #845, .F. ) ;
#845 = EDGE_CURVE ( 'NONE', #858, #843, #3976, .T. ) ;
#846 = EDGE_CURVE ( 'NONE', #847, #858, #3972, .T. ) ;
#847 = VERTEX_POINT ( 'NONE', #3968 ) ;
#848 = ORIENTED_EDGE ( 'NONE', *, *, #849, .F. ) ;
#849 = EDGE_CURVE ( 'NONE', #918, #947, #3967, .T. ) ;
#850 = ORIENTED_EDGE ( 'NONE', *, *, #917, .F. ) ;
#851 = ORIENTED_EDGE ( 'NONE', *, *, #554, .F. ) ;
#852 = ADVANCED_FACE ( 'NONE', ( #3963 ), #3962, .F. ) ;
#853 = EDGE_LOOP ( 'NONE', ( #854, #883, #870, #871 ) ) ;
#854 = ORIENTED_EDGE ( 'NONE', *, *, #882, .F. ) ;
#855 = VERTEX_POINT ( 'NONE', #3960 ) ;
#856 = EDGE_CURVE ( 'NONE', #913, #952, #4014, .T. ) ;
#857 = EDGE_LOOP ( 'NONE', ( #950, #937, #1008, #881, #948, #911 ) ) ;
#858 = VERTEX_POINT ( 'NONE', #4015 ) ;
#859 = ORIENTED_EDGE ( 'NONE', *, *, #846, .F. ) ;
#860 = ORIENTED_EDGE ( 'NONE', *, *, #935, .F. ) ;
#861 = ADVANCED_FACE ( 'NONE', ( #4009 ), #4008, .F. ) ;
#862 = EDGE_LOOP ( 'NONE', ( #863, #919, #915, #942 ) ) ;
#863 = ORIENTED_EDGE ( 'NONE', *, *, #917, .T. ) ;
#864 = ORIENTED_EDGE ( 'NONE', *, *, #865, .F. ) ;
#865 = EDGE_CURVE ( 'NONE', #869, #847, #4003, .T. ) ;
#866 = ORIENTED_EDGE ( 'NONE', *, *, #874, .F. ) ;
#867 = ORIENTED_EDGE ( 'NONE', *, *, #873, .F. ) ;
#868 = ORIENTED_EDGE ( 'NONE', *, *, #874, .T. ) ;
#869 = VERTEX_POINT ( 'NONE', #3999 ) ;
#870 = ORIENTED_EDGE ( 'NONE', *, *, #946, .F. ) ;
#871 = ORIENTED_EDGE ( 'NONE', *, *, #482, .F. ) ;
#872 = ADVANCED_FACE ( 'NONE', ( #3998 ), #4113, .T. ) ;
#873 = EDGE_CURVE ( 'NONE', #470, #913, #4112, .T. ) ;
#874 = EDGE_CURVE ( 'NONE', #928, #869, #4103, .T. ) ;
#875 = ORIENTED_EDGE ( 'NONE', *, *, #876, .F. ) ;
#876 = EDGE_CURVE ( 'NONE', #486, #869, #4099, .T. ) ;
#877 = ADVANCED_FACE ( 'NONE', ( #4095 ), #4094, .F. ) ;
#878 = EDGE_LOOP ( 'NONE', ( #951, #949, #953, #926, #923, #868, #875 ) ) ;
#879 = VERTEX_POINT ( 'NONE', #4089 ) ;
#880 = ADVANCED_FACE ( 'NONE', ( #4088 ), #4087, .F. ) ;
#881 = ORIENTED_EDGE ( 'NONE', *, *, #607, .F. ) ;
#882 = EDGE_CURVE ( 'NONE', #855, #551, #4082, .T. ) ;
#883 = ORIENTED_EDGE ( 'NONE', *, *, #910, .F. ) ;
#884 = VERTEX_POINT ( 'NONE', #4078 ) ;
#885 = ORIENTED_EDGE ( 'NONE', *, *, #886, .F. ) ;
#886 = EDGE_CURVE ( 'NONE', #902, #884, #4077, .T. ) ;
#887 = EDGE_LOOP ( 'NONE', ( #906, #954, #957, #960 ) ) ;
#888 = ORIENTED_EDGE ( 'NONE', *, *, #889, .F. ) ;
#889 = EDGE_CURVE ( 'NONE', #890, #903, #4073, .T. ) ;
#890 = VERTEX_POINT ( 'NONE', #4069 ) ;
#891 = ORIENTED_EDGE ( 'NONE', *, *, #1071, .F. ) ;
#892 = ORIENTED_EDGE ( 'NONE', *, *, #893, .T. ) ;
#893 = EDGE_CURVE ( 'NONE', #994, #426, #4039, .T. ) ;
#894 = ADVANCED_FACE ( 'NONE', ( #4035, #4034 ), #4016, .F. ) ;
#895 = ORIENTED_EDGE ( 'NONE', *, *, #1802, .F. ) ;
#896 = ORIENTED_EDGE ( 'NONE', *, *, #1738, .F. ) ;
#897 = ORIENTED_EDGE ( 'NONE', *, *, #1772, .F. ) ;
#898 = ORIENTED_EDGE ( 'NONE', *, *, #1783, .F. ) ;
#899 = EDGE_LOOP ( 'NONE', ( #900, #888, #891, #1072, #1073, #885 ) ) ;
#900 = ORIENTED_EDGE ( 'NONE', *, *, #901, .T. ) ;
#901 = EDGE_CURVE ( 'NONE', #902, #903, #3952, .T. ) ;
#902 = VERTEX_POINT ( 'NONE', #3948 ) ;
#903 = VERTEX_POINT ( 'NONE', #3947 ) ;
#904 = EDGE_CURVE ( 'NONE', #971, #559, #3945, .T. ) ;
#905 = ADVANCED_FACE ( 'NONE', ( #3940 ), #4257, .T. ) ;
#906 = ORIENTED_EDGE ( 'NONE', *, *, #907, .F. ) ;
#907 = EDGE_CURVE ( 'NONE', #908, #909, #4252, .T. ) ;
#908 = VERTEX_POINT ( 'NONE', #4248 ) ;
#909 = VERTEX_POINT ( 'NONE', #4247 ) ;
#910 = EDGE_CURVE ( 'NONE', #947, #855, #4246, .T. ) ;
#911 = ORIENTED_EDGE ( 'NONE', *, *, #936, .F. ) ;
#912 = ORIENTED_EDGE ( 'NONE', *, *, #469, .F. ) ;
#913 = VERTEX_POINT ( 'NONE', #4242 ) ;
#914 = ORIENTED_EDGE ( 'NONE', *, *, #527, .F. ) ;
#915 = ORIENTED_EDGE ( 'NONE', *, *, #916, .F. ) ;
#916 = EDGE_CURVE ( 'NONE', #480, #921, #4241, .T. ) ;
#917 = EDGE_CURVE ( 'NONE', #484, #918, #4237, .T. ) ;
#918 = VERTEX_POINT ( 'NONE', #4233 ) ;
#919 = ORIENTED_EDGE ( 'NONE', *, *, #920, .F. ) ;
#920 = EDGE_CURVE ( 'NONE', #921, #918, #4232, .T. ) ;
#921 = VERTEX_POINT ( 'NONE', #4378 ) ;
#922 = EDGE_CURVE ( 'NONE', #940, #879, #4377, .T. ) ;
#923 = ORIENTED_EDGE ( 'NONE', *, *, #927, .F. ) ;
#924 = ADVANCED_FACE ( 'NONE', ( #4373 ), #4372, .F. ) ;
#925 = EDGE_LOOP ( 'NONE', ( #1009, #941, #844, #859, #864, #866 ) ) ;
#926 = ORIENTED_EDGE ( 'NONE', *, *, #922, .F. ) ;
#927 = EDGE_CURVE ( 'NONE', #928, #940, #4367, .T. ) ;
#928 = VERTEX_POINT ( 'NONE', #4363 ) ;
#929 = EDGE_LOOP ( 'NONE', ( #930, #934, #762, #788 ) ) ;
#930 = ORIENTED_EDGE ( 'NONE', *, *, #931, .F. ) ;
#931 = EDGE_CURVE ( 'NONE', #932, #933, #4362, .T. ) ;
#932 = VERTEX_POINT ( 'NONE', #4358 ) ;
#933 = VERTEX_POINT ( 'NONE', #4357 ) ;
#934 = ORIENTED_EDGE ( 'NONE', *, *, #761, .F. ) ;
#935 = EDGE_CURVE ( 'NONE', #952, #1049, #4356, .T. ) ;
#936 = EDGE_CURVE ( 'NONE', #21, #532, #4351, .T. ) ;
#937 = ORIENTED_EDGE ( 'NONE', *, *, #502, .F. ) ;
#938 = ORIENTED_EDGE ( 'NONE', *, *, #856, .F. ) ;
#939 = EDGE_CURVE ( 'NONE', #879, #296, #4315, .T. ) ;
#940 = VERTEX_POINT ( 'NONE', #4311 ) ;
#941 = ORIENTED_EDGE ( 'NONE', *, *, #842, .F. ) ;
#942 = ORIENTED_EDGE ( 'NONE', *, *, #479, .F. ) ;
#943 = ADVANCED_FACE ( 'NONE', ( #4310 ), #4309, .F. ) ;
#944 = EDGE_LOOP ( 'NONE', ( #945, #848, #850, #851 ) ) ;
#945 = ORIENTED_EDGE ( 'NONE', *, *, #946, .T. ) ;
#946 = EDGE_CURVE ( 'NONE', #483, #947, #4304, .T. ) ;
#947 = VERTEX_POINT ( 'NONE', #4300 ) ;
#948 = ORIENTED_EDGE ( 'NONE', *, *, #485, .F. ) ;
#949 = ORIENTED_EDGE ( 'NONE', *, *, #672, .T. ) ;
#950 = ORIENTED_EDGE ( 'NONE', *, *, #13, .F. ) ;
#951 = ORIENTED_EDGE ( 'NONE', *, *, #546, .F. ) ;
#952 = VERTEX_POINT ( 'NONE', #4299 ) ;
#953 = ORIENTED_EDGE ( 'NONE', *, *, #939, .F. ) ;
#954 = ORIENTED_EDGE ( 'NONE', *, *, #955, .F. ) ;
#955 = EDGE_CURVE ( 'NONE', #956, #908, #4298, .T. ) ;
#956 = VERTEX_POINT ( 'NONE', #4294 ) ;
#957 = ORIENTED_EDGE ( 'NONE', *, *, #958, .T. ) ;
#958 = EDGE_CURVE ( 'NONE', #956, #959, #4293, .T. ) ;
#959 = VERTEX_POINT ( 'NONE', #4289 ) ;
#960 = ORIENTED_EDGE ( 'NONE', *, *, #961, .F. ) ;
#961 = EDGE_CURVE ( 'NONE', #909, #959, #4287, .T. ) ;
#962 = ADVANCED_FACE ( 'NONE', ( #4283 ), #4265, .T. ) ;
#963 = EDGE_LOOP ( 'NONE', ( #964, #965, #972, #974, #975 ) ) ;
#964 = ORIENTED_EDGE ( 'NONE', *, *, #1071, .T. ) ;
#965 = ORIENTED_EDGE ( 'NONE', *, *, #966, .F. ) ;
#966 = EDGE_CURVE ( 'NONE', #967, #890, #4260, .T. ) ;
#967 = VERTEX_POINT ( 'NONE', #4229 ) ;
#968 = EDGE_CURVE ( 'NONE', #997, #971, #4228, .T. ) ;
#969 = ORIENTED_EDGE ( 'NONE', *, *, #998, .F. ) ;
#970 = VERTEX_POINT ( 'NONE', #4224 ) ;
#971 = VERTEX_POINT ( 'NONE', #4223 ) ;
#972 = ORIENTED_EDGE ( 'NONE', *, *, #973, .T. ) ;
#973 = EDGE_CURVE ( 'NONE', #967, #563, #4221, .T. ) ;
#974 = ORIENTED_EDGE ( 'NONE', *, *, #739, .F. ) ;
#975 = ORIENTED_EDGE ( 'NONE', *, *, #436, .F. ) ;
#976 = ADVANCED_FACE ( 'NONE', ( #4216 ), #4166, .T. ) ;
#977 = EDGE_LOOP ( 'NONE', ( #978, #982, #984, #985, #986, #989, #991, #992, #1035, #1038 ) ) ;
#978 = ORIENTED_EDGE ( 'NONE', *, *, #979, .T. ) ;
#979 = EDGE_CURVE ( 'NONE', #980, #981, #4161, .T. ) ;
#980 = VERTEX_POINT ( 'NONE', #4157 ) ;
#981 = VERTEX_POINT ( 'NONE', #4156 ) ;
#982 = ORIENTED_EDGE ( 'NONE', *, *, #983, .F. ) ;
#983 = EDGE_CURVE ( 'NONE', #535, #981, #4155, .T. ) ;
#984 = ORIENTED_EDGE ( 'NONE', *, *, #534, .T. ) ;
#985 = ORIENTED_EDGE ( 'NONE', *, *, #659, .F. ) ;
#986 = ORIENTED_EDGE ( 'NONE', *, *, #987, .T. ) ;
#987 = EDGE_CURVE ( 'NONE', #657, #988, #4151, .T. ) ;
#988 = VERTEX_POINT ( 'NONE', #4147 ) ;
#989 = ORIENTED_EDGE ( 'NONE', *, *, #990, .T. ) ;
#990 = EDGE_CURVE ( 'NONE', #988, #967, #4146, .T. ) ;
#991 = ORIENTED_EDGE ( 'NONE', *, *, #966, .T. ) ;
#992 = ORIENTED_EDGE ( 'NONE', *, *, #889, .T. ) ;
#993 = EDGE_CURVE ( 'NONE', #994, #1006, #4350, .T. ) ;
#994 = VERTEX_POINT ( 'NONE', #4346 ) ;
#995 = EDGE_LOOP ( 'NONE', ( #895, #896, #897, #898 ) ) ;
#996 = ORIENTED_EDGE ( 'NONE', *, *, #968, .F. ) ;
#997 = VERTEX_POINT ( 'NONE', #4345 ) ;
#998 = EDGE_CURVE ( 'NONE', #970, #997, #4344, .T. ) ;
#999 = ORIENTED_EDGE ( 'NONE', *, *, #1804, .F. ) ;
#1000 = ORIENTED_EDGE ( 'NONE', *, *, #1792, .F. ) ;
#1001 = ORIENTED_EDGE ( 'NONE', *, *, #529, .F. ) ;
#1002 = EDGE_CURVE ( 'NONE', #1003, #970, #4340, .T. ) ;
#1003 = VERTEX_POINT ( 'NONE', #4336 ) ;
#1004 = ORIENTED_EDGE ( 'NONE', *, *, #1005, .F. ) ;
#1005 = EDGE_CURVE ( 'NONE', #1006, #1003, #4335, .T. ) ;
#1006 = VERTEX_POINT ( 'NONE', #4330 ) ;
#1007 = ORIENTED_EDGE ( 'NONE', *, *, #993, .F. ) ;
#1008 = ORIENTED_EDGE ( 'NONE', *, *, #531, .F. ) ;
#1009 = ORIENTED_EDGE ( 'NONE', *, *, #1010, .F. ) ;
#1010 = EDGE_CURVE ( 'NONE', #1011, #928, #4329, .T. ) ;
#1011 = VERTEX_POINT ( 'NONE', #4325 ) ;
#1012 = VERTEX_POINT ( 'NONE', #4324 ) ;
#1013 = EDGE_CURVE ( 'NONE', #1059, #1030, #4323, .T. ) ;
#1014 = VERTEX_POINT ( 'NONE', #4319 ) ;
#1015 = ORIENTED_EDGE ( 'NONE', *, *, #476, .F. ) ;
#1016 = ORIENTED_EDGE ( 'NONE', *, *, #1065, .F. ) ;
#1017 = VERTEX_POINT ( 'NONE', #4199 ) ;
#1018 = ORIENTED_EDGE ( 'NONE', *, *, #1054, .F. ) ;
#1019 = ORIENTED_EDGE ( 'NONE', *, *, #1063, .F. ) ;
#1020 = VERTEX_POINT ( 'NONE', #4198 ) ;
#1021 = ORIENTED_EDGE ( 'NONE', *, *, #617, .F. ) ;
#1022 = ORIENTED_EDGE ( 'NONE', *, *, #637, .F. ) ;
#1023 = ORIENTED_EDGE ( 'NONE', *, *, #1766, .F. ) ;
#1024 = ORIENTED_EDGE ( 'NONE', *, *, #620, .F. ) ;
#1025 = ORIENTED_EDGE ( 'NONE', *, *, #679, .F. ) ;
#1026 = ORIENTED_EDGE ( 'NONE', *, *, #693, .F. ) ;
#1027 = EDGE_LOOP ( 'NONE', ( #1021, #1022, #1023, #1024 ) ) ;
#1028 = EDGE_LOOP ( 'NONE', ( #1015, #1016, #1055, #1031, #1064, #1067, #1068 ) ) ;
#1029 = ORIENTED_EDGE ( 'NONE', *, *, #1053, .F. ) ;
#1030 = VERTEX_POINT ( 'NONE', #4197 ) ;
#1031 = ORIENTED_EDGE ( 'NONE', *, *, #1060, .F. ) ;
#1032 = ORIENTED_EDGE ( 'NONE', *, *, #1033, .F. ) ;
#1033 = EDGE_CURVE ( 'NONE', #601, #691, #4196, .T. ) ;
#1034 = ORIENTED_EDGE ( 'NONE', *, *, #678, .F. ) ;
#1035 = ORIENTED_EDGE ( 'NONE', *, *, #1036, .T. ) ;
#1036 = EDGE_CURVE ( 'NONE', #903, #1037, #4192, .T. ) ;
#1037 = VERTEX_POINT ( 'NONE', #4188 ) ;
#1038 = ORIENTED_EDGE ( 'NONE', *, *, #1039, .T. ) ;
#1039 = EDGE_CURVE ( 'NONE', #1037, #980, #4187, .T. ) ;
#1040 = ADVANCED_FACE ( 'NONE', ( #4183 ), #4182, .F. ) ;
#1041 = EDGE_LOOP ( 'NONE', ( #1042, #999, #1000, #1001, #468, #471 ) ) ;
#1042 = ORIENTED_EDGE ( 'NONE', *, *, #1756, .F. ) ;
#1043 = ORIENTED_EDGE ( 'NONE', *, *, #1002, .F. ) ;
#1044 = ADVANCED_FACE ( 'NONE', ( #4176 ), #4180, .F. ) ;
#1045 = ADVANCED_FACE ( 'NONE', ( #4170 ), #4399, .F. ) ;
#1046 = EDGE_LOOP ( 'NONE', ( #1047, #1048, #1050, #860, #938, #867, #912, #914 ) ) ;
#1047 = ORIENTED_EDGE ( 'NONE', *, *, #39, .F. ) ;
#1048 = ORIENTED_EDGE ( 'NONE', *, *, #506, .F. ) ;
#1049 = VERTEX_POINT ( 'NONE', #4400 ) ;
#1050 = ORIENTED_EDGE ( 'NONE', *, *, #1051, .T. ) ;
#1051 = EDGE_CURVE ( 'NONE', #526, #1049, #4427, .T. ) ;
#1052 = EDGE_CURVE ( 'NONE', #1572, #1439, #4405, .T. ) ;
#1053 = EDGE_CURVE ( 'NONE', #1030, #1014, #4401, .T. ) ;
#1054 = EDGE_CURVE ( 'NONE', #477, #1059, #4599, .T. ) ;
#1055 = ORIENTED_EDGE ( 'NONE', *, *, #1056, .F. ) ;
#1056 = EDGE_CURVE ( 'NONE', #1057, #1017, #4595, .T. ) ;
#1057 = VERTEX_POINT ( 'NONE', #4591 ) ;
#1058 = ORIENTED_EDGE ( 'NONE', *, *, #1013, .F. ) ;
#1059 = VERTEX_POINT ( 'NONE', #4590 ) ;
#1060 = EDGE_CURVE ( 'NONE', #306, #1057, #4588, .T. ) ;
#1061 = ADVANCED_FACE ( 'NONE', ( #4584, #4583 ), #4544, .F. ) ;
#1062 = EDGE_LOOP ( 'NONE', ( #1032, #1034, #1025, #1026 ) ) ;
#1063 = EDGE_CURVE ( 'NONE', #1012, #1020, #4539, .T. ) ;
#1064 = ORIENTED_EDGE ( 'NONE', *, *, #1809, .T. ) ;
#1065 = EDGE_CURVE ( 'NONE', #1017, #477, #4535, .T. ) ;
#1066 = EDGE_CURVE ( 'NONE', #1014, #1012, #4531, .T. ) ;
#1067 = ORIENTED_EDGE ( 'NONE', *, *, #1924, .F. ) ;
#1068 = ORIENTED_EDGE ( 'NONE', *, *, #1069, .F. ) ;
#1069 = EDGE_CURVE ( 'NONE', #1020, #1925, #4527, .T. ) ;
#1070 = ORIENTED_EDGE ( 'NONE', *, *, #1066, .F. ) ;
#1071 = EDGE_CURVE ( 'NONE', #716, #890, #4495, .T. ) ;
#1072 = ORIENTED_EDGE ( 'NONE', *, *, #714, .F. ) ;
#1073 = ORIENTED_EDGE ( 'NONE', *, *, #1074, .F. ) ;
#1074 = EDGE_CURVE ( 'NONE', #884, #715, #4490, .T. ) ;
#1075 = ORIENTED_EDGE ( 'NONE', *, *, #1076, .F. ) ;
#1076 = EDGE_CURVE ( 'NONE', #1077, #1400, #4485, .T. ) ;
#1077 = VERTEX_POINT ( 'NONE', #4481 ) ;
#1078 = ORIENTED_EDGE ( 'NONE', *, *, #1079, .F. ) ;
#1079 = EDGE_CURVE ( 'NONE', #838, #1077, #4479, .T. ) ;
#1080 = EDGE_LOOP ( 'NONE', ( #1232, #1104, #1105, #1108 ) ) ;
#1081 = ADVANCED_FACE ( 'NONE', ( #4475 ), #4416, .T. ) ;
#1082 = ORIENTED_EDGE ( 'NONE', *, *, #1083, .F. ) ;
#1083 = EDGE_CURVE ( 'NONE', #1226, #1084, #4411, .T. ) ;
#1084 = VERTEX_POINT ( 'NONE', #4406 ) ;
#1085 = ORIENTED_EDGE ( 'NONE', *, *, #1225, .T. ) ;
#1086 = ORIENTED_EDGE ( 'NONE', *, *, #1087, .T. ) ;
#1087 = EDGE_CURVE ( 'NONE', #1223, #1088, #4407, .T. ) ;
#1088 = VERTEX_POINT ( 'NONE', #4395 ) ;
#1089 = ORIENTED_EDGE ( 'NONE', *, *, #1383, .F. ) ;
#1090 = EDGE_LOOP ( 'NONE', ( #1385, #1388, #1392 ) ) ;
#1091 = ORIENTED_EDGE ( 'NONE', *, *, #837, .T. ) ;
#1092 = ORIENTED_EDGE ( 'NONE', *, *, #907, .T. ) ;
#1093 = ORIENTED_EDGE ( 'NONE', *, *, #1228, .T. ) ;
#1094 = ADVANCED_FACE ( 'NONE', ( #4394 ), #4517, .T. ) ;
#1095 = EDGE_LOOP ( 'NONE', ( #1096, #1099, #1100 ) ) ;
#1096 = ORIENTED_EDGE ( 'NONE', *, *, #1097, .F. ) ;
#1097 = EDGE_CURVE ( 'NONE', #1077, #1098, #4512, .T. ) ;
#1098 = VERTEX_POINT ( 'NONE', #4508 ) ;
#1099 = ORIENTED_EDGE ( 'NONE', *, *, #1076, .T. ) ;
#1100 = ORIENTED_EDGE ( 'NONE', *, *, #1101, .T. ) ;
#1101 = EDGE_CURVE ( 'NONE', #1400, #1098, #4506, .T. ) ;
#1102 = ADVANCED_FACE ( 'NONE', ( #4502 ), #4558, .T. ) ;
#1103 = EDGE_LOOP ( 'NONE', ( #1115, #1194, #1195, #1197 ) ) ;
#1104 = ORIENTED_EDGE ( 'NONE', *, *, #1390, .F. ) ;
#1105 = ORIENTED_EDGE ( 'NONE', *, *, #1106, .T. ) ;
#1106 = EDGE_CURVE ( 'NONE', #1391, #1107, #4553, .T. ) ;
#1107 = VERTEX_POINT ( 'NONE', #4549 ) ;
#1108 = ORIENTED_EDGE ( 'NONE', *, *, #1109, .F. ) ;
#1109 = EDGE_CURVE ( 'NONE', #959, #1107, #4460, .T. ) ;
#1110 = ORIENTED_EDGE ( 'NONE', *, *, #748, .F. ) ;
#1111 = ORIENTED_EDGE ( 'NONE', *, *, #1112, .T. ) ;
#1112 = EDGE_CURVE ( 'NONE', #563, #1113, #4456, .T. ) ;
#1113 = VERTEX_POINT ( 'NONE', #4452 ) ;
#1114 = EDGE_CURVE ( 'NONE', #841, #1391, #4451, .T. ) ;
#1115 = ORIENTED_EDGE ( 'NONE', *, *, #1079, .T. ) ;
#1116 = ORIENTED_EDGE ( 'NONE', *, *, #1207, .F. ) ;
#1117 = ORIENTED_EDGE ( 'NONE', *, *, #1214, .F. ) ;
#1118 = ADVANCED_FACE ( 'NONE', ( #4447 ), #4446, .F. ) ;
#1119 = EDGE_LOOP ( 'NONE', ( #1120, #1121, #1123, #1124, #1125, #1126, #1127, #1128 ) ) ;
#1120 = ORIENTED_EDGE ( 'NONE', *, *, #1441, .F. ) ;
#1121 = ORIENTED_EDGE ( 'NONE', *, *, #1122, .T. ) ;
#1122 = EDGE_CURVE ( 'NONE', #1640, #1344, #4444, .T. ) ;
#1123 = ORIENTED_EDGE ( 'NONE', *, *, #1343, .F. ) ;
#1124 = ORIENTED_EDGE ( 'NONE', *, *, #524, .F. ) ;
#1125 = ORIENTED_EDGE ( 'NONE', *, *, #916, .T. ) ;
#1126 = ORIENTED_EDGE ( 'NONE', *, *, #1264, .F. ) ;
#1127 = ORIENTED_EDGE ( 'NONE', *, *, #1374, .F. ) ;
#1128 = ORIENTED_EDGE ( 'NONE', *, *, #1201, .T. ) ;
#1129 = ADVANCED_FACE ( 'NONE', ( #4437 ), #4436, .T. ) ;
#1130 = EDGE_LOOP ( 'NONE', ( #1131, #1134, #1135, #1136, #1661, #1581 ) ) ;
#1131 = ORIENTED_EDGE ( 'NONE', *, *, #1132, .T. ) ;
#1132 = EDGE_CURVE ( 'NONE', #1133, #1314, #4431, .T. ) ;
#1133 = VERTEX_POINT ( 'NONE', #4656 ) ;
#1134 = ORIENTED_EDGE ( 'NONE', *, *, #1313, .T. ) ;
#1135 = ORIENTED_EDGE ( 'NONE', *, *, #1298, .T. ) ;
#1136 = ORIENTED_EDGE ( 'NONE', *, *, #1336, .T. ) ;
#1137 = EDGE_CURVE ( 'NONE', #858, #1138, #4655, .T. ) ;
#1138 = VERTEX_POINT ( 'NONE', #4650 ) ;
#1139 = ORIENTED_EDGE ( 'NONE', *, *, #1244, .T. ) ;
#1140 = ORIENTED_EDGE ( 'NONE', *, *, #939, .T. ) ;
#1141 = ORIENTED_EDGE ( 'NONE', *, *, #69, .T. ) ;
#1142 = ORIENTED_EDGE ( 'NONE', *, *, #1143, .F. ) ;
#1143 = EDGE_CURVE ( 'NONE', #1144, #52, #4804, .T. ) ;
#1144 = VERTEX_POINT ( 'NONE', #4800 ) ;
#1145 = ORIENTED_EDGE ( 'NONE', *, *, #1146, .F. ) ;
#1146 = EDGE_CURVE ( 'NONE', #1147, #1144, #4799, .T. ) ;
#1147 = VERTEX_POINT ( 'NONE', #4794 ) ;
#1148 = ORIENTED_EDGE ( 'NONE', *, *, #47, .T. ) ;
#1149 = ORIENTED_EDGE ( 'NONE', *, *, #1150, .F. ) ;
#1150 = EDGE_CURVE ( 'NONE', #1253, #64, #4793, .T. ) ;
#1151 = ADVANCED_FACE ( 'NONE', ( #4789 ), #4786, .T. ) ;
#1152 = EDGE_LOOP ( 'NONE', ( #1153, #1166, #1167, #1168, #1193, #1234, #1235, #1236, #1237 ) ) ;
#1153 = ORIENTED_EDGE ( 'NONE', *, *, #1164, .F. ) ;
#1154 = ADVANCED_FACE ( 'NONE', ( #4781 ), #4738, .T. ) ;
#1155 = EDGE_LOOP ( 'NONE', ( #753, #754, #757, #759 ) ) ;
#1156 = ADVANCED_FACE ( 'NONE', ( #4736 ), #4765, .T. ) ;
#1157 = ORIENTED_EDGE ( 'NONE', *, *, #1158, .F. ) ;
#1158 = EDGE_CURVE ( 'NONE', #800, #1159, #4760, .T. ) ;
#1159 = VERTEX_POINT ( 'NONE', #4756 ) ;
#1160 = ORIENTED_EDGE ( 'NONE', *, *, #799, .T. ) ;
#1161 = ORIENTED_EDGE ( 'NONE', *, *, #968, .T. ) ;
#1162 = ORIENTED_EDGE ( 'NONE', *, *, #1163, .F. ) ;
#1163 = EDGE_CURVE ( 'NONE', #1159, #971, #4755, .T. ) ;
#1164 = EDGE_CURVE ( 'NONE', #1253, #1165, #4751, .T. ) ;
#1165 = VERTEX_POINT ( 'NONE', #4746 ) ;
#1166 = ORIENTED_EDGE ( 'NONE', *, *, #1150, .T. ) ;
#1167 = ORIENTED_EDGE ( 'NONE', *, *, #29, .T. ) ;
#1168 = ORIENTED_EDGE ( 'NONE', *, *, #936, .T. ) ;
#1169 = ORIENTED_EDGE ( 'NONE', *, *, #846, .T. ) ;
#1170 = ADVANCED_FACE ( 'NONE', ( #4745 ), #4744, .T. ) ;
#1171 = EDGE_LOOP ( 'NONE', ( #1141, #1142, #1145, #1247 ) ) ;
#1172 = EDGE_CURVE ( 'NONE', #1189, #1147, #4714, .T. ) ;
#1173 = ORIENTED_EDGE ( 'NONE', *, *, #1174, .F. ) ;
#1174 = EDGE_CURVE ( 'NONE', #1175, #1189, #4710, .T. ) ;
#1175 = VERTEX_POINT ( 'NONE', #4706 ) ;
#1176 = ORIENTED_EDGE ( 'NONE', *, *, #1179, .T. ) ;
#1177 = ADVANCED_FACE ( 'NONE', ( #4705 ), #4704, .T. ) ;
#1178 = ORIENTED_EDGE ( 'NONE', *, *, #1137, .T. ) ;
#1179 = EDGE_CURVE ( 'NONE', #1175, #510, #4699, .T. ) ;
#1180 = ORIENTED_EDGE ( 'NONE', *, *, #509, .F. ) ;
#1181 = ORIENTED_EDGE ( 'NONE', *, *, #18, .T. ) ;
#1182 = ORIENTED_EDGE ( 'NONE', *, *, #1248, .F. ) ;
#1183 = ADVANCED_FACE ( 'NONE', ( #4695 ), #4693, .T. ) ;
#1184 = EDGE_LOOP ( 'NONE', ( #1185, #1186, #1255, #1256, #1268, #1270, #1271, #1272, #1273, #1263, #1265, #1266, #1274, #1275, #1278, #1280, #1281, #1282, #1595, #1587, #1589, #1590, #1591, #1592, #1593, #1598 ) ) ;
#1185 = ORIENTED_EDGE ( 'NONE', *, *, #758, .T. ) ;
#1186 = ORIENTED_EDGE ( 'NONE', *, *, #767, .T. ) ;
#1187 = ADVANCED_FACE ( 'NONE', ( #4694 ), #4688, .F. ) ;
#1188 = ORIENTED_EDGE ( 'NONE', *, *, #1172, .F. ) ;
#1189 = VERTEX_POINT ( 'NONE', #4683 ) ;
#1190 = ORIENTED_EDGE ( 'NONE', *, *, #295, .T. ) ;
#1191 = ADVANCED_FACE ( 'NONE', ( #4682 ), #4681, .T. ) ;
#1192 = EDGE_LOOP ( 'NONE', ( #1139, #1246, #1240, #1241 ) ) ;
#1193 = ORIENTED_EDGE ( 'NONE', *, *, #550, .T. ) ;
#1194 = ORIENTED_EDGE ( 'NONE', *, *, #1097, .T. ) ;
#1195 = ORIENTED_EDGE ( 'NONE', *, *, #1196, .T. ) ;
#1196 = EDGE_CURVE ( 'NONE', #1098, #841, #4676, .T. ) ;
#1197 = ORIENTED_EDGE ( 'NONE', *, *, #840, .T. ) ;
#1198 = ADVANCED_FACE ( 'NONE', ( #4672 ), #4671, .F. ) ;
#1199 = EDGE_LOOP ( 'NONE', ( #1200, #1204, #1110, #1111, #1206 ) ) ;
#1200 = ORIENTED_EDGE ( 'NONE', *, *, #1201, .F. ) ;
#1201 = EDGE_CURVE ( 'NONE', #1202, #1203, #4669, .T. ) ;
#1202 = VERTEX_POINT ( 'NONE', #4662 ) ;
#1203 = VERTEX_POINT ( 'NONE', #4661 ) ;
#1204 = ORIENTED_EDGE ( 'NONE', *, *, #1205, .T. ) ;
#1205 = EDGE_CURVE ( 'NONE', #1202, #722, #4660, .T. ) ;
#1206 = ORIENTED_EDGE ( 'NONE', *, *, #1207, .T. ) ;
#1207 = EDGE_CURVE ( 'NONE', #1113, #1203, #4637, .T. ) ;
#1208 = ADVANCED_FACE ( 'NONE', ( #4633 ), #4632, .F. ) ;
#1209 = EDGE_LOOP ( 'NONE', ( #1210, #1213, #1215, #1216, #1329 ) ) ;
#1210 = ORIENTED_EDGE ( 'NONE', *, *, #1211, .F. ) ;
#1211 = EDGE_CURVE ( 'NONE', #1212, #988, #4630, .T. ) ;
#1212 = VERTEX_POINT ( 'NONE', #4623 ) ;
#1213 = ORIENTED_EDGE ( 'NONE', *, *, #1214, .T. ) ;
#1214 = EDGE_CURVE ( 'NONE', #1212, #1113, #4621, .T. ) ;
#1215 = ORIENTED_EDGE ( 'NONE', *, *, #1112, .F. ) ;
#1216 = ORIENTED_EDGE ( 'NONE', *, *, #973, .F. ) ;
#1217 = ADVANCED_FACE ( 'NONE', ( #4617 ), #4830, .T. ) ;
#1218 = EDGE_LOOP ( 'NONE', ( #1219, #1220, #1221, #1224, #1227 ) ) ;
#1219 = ORIENTED_EDGE ( 'NONE', *, *, #961, .T. ) ;
#1220 = ORIENTED_EDGE ( 'NONE', *, *, #1109, .T. ) ;
#1221 = ORIENTED_EDGE ( 'NONE', *, *, #1222, .T. ) ;
#1222 = EDGE_CURVE ( 'NONE', #1107, #1223, #4825, .T. ) ;
#1223 = VERTEX_POINT ( 'NONE', #4821 ) ;
#1224 = ORIENTED_EDGE ( 'NONE', *, *, #1225, .F. ) ;
#1225 = EDGE_CURVE ( 'NONE', #1226, #1223, #4820, .T. ) ;
#1226 = VERTEX_POINT ( 'NONE', #4816 ) ;
#1227 = ORIENTED_EDGE ( 'NONE', *, *, #1228, .F. ) ;
#1228 = EDGE_CURVE ( 'NONE', #909, #1226, #4814, .T. ) ;
#1229 = EDGE_LOOP ( 'NONE', ( #1082, #1085, #1086, #1089 ) ) ;
#1230 = ORIENTED_EDGE ( 'NONE', *, *, #955, .T. ) ;
#1231 = ADVANCED_FACE ( 'NONE', ( #4810 ), #4983, .F. ) ;
#1232 = ORIENTED_EDGE ( 'NONE', *, *, #958, .F. ) ;
#1233 = EDGE_CURVE ( 'NONE', #787, #800, #4863, .T. ) ;
#1234 = ORIENTED_EDGE ( 'NONE', *, *, #876, .T. ) ;
#1235 = ORIENTED_EDGE ( 'NONE', *, *, #865, .T. ) ;
#1236 = ORIENTED_EDGE ( 'NONE', *, *, #1262, .T. ) ;
#1237 = ORIENTED_EDGE ( 'NONE', *, *, #1238, .T. ) ;
#1238 = EDGE_CURVE ( 'NONE', #1260, #1165, #4862, .T. ) ;
#1239 = EDGE_LOOP ( 'NONE', ( #1188, #1173, #1176, #1180, #1181, #1182 ) ) ;
#1240 = ORIENTED_EDGE ( 'NONE', *, *, #927, .T. ) ;
#1241 = ORIENTED_EDGE ( 'NONE', *, *, #1242, .T. ) ;
#1242 = EDGE_CURVE ( 'NONE', #940, #1245, #4855, .T. ) ;
#1243 = EDGE_LOOP ( 'NONE', ( #1178, #1258, #1261, #1169 ) ) ;
#1244 = EDGE_CURVE ( 'NONE', #1245, #1011, #4851, .T. ) ;
#1245 = VERTEX_POINT ( 'NONE', #4899 ) ;
#1246 = ORIENTED_EDGE ( 'NONE', *, *, #1010, .T. ) ;
#1247 = ORIENTED_EDGE ( 'NONE', *, *, #1248, .T. ) ;
#1248 = EDGE_CURVE ( 'NONE', #1147, #38, #4898, .T. ) ;
#1249 = ADVANCED_FACE ( 'NONE', ( #5003 ), #5002, .T. ) ;
#1250 = EDGE_LOOP ( 'NONE', ( #1251, #1254, #1148, #1149 ) ) ;
#1251 = ORIENTED_EDGE ( 'NONE', *, *, #1252, .F. ) ;
#1252 = EDGE_CURVE ( 'NONE', #1144, #1253, #4995, .T. ) ;
#1253 = VERTEX_POINT ( 'NONE', #4997 ) ;
#1254 = ORIENTED_EDGE ( 'NONE', *, *, #1143, .T. ) ;
#1255 = ORIENTED_EDGE ( 'NONE', *, *, #979, .F. ) ;
#1256 = ORIENTED_EDGE ( 'NONE', *, *, #1257, .T. ) ;
#1257 = EDGE_CURVE ( 'NONE', #980, #1267, #4996, .T. ) ;
#1258 = ORIENTED_EDGE ( 'NONE', *, *, #1259, .T. ) ;
#1259 = EDGE_CURVE ( 'NONE', #1138, #1260, #4987, .T. ) ;
#1260 = VERTEX_POINT ( 'NONE', #4922 ) ;
#1261 = ORIENTED_EDGE ( 'NONE', *, *, #1262, .F. ) ;
#1262 = EDGE_CURVE ( 'NONE', #847, #1260, #4921, .T. ) ;
#1263 = ORIENTED_EDGE ( 'NONE', *, *, #1264, .T. ) ;
#1264 = EDGE_CURVE ( 'NONE', #1310, #921, #4916, .T. ) ;
#1265 = ORIENTED_EDGE ( 'NONE', *, *, #920, .T. ) ;
#1266 = ORIENTED_EDGE ( 'NONE', *, *, #849, .T. ) ;
#1267 = VERTEX_POINT ( 'NONE', #4912 ) ;
#1268 = ORIENTED_EDGE ( 'NONE', *, *, #1269, .T. ) ;
#1269 = EDGE_CURVE ( 'NONE', #1267, #1212, #4911, .T. ) ;
#1270 = ORIENTED_EDGE ( 'NONE', *, *, #1211, .T. ) ;
#1271 = ORIENTED_EDGE ( 'NONE', *, *, #987, .F. ) ;
#1272 = ORIENTED_EDGE ( 'NONE', *, *, #656, .F. ) ;
#1273 = ORIENTED_EDGE ( 'NONE', *, *, #1376, .T. ) ;
#1274 = ORIENTED_EDGE ( 'NONE', *, *, #910, .T. ) ;
#1275 = ORIENTED_EDGE ( 'NONE', *, *, #1276, .T. ) ;
#1276 = EDGE_CURVE ( 'NONE', #855, #1277, #4907, .T. ) ;
#1277 = VERTEX_POINT ( 'NONE', #4903 ) ;
#1278 = ORIENTED_EDGE ( 'NONE', *, *, #1279, .T. ) ;
#1279 = EDGE_CURVE ( 'NONE', #1277, #428, #4850, .T. ) ;
#1280 = ORIENTED_EDGE ( 'NONE', *, *, #699, .F. ) ;
#1281 = ORIENTED_EDGE ( 'NONE', *, *, #828, .T. ) ;
#1282 = ORIENTED_EDGE ( 'NONE', *, *, #1283, .T. ) ;
#1283 = EDGE_CURVE ( 'NONE', #826, #1284, #4846, .T. ) ;
#1284 = VERTEX_POINT ( 'NONE', #4842 ) ;
#1285 = ORIENTED_EDGE ( 'NONE', *, *, #747, .F. ) ;
#1286 = EDGE_CURVE ( 'NONE', #1307, #1372, #4841, .T. ) ;
#1287 = ORIENTED_EDGE ( 'NONE', *, *, #1306, .F. ) ;
#1288 = ADVANCED_FACE ( 'NONE', ( #4837 ), #4836, .T. ) ;
#1289 = EDGE_LOOP ( 'NONE', ( #1290, #1291, #1292, #1293, #1311, #1312, #1315, #1318, #1320 ) ) ;
#1290 = ORIENTED_EDGE ( 'NONE', *, *, #1069, .T. ) ;
#1291 = ORIENTED_EDGE ( 'NONE', *, *, #1759, .T. ) ;
#1292 = ORIENTED_EDGE ( 'NONE', *, *, #472, .T. ) ;
#1293 = ORIENTED_EDGE ( 'NONE', *, *, #873, .T. ) ;
#1294 = EDGE_LOOP ( 'NONE', ( #1330, #1285, #1308, #1309, #1375 ) ) ;
#1295 = ADVANCED_FACE ( 'NONE', ( #4979 ), #4834, .F. ) ;
#1296 = EDGE_CURVE ( 'NONE', #1381, #952, #4976, .T. ) ;
#1297 = ORIENTED_EDGE ( 'NONE', *, *, #1298, .F. ) ;
#1298 = EDGE_CURVE ( 'NONE', #1299, #1381, #4968, .T. ) ;
#1299 = VERTEX_POINT ( 'NONE', #4970 ) ;
#1300 = ORIENTED_EDGE ( 'NONE', *, *, #1301, .F. ) ;
#1301 = EDGE_CURVE ( 'NONE', #913, #1299, #4969, .T. ) ;
#1302 = ADVANCED_FACE ( 'NONE', ( #4960 ), #4959, .T. ) ;
#1303 = EDGE_LOOP ( 'NONE', ( #1304, #1305, #1335, #1337 ) ) ;
#1304 = ORIENTED_EDGE ( 'NONE', *, *, #935, .T. ) ;
#1305 = ORIENTED_EDGE ( 'NONE', *, *, #1306, .T. ) ;
#1306 = EDGE_CURVE ( 'NONE', #1049, #1307, #4871, .T. ) ;
#1307 = VERTEX_POINT ( 'NONE', #4864 ) ;
#1308 = ORIENTED_EDGE ( 'NONE', *, *, #1205, .F. ) ;
#1309 = ORIENTED_EDGE ( 'NONE', *, *, #1374, .T. ) ;
#1310 = VERTEX_POINT ( 'NONE', #4897 ) ;
#1311 = ORIENTED_EDGE ( 'NONE', *, *, #1301, .T. ) ;
#1312 = ORIENTED_EDGE ( 'NONE', *, *, #1313, .F. ) ;
#1313 = EDGE_CURVE ( 'NONE', #1314, #1299, #4896, .T. ) ;
#1314 = VERTEX_POINT ( 'NONE', #4891 ) ;
#1315 = ORIENTED_EDGE ( 'NONE', *, *, #1316, .T. ) ;
#1316 = EDGE_CURVE ( 'NONE', #1314, #1317, #4890, .T. ) ;
#1317 = VERTEX_POINT ( 'NONE', #4886 ) ;
#1318 = ORIENTED_EDGE ( 'NONE', *, *, #1319, .F. ) ;
#1319 = EDGE_CURVE ( 'NONE', #1012, #1317, #4885, .T. ) ;
#1320 = ORIENTED_EDGE ( 'NONE', *, *, #1063, .T. ) ;
#1321 = ADVANCED_FACE ( 'NONE', ( #4880 ), #4879, .T. ) ;
#1322 = EDGE_LOOP ( 'NONE', ( #1323, #1326, #1327, #1328 ) ) ;
#1323 = ORIENTED_EDGE ( 'NONE', *, *, #1324, .T. ) ;
#1324 = EDGE_CURVE ( 'NONE', #1325, #1014, #4873, .T. ) ;
#1325 = VERTEX_POINT ( 'NONE', #4954 ) ;
#1326 = ORIENTED_EDGE ( 'NONE', *, *, #1066, .T. ) ;
#1327 = ORIENTED_EDGE ( 'NONE', *, *, #1319, .T. ) ;
#1328 = ORIENTED_EDGE ( 'NONE', *, *, #1331, .T. ) ;
#1329 = ORIENTED_EDGE ( 'NONE', *, *, #990, .F. ) ;
#1330 = ORIENTED_EDGE ( 'NONE', *, *, #704, .F. ) ;
#1331 = EDGE_CURVE ( 'NONE', #1317, #1325, #4953, .T. ) ;
#1332 = ADVANCED_FACE ( 'NONE', ( #4949 ), #4947, .T. ) ;
#1333 = EDGE_LOOP ( 'NONE', ( #1334, #1348, #1350, #1351 ) ) ;
#1334 = ORIENTED_EDGE ( 'NONE', *, *, #1346, .T. ) ;
#1335 = ORIENTED_EDGE ( 'NONE', *, *, #1336, .F. ) ;
#1336 = EDGE_CURVE ( 'NONE', #1381, #1307, #4942, .T. ) ;
#1337 = ORIENTED_EDGE ( 'NONE', *, *, #1296, .T. ) ;
#1338 = ADVANCED_FACE ( 'NONE', ( #4938 ), #4937, .F. ) ;
#1339 = EDGE_LOOP ( 'NONE', ( #1340, #1341, #1342, #1345, #1373, #1287 ) ) ;
#1340 = ORIENTED_EDGE ( 'NONE', *, *, #1051, .F. ) ;
#1341 = ORIENTED_EDGE ( 'NONE', *, *, #504, .F. ) ;
#1342 = ORIENTED_EDGE ( 'NONE', *, *, #1343, .T. ) ;
#1343 = EDGE_CURVE ( 'NONE', #525, #1344, #4932, .T. ) ;
#1344 = VERTEX_POINT ( 'NONE', #4928 ) ;
#1345 = ORIENTED_EDGE ( 'NONE', *, *, #1371, .F. ) ;
#1346 = EDGE_CURVE ( 'NONE', #1059, #1347, #4927, .T. ) ;
#1347 = VERTEX_POINT ( 'NONE', #5126 ) ;
#1348 = ORIENTED_EDGE ( 'NONE', *, *, #1349, .T. ) ;
#1349 = EDGE_CURVE ( 'NONE', #1347, #1017, #5103, .T. ) ;
#1350 = ORIENTED_EDGE ( 'NONE', *, *, #1065, .T. ) ;
#1351 = ORIENTED_EDGE ( 'NONE', *, *, #1054, .T. ) ;
#1352 = ADVANCED_FACE ( 'NONE', ( #5009 ), #5200, .T. ) ;
#1353 = EDGE_LOOP ( 'NONE', ( #1354, #1355, #1356, #1357 ) ) ;
#1354 = ORIENTED_EDGE ( 'NONE', *, *, #627, .T. ) ;
#1355 = ORIENTED_EDGE ( 'NONE', *, *, #272, .T. ) ;
#1356 = ORIENTED_EDGE ( 'NONE', *, *, #1060, .T. ) ;
#1357 = ORIENTED_EDGE ( 'NONE', *, *, #1358, .T. ) ;
#1358 = EDGE_CURVE ( 'NONE', #1057, #628, #5194, .T. ) ;
#1359 = EDGE_LOOP ( 'NONE', ( #1361, #1362, #1363, #1364 ) ) ;
#1360 = ADVANCED_FACE ( 'NONE', ( #5190 ), #5172, .T. ) ;
#1361 = ORIENTED_EDGE ( 'NONE', *, *, #603, .F. ) ;
#1362 = ORIENTED_EDGE ( 'NONE', *, *, #1033, .T. ) ;
#1363 = ORIENTED_EDGE ( 'NONE', *, *, #633, .T. ) ;
#1364 = ORIENTED_EDGE ( 'NONE', *, *, #1365, .T. ) ;
#1365 = EDGE_CURVE ( 'NONE', #631, #604, #5166, .T. ) ;
#1366 = ADVANCED_FACE ( 'NONE', ( #5162 ), #5144, .T. ) ;
#1367 = EDGE_LOOP ( 'NONE', ( #1368, #1369, #1140, #1190 ) ) ;
#1368 = ORIENTED_EDGE ( 'NONE', *, *, #640, .F. ) ;
#1369 = ORIENTED_EDGE ( 'NONE', *, *, #1370, .T. ) ;
#1370 = EDGE_CURVE ( 'NONE', #638, #879, #5139, .T. ) ;
#1371 = EDGE_CURVE ( 'NONE', #1372, #1344, #5135, .T. ) ;
#1372 = VERTEX_POINT ( 'NONE', #5131 ) ;
#1373 = ORIENTED_EDGE ( 'NONE', *, *, #1286, .F. ) ;
#1374 = EDGE_CURVE ( 'NONE', #1202, #1310, #5130, .T. ) ;
#1375 = ORIENTED_EDGE ( 'NONE', *, *, #1376, .F. ) ;
#1376 = EDGE_CURVE ( 'NONE', #421, #1310, #5118, .T. ) ;
#1377 = ADVANCED_FACE ( 'NONE', ( #5114 ), #5113, .T. ) ;
#1378 = EDGE_LOOP ( 'NONE', ( #1379, #1380, #1297, #1300 ) ) ;
#1379 = ORIENTED_EDGE ( 'NONE', *, *, #856, .T. ) ;
#1380 = ORIENTED_EDGE ( 'NONE', *, *, #1296, .F. ) ;
#1381 = VERTEX_POINT ( 'NONE', #5111 ) ;
#1382 = ORIENTED_EDGE ( 'NONE', *, *, #1114, .T. ) ;
#1383 = EDGE_CURVE ( 'NONE', #1084, #1088, #5106, .T. ) ;
#1384 = ADVANCED_FACE ( 'NONE', ( #5065 ), #5047, .T. ) ;
#1385 = ORIENTED_EDGE ( 'NONE', *, *, #1386, .F. ) ;
#1386 = EDGE_CURVE ( 'NONE', #1084, #1387, #5046, .T. ) ;
#1387 = VERTEX_POINT ( 'NONE', #5038 ) ;
#1388 = ORIENTED_EDGE ( 'NONE', *, *, #1383, .T. ) ;
#1389 = ORIENTED_EDGE ( 'NONE', *, *, #1390, .T. ) ;
#1390 = EDGE_CURVE ( 'NONE', #1391, #956, #5037, .T. ) ;
#1391 = VERTEX_POINT ( 'NONE', #5033 ) ;
#1392 = ORIENTED_EDGE ( 'NONE', *, *, #1393, .T. ) ;
#1393 = EDGE_CURVE ( 'NONE', #1088, #1387, #5031, .T. ) ;
#1394 = ADVANCED_FACE ( 'NONE', ( #5027 ), #5091, .T. ) ;
#1395 = EDGE_LOOP ( 'NONE', ( #1396, #1397, #1398, #1075, #1078, #1091, #1092, #1093 ) ) ;
#1396 = ORIENTED_EDGE ( 'NONE', *, *, #1083, .T. ) ;
#1397 = ORIENTED_EDGE ( 'NONE', *, *, #1386, .T. ) ;
#1398 = ORIENTED_EDGE ( 'NONE', *, *, #1399, .T. ) ;
#1399 = EDGE_CURVE ( 'NONE', #1387, #1400, #5086, .T. ) ;
#1400 = VERTEX_POINT ( 'NONE', #5082 ) ;
#1401 = ADVANCED_FACE ( 'NONE', ( #5081 ), #5389, .T. ) ;
#1402 = EDGE_LOOP ( 'NONE', ( #1403, #1404, #1405, #1406, #1407, #1408, #1412 ) ) ;
#1403 = ORIENTED_EDGE ( 'NONE', *, *, #1494, .T. ) ;
#1404 = ORIENTED_EDGE ( 'NONE', *, *, #1607, .T. ) ;
#1405 = ORIENTED_EDGE ( 'NONE', *, *, #1482, .F. ) ;
#1406 = ORIENTED_EDGE ( 'NONE', *, *, #1521, .T. ) ;
#1407 = ORIENTED_EDGE ( 'NONE', *, *, #1464, .T. ) ;
#1408 = ORIENTED_EDGE ( 'NONE', *, *, #1409, .T. ) ;
#1409 = EDGE_CURVE ( 'NONE', #1462, #1410, #5384, .T. ) ;
#1410 = VERTEX_POINT ( 'NONE', #5380 ) ;
#1411 = EDGE_LOOP ( 'NONE', ( #1415, #1416, #1417, #1420 ) ) ;
#1412 = ORIENTED_EDGE ( 'NONE', *, *, #1413, .T. ) ;
#1413 = EDGE_CURVE ( 'NONE', #1410, #1495, #5378, .T. ) ;
#1414 = ADVANCED_FACE ( 'NONE', ( #5373 ), #5355, .F. ) ;
#1415 = ORIENTED_EDGE ( 'NONE', *, *, #1497, .F. ) ;
#1416 = ORIENTED_EDGE ( 'NONE', *, *, #1413, .F. ) ;
#1417 = ORIENTED_EDGE ( 'NONE', *, *, #1418, .T. ) ;
#1418 = EDGE_CURVE ( 'NONE', #1410, #1419, #5350, .T. ) ;
#1419 = VERTEX_POINT ( 'NONE', #5346 ) ;
#1420 = ORIENTED_EDGE ( 'NONE', *, *, #1421, .T. ) ;
#1421 = EDGE_CURVE ( 'NONE', #1419, #1498, #5344, .T. ) ;
#1422 = ADVANCED_FACE ( 'NONE', ( #5339 ), #5321, .F. ) ;
#1423 = EDGE_LOOP ( 'NONE', ( #1424, #1425, #1426, #1427, #1429, #1430, #1431 ) ) ;
#1424 = ORIENTED_EDGE ( 'NONE', *, *, #1479, .T. ) ;
#1425 = ORIENTED_EDGE ( 'NONE', *, *, #1500, .T. ) ;
#1426 = ORIENTED_EDGE ( 'NONE', *, *, #1421, .F. ) ;
#1427 = ORIENTED_EDGE ( 'NONE', *, *, #1428, .T. ) ;
#1428 = EDGE_CURVE ( 'NONE', #1419, #1461, #5315, .T. ) ;
#1429 = ORIENTED_EDGE ( 'NONE', *, *, #1926, .F. ) ;
#1430 = ORIENTED_EDGE ( 'NONE', *, *, #1524, .F. ) ;
#1431 = ORIENTED_EDGE ( 'NONE', *, *, #1486, .F. ) ;
#1432 = ADVANCED_FACE ( 'NONE', ( #5307, #5311 ), #5292, .F. ) ;
#1433 = ORIENTED_EDGE ( 'NONE', *, *, #1039, .F. ) ;
#1434 = ORIENTED_EDGE ( 'NONE', *, *, #831, .F. ) ;
#1435 = ORIENTED_EDGE ( 'NONE', *, *, #810, .F. ) ;
#1436 = ORIENTED_EDGE ( 'NONE', *, *, #1588, .F. ) ;
#1437 = ORIENTED_EDGE ( 'NONE', *, *, #1438, .T. ) ;
#1438 = EDGE_CURVE ( 'NONE', #1597, #1439, #5287, .T. ) ;
#1439 = VERTEX_POINT ( 'NONE', #5283 ) ;
#1440 = ORIENTED_EDGE ( 'NONE', *, *, #1441, .T. ) ;
#1441 = EDGE_CURVE ( 'NONE', #1640, #1203, #5282, .T. ) ;
#1442 = EDGE_LOOP ( 'NONE', ( #1443, #1444, #1445, #1446 ) ) ;
#1443 = ORIENTED_EDGE ( 'NONE', *, *, #1418, .F. ) ;
#1444 = ORIENTED_EDGE ( 'NONE', *, *, #1409, .F. ) ;
#1445 = ORIENTED_EDGE ( 'NONE', *, *, #1460, .F. ) ;
#1446 = ORIENTED_EDGE ( 'NONE', *, *, #1428, .F. ) ;
#1447 = EDGE_LOOP ( 'NONE', ( #1448, #1449, #1450, #1451 ) ) ;
#1448 = ORIENTED_EDGE ( 'NONE', *, *, #1474, .F. ) ;
#1449 = ORIENTED_EDGE ( 'NONE', *, *, #1556, .F. ) ;
#1450 = ORIENTED_EDGE ( 'NONE', *, *, #1547, .F. ) ;
#1451 = ORIENTED_EDGE ( 'NONE', *, *, #1456, .F. ) ;
#1452 = CLOSED_SHELL ( 'NONE', ( #1559, #1480, #1490, #1501, #1511, #1548, #1467, #1475, #1457, #1401, #1414, #1422, #1432 ) ) ;
#1453 = EDGE_LOOP ( 'NONE', ( #1468, #1471, #1472, #1473 ) ) ;
#1454 = ORIENTED_EDGE ( 'NONE', *, *, #1469, .F. ) ;
#1455 = ORIENTED_EDGE ( 'NONE', *, *, #1456, .T. ) ;
#1456 = EDGE_CURVE ( 'NONE', #1470, #1545, #5277, .T. ) ;
#1457 = ADVANCED_FACE ( 'NONE', ( #5273 ), #5255, .F. ) ;
#1458 = EDGE_LOOP ( 'NONE', ( #1459, #1463, #1465, #1466 ) ) ;
#1459 = ORIENTED_EDGE ( 'NONE', *, *, #1460, .T. ) ;
#1460 = EDGE_CURVE ( 'NONE', #1461, #1462, #5250, .T. ) ;
#1461 = VERTEX_POINT ( 'NONE', #5246 ) ;
#1462 = VERTEX_POINT ( 'NONE', #5245 ) ;
#1463 = ORIENTED_EDGE ( 'NONE', *, *, #1464, .F. ) ;
#1464 = EDGE_CURVE ( 'NONE', #1519, #1462, #5243, .T. ) ;
#1465 = ORIENTED_EDGE ( 'NONE', *, *, #1504, .F. ) ;
#1466 = ORIENTED_EDGE ( 'NONE', *, *, #1926, .T. ) ;
#1467 = ADVANCED_FACE ( 'NONE', ( #5239 ), #5221, .F. ) ;
#1468 = ORIENTED_EDGE ( 'NONE', *, *, #1469, .T. ) ;
#1469 = EDGE_CURVE ( 'NONE', #1470, #1529, #5216, .T. ) ;
#1470 = VERTEX_POINT ( 'NONE', #5212 ) ;
#1471 = ORIENTED_EDGE ( 'NONE', *, *, #1527, .F. ) ;
#1472 = ORIENTED_EDGE ( 'NONE', *, *, #1551, .F. ) ;
#1473 = ORIENTED_EDGE ( 'NONE', *, *, #1474, .T. ) ;
#1474 = EDGE_CURVE ( 'NONE', #1552, #1470, #5210, .T. ) ;
#1475 = ADVANCED_FACE ( 'NONE', ( #5206 ), #5553, .F. ) ;
#1476 = EDGE_LOOP ( 'NONE', ( #1477, #1478, #1454, #1455 ) ) ;
#1477 = ORIENTED_EDGE ( 'NONE', *, *, #1544, .F. ) ;
#1478 = ORIENTED_EDGE ( 'NONE', *, *, #1531, .F. ) ;
#1479 = EDGE_CURVE ( 'NONE', #1605, #1611, #5547, .T. ) ;
#1480 = ADVANCED_FACE ( 'NONE', ( #5543 ), #5524, .T. ) ;
#1481 = ORIENTED_EDGE ( 'NONE', *, *, #1482, .T. ) ;
#1482 = EDGE_CURVE ( 'NONE', #1483, #1604, #5523, .T. ) ;
#1483 = VERTEX_POINT ( 'NONE', #5514 ) ;
#1484 = ORIENTED_EDGE ( 'NONE', *, *, #1603, .T. ) ;
#1485 = ORIENTED_EDGE ( 'NONE', *, *, #1486, .T. ) ;
#1486 = EDGE_CURVE ( 'NONE', #1605, #1487, #5513, .T. ) ;
#1487 = VERTEX_POINT ( 'NONE', #5476 ) ;
#1488 = ORIENTED_EDGE ( 'NONE', *, *, #1489, .T. ) ;
#1489 = EDGE_CURVE ( 'NONE', #1487, #1483, #5474, .T. ) ;
#1490 = ADVANCED_FACE ( 'NONE', ( #5470 ), #5452, .F. ) ;
#1491 = EDGE_LOOP ( 'NONE', ( #1492, #1493, #1496, #1499 ) ) ;
#1492 = ORIENTED_EDGE ( 'NONE', *, *, #1610, .F. ) ;
#1493 = ORIENTED_EDGE ( 'NONE', *, *, #1494, .F. ) ;
#1494 = EDGE_CURVE ( 'NONE', #1495, #1608, #5450, .T. ) ;
#1495 = VERTEX_POINT ( 'NONE', #5443 ) ;
#1496 = ORIENTED_EDGE ( 'NONE', *, *, #1497, .T. ) ;
#1497 = EDGE_CURVE ( 'NONE', #1495, #1498, #5442, .T. ) ;
#1498 = VERTEX_POINT ( 'NONE', #5438 ) ;
#1499 = ORIENTED_EDGE ( 'NONE', *, *, #1500, .F. ) ;
#1500 = EDGE_CURVE ( 'NONE', #1611, #1498, #5436, .T. ) ;
#1501 = ADVANCED_FACE ( 'NONE', ( #5432, #5431 ), #5409, .F. ) ;
#1502 = EDGE_LOOP ( 'NONE', ( #1503, #1520, #1522, #1523 ) ) ;
#1503 = ORIENTED_EDGE ( 'NONE', *, *, #1504, .T. ) ;
#1504 = EDGE_CURVE ( 'NONE', #1505, #1519, #5510, .T. ) ;
#1505 = VERTEX_POINT ( 'NONE', #5506 ) ;
#1506 = ORIENTED_EDGE ( 'NONE', *, *, #1507, .T. ) ;
#1507 = EDGE_CURVE ( 'NONE', #1532, #1508, #5505, .T. ) ;
#1508 = VERTEX_POINT ( 'NONE', #5501 ) ;
#1509 = ORIENTED_EDGE ( 'NONE', *, *, #1510, .T. ) ;
#1510 = EDGE_CURVE ( 'NONE', #1508, #1528, #5499, .T. ) ;
#1511 = ADVANCED_FACE ( 'NONE', ( #5495 ), #5578, .F. ) ;
#1512 = EDGE_LOOP ( 'NONE', ( #1513, #1516, #1517, #1546 ) ) ;
#1513 = ORIENTED_EDGE ( 'NONE', *, *, #1514, .T. ) ;
#1514 = EDGE_CURVE ( 'NONE', #1515, #1508, #5573, .T. ) ;
#1515 = VERTEX_POINT ( 'NONE', #5569 ) ;
#1516 = ORIENTED_EDGE ( 'NONE', *, *, #1507, .F. ) ;
#1517 = ORIENTED_EDGE ( 'NONE', *, *, #1544, .T. ) ;
#1518 = ORIENTED_EDGE ( 'NONE', *, *, #1438, .F. ) ;
#1519 = VERTEX_POINT ( 'NONE', #5568 ) ;
#1520 = ORIENTED_EDGE ( 'NONE', *, *, #1521, .F. ) ;
#1521 = EDGE_CURVE ( 'NONE', #1483, #1519, #5567, .T. ) ;
#1522 = ORIENTED_EDGE ( 'NONE', *, *, #1489, .F. ) ;
#1523 = ORIENTED_EDGE ( 'NONE', *, *, #1524, .T. ) ;
#1524 = EDGE_CURVE ( 'NONE', #1487, #1505, #5563, .T. ) ;
#1525 = EDGE_LOOP ( 'NONE', ( #1526, #1530, #1506, #1509 ) ) ;
#1526 = ORIENTED_EDGE ( 'NONE', *, *, #1527, .T. ) ;
#1527 = EDGE_CURVE ( 'NONE', #1528, #1529, #5559, .T. ) ;
#1528 = VERTEX_POINT ( 'NONE', #5404 ) ;
#1529 = VERTEX_POINT ( 'NONE', #5403 ) ;
#1530 = ORIENTED_EDGE ( 'NONE', *, *, #1531, .T. ) ;
#1531 = EDGE_CURVE ( 'NONE', #1529, #1532, #5402, .T. ) ;
#1532 = VERTEX_POINT ( 'NONE', #5398 ) ;
#1533 = ORIENTED_EDGE ( 'NONE', *, *, #1596, .F. ) ;
#1534 = ADVANCED_FACE ( 'NONE', ( #5397 ), #5804, .F. ) ;
#1535 = EDGE_LOOP ( 'NONE', ( #1536, #1537, #1538, #1539, #1540, #1541, #1542, #1543, #1614, #1615, #1616, #1617, #1618, #1619, #1620, #1621, #1622, #1557 ) ) ;
#1536 = ORIENTED_EDGE ( 'NONE', *, *, #1680, .F. ) ;
#1537 = ORIENTED_EDGE ( 'NONE', *, *, #1174, .T. ) ;
#1538 = ORIENTED_EDGE ( 'NONE', *, *, #1667, .F. ) ;
#1539 = ORIENTED_EDGE ( 'NONE', *, *, #1655, .F. ) ;
#1540 = ORIENTED_EDGE ( 'NONE', *, *, #1137, .F. ) ;
#1541 = ORIENTED_EDGE ( 'NONE', *, *, #845, .T. ) ;
#1542 = ORIENTED_EDGE ( 'NONE', *, *, #1650, .F. ) ;
#1543 = ORIENTED_EDGE ( 'NONE', *, *, #1625, .F. ) ;
#1544 = EDGE_CURVE ( 'NONE', #1532, #1545, #5777, .T. ) ;
#1545 = VERTEX_POINT ( 'NONE', #5773 ) ;
#1546 = ORIENTED_EDGE ( 'NONE', *, *, #1547, .T. ) ;
#1547 = EDGE_CURVE ( 'NONE', #1545, #1515, #5771, .T. ) ;
#1548 = ADVANCED_FACE ( 'NONE', ( #5767 ), #5749, .F. ) ;
#1549 = EDGE_LOOP ( 'NONE', ( #1550, #1553, #1554, #1555 ) ) ;
#1550 = ORIENTED_EDGE ( 'NONE', *, *, #1551, .T. ) ;
#1551 = EDGE_CURVE ( 'NONE', #1552, #1528, #5797, .T. ) ;
#1552 = VERTEX_POINT ( 'NONE', #5793 ) ;
#1553 = ORIENTED_EDGE ( 'NONE', *, *, #1510, .F. ) ;
#1554 = ORIENTED_EDGE ( 'NONE', *, *, #1514, .F. ) ;
#1555 = ORIENTED_EDGE ( 'NONE', *, *, #1556, .T. ) ;
#1556 = EDGE_CURVE ( 'NONE', #1515, #1552, #5791, .T. ) ;
#1557 = ORIENTED_EDGE ( 'NONE', *, *, #1052, .F. ) ;
#1558 = MANIFOLD_SOLID_BREP ( 'NONE', #1452 ) ;
#1559 = ADVANCED_FACE ( 'NONE', ( #5741 ), #5722, .F. ) ;
#1560 = CLOSED_SHELL ( 'NONE', ( #16, #25, #23, #89, #206, #212, #168, #383, #415, #264, #9, #393, #402, #307, #316, #142, #372, #133, #338, #322, #329, #355, #368, #161, #123, #252, #266, #245, #276, #226, #117, #103, #465, #100, #705, #564, #731, #593, #490, #423, #711, #1736, #1775, #1797, #1745, #1786, #1728, #1921, #1760, #1753, #648, #635, #596, #667, #642, #695, #610, #514, #501, #555, #541, #894, #905, #962, #976, #1040, #473, #1044, #1061, #1045, #880, #877, #924, #861, #943, #852, #872, #752, #782, #794, #1156, #1154, #760, #769, #820, #814, #834, #1231, #1217, #1081, #1384, #1394, #1094, #1102, #1198, #1208, #1295, #1377, #1302, #1338, #1288, #1321, #1332, #1352, #1360, #1366, #1191, #1177, #1170, #1249, #1151, #1187, #1183, #1599, #1694, #1706, #1714, #1727, #1118, #1129, #1566, #1575, #1663, #1631, #1651, #1664, #1568, #1681, #1534 ) ) ;
#1561 = ORIENTED_EDGE ( 'NONE', *, *, #1365, .F. ) ;
#1562 = ORIENTED_EDGE ( 'NONE', *, *, #630, .T. ) ;
#1563 = ORIENTED_EDGE ( 'NONE', *, *, #1358, .F. ) ;
#1564 = ORIENTED_EDGE ( 'NONE', *, *, #1056, .T. ) ;
#1565 = ORIENTED_EDGE ( 'NONE', *, *, #1349, .F. ) ;
#1566 = ADVANCED_FACE ( 'NONE', ( #5717 ), #5716, .F. ) ;
#1567 = ORIENTED_EDGE ( 'NONE', *, *, #1574, .T. ) ;
#1568 = ADVANCED_FACE ( 'NONE', ( #5715 ), #5710, .F. ) ;
#1569 = EDGE_LOOP ( 'NONE', ( #1570, #1673, #1674, #1675, #1676, #1677, #1678, #1679 ) ) ;
#1570 = ORIENTED_EDGE ( 'NONE', *, *, #1571, .T. ) ;
#1571 = EDGE_CURVE ( 'NONE', #1572, #1697, #5705, .T. ) ;
#1572 = VERTEX_POINT ( 'NONE', #5701 ) ;
#1573 = EDGE_CURVE ( 'NONE', #1372, #1133, #5699, .T. ) ;
#1574 = EDGE_CURVE ( 'NONE', #1133, #1325, #5700, .T. ) ;
#1575 = ADVANCED_FACE ( 'NONE', ( #5691 ), #5690, .F. ) ;
#1576 = EDGE_LOOP ( 'NONE', ( #1657, #1583, #1584, #1585 ) ) ;
#1577 = VERTEX_POINT ( 'NONE', #5685 ) ;
#1578 = ORIENTED_EDGE ( 'NONE', *, *, #1579, .F. ) ;
#1579 = EDGE_CURVE ( 'NONE', #1165, #1656, #5684, .T. ) ;
#1580 = ORIENTED_EDGE ( 'NONE', *, *, #1238, .F. ) ;
#1581 = ORIENTED_EDGE ( 'NONE', *, *, #1573, .T. ) ;
#1582 = EDGE_LOOP ( 'NONE', ( #1645, #1646, #1647, #1567 ) ) ;
#1583 = ORIENTED_EDGE ( 'NONE', *, *, #1346, .F. ) ;
#1584 = ORIENTED_EDGE ( 'NONE', *, *, #1013, .T. ) ;
#1585 = ORIENTED_EDGE ( 'NONE', *, *, #1662, .T. ) ;
#1586 = EDGE_LOOP ( 'NONE', ( #1659, #1660, #1561, #1562, #1563, #1564, #1565, #1623, #1624, #1627, #1629, #1630 ) ) ;
#1587 = ORIENTED_EDGE ( 'NONE', *, *, #1588, .T. ) ;
#1588 = EDGE_CURVE ( 'NONE', #1597, #808, #5680, .T. ) ;
#1589 = ORIENTED_EDGE ( 'NONE', *, *, #807, .T. ) ;
#1590 = ORIENTED_EDGE ( 'NONE', *, *, #931, .T. ) ;
#1591 = ORIENTED_EDGE ( 'NONE', *, *, #780, .T. ) ;
#1592 = ORIENTED_EDGE ( 'NONE', *, *, #792, .T. ) ;
#1593 = ORIENTED_EDGE ( 'NONE', *, *, #1233, .T. ) ;
#1594 = EDGE_LOOP ( 'NONE', ( #1600, #1689, #1690, #1691, #1692 ) ) ;
#1595 = ORIENTED_EDGE ( 'NONE', *, *, #1596, .T. ) ;
#1596 = EDGE_CURVE ( 'NONE', #1284, #1597, #5674, .T. ) ;
#1597 = VERTEX_POINT ( 'NONE', #5670 ) ;
#1598 = ORIENTED_EDGE ( 'NONE', *, *, #1158, .T. ) ;
#1599 = ADVANCED_FACE ( 'NONE', ( #5669 ), #5668, .F. ) ;
#1600 = ORIENTED_EDGE ( 'NONE', *, *, #1687, .T. ) ;
#1601 = EDGE_LOOP ( 'NONE', ( #1602, #1606, #1609, #1612 ) ) ;
#1602 = ORIENTED_EDGE ( 'NONE', *, *, #1603, .F. ) ;
#1603 = EDGE_CURVE ( 'NONE', #1604, #1605, #5663, .T. ) ;
#1604 = VERTEX_POINT ( 'NONE', #5659 ) ;
#1605 = VERTEX_POINT ( 'NONE', #5658 ) ;
#1606 = ORIENTED_EDGE ( 'NONE', *, *, #1607, .F. ) ;
#1607 = EDGE_CURVE ( 'NONE', #1608, #1604, #5657, .T. ) ;
#1608 = VERTEX_POINT ( 'NONE', #5653 ) ;
#1609 = ORIENTED_EDGE ( 'NONE', *, *, #1610, .T. ) ;
#1610 = EDGE_CURVE ( 'NONE', #1608, #1611, #5652, .T. ) ;
#1611 = VERTEX_POINT ( 'NONE', #5648 ) ;
#1612 = ORIENTED_EDGE ( 'NONE', *, *, #1479, .F. ) ;
#1613 = EDGE_LOOP ( 'NONE', ( #1481, #1484, #1485, #1488 ) ) ;
#1614 = ORIENTED_EDGE ( 'NONE', *, *, #1662, .F. ) ;
#1615 = ORIENTED_EDGE ( 'NONE', *, *, #1053, .T. ) ;
#1616 = ORIENTED_EDGE ( 'NONE', *, *, #1324, .F. ) ;
#1617 = ORIENTED_EDGE ( 'NONE', *, *, #1574, .F. ) ;
#1618 = ORIENTED_EDGE ( 'NONE', *, *, #1573, .F. ) ;
#1619 = ORIENTED_EDGE ( 'NONE', *, *, #1371, .T. ) ;
#1620 = ORIENTED_EDGE ( 'NONE', *, *, #1122, .F. ) ;
#1621 = ORIENTED_EDGE ( 'NONE', *, *, #1639, .F. ) ;
#1622 = ORIENTED_EDGE ( 'NONE', *, *, #1722, .F. ) ;
#1623 = ORIENTED_EDGE ( 'NONE', *, *, #1658, .F. ) ;
#1624 = ORIENTED_EDGE ( 'NONE', *, *, #1625, .T. ) ;
#1625 = EDGE_CURVE ( 'NONE', #1577, #1626, #5647, .T. ) ;
#1626 = VERTEX_POINT ( 'NONE', #5643 ) ;
#1627 = ORIENTED_EDGE ( 'NONE', *, *, #1628, .T. ) ;
#1628 = EDGE_CURVE ( 'NONE', #1626, #1245, #5642, .T. ) ;
#1629 = ORIENTED_EDGE ( 'NONE', *, *, #1242, .F. ) ;
#1630 = ORIENTED_EDGE ( 'NONE', *, *, #922, .T. ) ;
#1631 = ADVANCED_FACE ( 'NONE', ( #5638 ), #5637, .F. ) ;
#1632 = EDGE_LOOP ( 'NONE', ( #1633, #1634, #1648, #1649 ) ) ;
#1633 = ORIENTED_EDGE ( 'NONE', *, *, #842, .T. ) ;
#1634 = ORIENTED_EDGE ( 'NONE', *, *, #1244, .F. ) ;
#1635 = EDGE_LOOP ( 'NONE', ( #1636, #1637, #1638, #1440, #1116, #1117 ) ) ;
#1636 = ORIENTED_EDGE ( 'NONE', *, *, #1269, .F. ) ;
#1637 = ORIENTED_EDGE ( 'NONE', *, *, #1725, .F. ) ;
#1638 = ORIENTED_EDGE ( 'NONE', *, *, #1639, .T. ) ;
#1639 = EDGE_CURVE ( 'NONE', #1723, #1640, #5635, .T. ) ;
#1640 = VERTEX_POINT ( 'NONE', #5628 ) ;
#1641 = ORIENTED_EDGE ( 'NONE', *, *, #1106, .F. ) ;
#1642 = ORIENTED_EDGE ( 'NONE', *, *, #1114, .F. ) ;
#1643 = ORIENTED_EDGE ( 'NONE', *, *, #1196, .F. ) ;
#1644 = EDGE_LOOP ( 'NONE', ( #1433, #1434, #1435, #1436, #1437, #1721, #1724, #1726 ) ) ;
#1645 = ORIENTED_EDGE ( 'NONE', *, *, #1331, .F. ) ;
#1646 = ORIENTED_EDGE ( 'NONE', *, *, #1316, .F. ) ;
#1647 = ORIENTED_EDGE ( 'NONE', *, *, #1132, .F. ) ;
#1648 = ORIENTED_EDGE ( 'NONE', *, *, #1628, .F. ) ;
#1649 = ORIENTED_EDGE ( 'NONE', *, *, #1650, .T. ) ;
#1650 = EDGE_CURVE ( 'NONE', #1626, #843, #5627, .T. ) ;
#1651 = ADVANCED_FACE ( 'NONE', ( #5623 ), #5622, .F. ) ;
#1652 = EDGE_LOOP ( 'NONE', ( #1653, #1654, #1578, #1580 ) ) ;
#1653 = ORIENTED_EDGE ( 'NONE', *, *, #1259, .F. ) ;
#1654 = ORIENTED_EDGE ( 'NONE', *, *, #1655, .T. ) ;
#1655 = EDGE_CURVE ( 'NONE', #1138, #1656, #5620, .T. ) ;
#1656 = VERTEX_POINT ( 'NONE', #5613 ) ;
#1657 = ORIENTED_EDGE ( 'NONE', *, *, #1658, .T. ) ;
#1658 = EDGE_CURVE ( 'NONE', #1577, #1347, #5612, .T. ) ;
#1659 = ORIENTED_EDGE ( 'NONE', *, *, #1370, .F. ) ;
#1660 = ORIENTED_EDGE ( 'NONE', *, *, #606, .F. ) ;
#1661 = ORIENTED_EDGE ( 'NONE', *, *, #1286, .T. ) ;
#1662 = EDGE_CURVE ( 'NONE', #1030, #1577, #5608, .T. ) ;
#1663 = ADVANCED_FACE ( 'NONE', ( #5604 ), #5603, .F. ) ;
#1664 = ADVANCED_FACE ( 'NONE', ( #5598 ), #5597, .T. ) ;
#1665 = EDGE_LOOP ( 'NONE', ( #1666, #1668, #1669, #1670, #1671, #1672 ) ) ;
#1666 = ORIENTED_EDGE ( 'NONE', *, *, #1667, .T. ) ;
#1667 = EDGE_CURVE ( 'NONE', #1656, #1189, #5592, .T. ) ;
#1668 = ORIENTED_EDGE ( 'NONE', *, *, #1172, .T. ) ;
#1669 = ORIENTED_EDGE ( 'NONE', *, *, #1146, .T. ) ;
#1670 = ORIENTED_EDGE ( 'NONE', *, *, #1252, .T. ) ;
#1671 = ORIENTED_EDGE ( 'NONE', *, *, #1164, .T. ) ;
#1672 = ORIENTED_EDGE ( 'NONE', *, *, #1579, .T. ) ;
#1673 = ORIENTED_EDGE ( 'NONE', *, *, #1705, .F. ) ;
#1674 = ORIENTED_EDGE ( 'NONE', *, *, #1693, .F. ) ;
#1675 = ORIENTED_EDGE ( 'NONE', *, *, #1276, .F. ) ;
#1676 = ORIENTED_EDGE ( 'NONE', *, *, #882, .T. ) ;
#1677 = ORIENTED_EDGE ( 'NONE', *, *, #540, .F. ) ;
#1678 = ORIENTED_EDGE ( 'NONE', *, *, #1179, .F. ) ;
#1679 = ORIENTED_EDGE ( 'NONE', *, *, #1680, .T. ) ;
#1680 = EDGE_CURVE ( 'NONE', #1175, #1572, #5587, .T. ) ;
#1681 = ADVANCED_FACE ( 'NONE', ( #5583 ), #5809, .F. ) ;
#1682 = EDGE_LOOP ( 'NONE', ( #1683, #1684, #1685, #1686, #1518, #1533 ) ) ;
#1683 = ORIENTED_EDGE ( 'NONE', *, *, #1713, .F. ) ;
#1684 = ORIENTED_EDGE ( 'NONE', *, *, #1698, .F. ) ;
#1685 = ORIENTED_EDGE ( 'NONE', *, *, #1571, .F. ) ;
#1686 = ORIENTED_EDGE ( 'NONE', *, *, #1052, .T. ) ;
#1687 = EDGE_CURVE ( 'NONE', #1688, #568, #5834, .T. ) ;
#1688 = VERTEX_POINT ( 'NONE', #5830 ) ;
#1689 = ORIENTED_EDGE ( 'NONE', *, *, #724, .F. ) ;
#1690 = ORIENTED_EDGE ( 'NONE', *, *, #701, .F. ) ;
#1691 = ORIENTED_EDGE ( 'NONE', *, *, #1279, .F. ) ;
#1692 = ORIENTED_EDGE ( 'NONE', *, *, #1693, .T. ) ;
#1693 = EDGE_CURVE ( 'NONE', #1277, #1688, #5829, .T. ) ;
#1694 = ADVANCED_FACE ( 'NONE', ( #5825 ), #5824, .F. ) ;
#1695 = EDGE_LOOP ( 'NONE', ( #1696, #1700, #1702, #1703, #1704 ) ) ;
#1696 = ORIENTED_EDGE ( 'NONE', *, *, #1698, .T. ) ;
#1697 = VERTEX_POINT ( 'NONE', #5819 ) ;
#1698 = EDGE_CURVE ( 'NONE', #1697, #1699, #5818, .T. ) ;
#1699 = VERTEX_POINT ( 'NONE', #5814 ) ;
#1700 = ORIENTED_EDGE ( 'NONE', *, *, #1701, .T. ) ;
#1701 = EDGE_CURVE ( 'NONE', #1699, #576, #5813, .T. ) ;
#1702 = ORIENTED_EDGE ( 'NONE', *, *, #734, .F. ) ;
#1703 = ORIENTED_EDGE ( 'NONE', *, *, #1687, .F. ) ;
#1704 = ORIENTED_EDGE ( 'NONE', *, *, #1705, .T. ) ;
#1705 = EDGE_CURVE ( 'NONE', #1688, #1697, #6041, .T. ) ;
#1706 = ADVANCED_FACE ( 'NONE', ( #6037 ), #6036, .F. ) ;
#1707 = EDGE_LOOP ( 'NONE', ( #1708, #1709, #1710, #1711, #1712 ) ) ;
#1708 = ORIENTED_EDGE ( 'NONE', *, *, #1283, .F. ) ;
#1709 = ORIENTED_EDGE ( 'NONE', *, *, #825, .F. ) ;
#1710 = ORIENTED_EDGE ( 'NONE', *, *, #817, .F. ) ;
#1711 = ORIENTED_EDGE ( 'NONE', *, *, #1701, .F. ) ;
#1712 = ORIENTED_EDGE ( 'NONE', *, *, #1713, .T. ) ;
#1713 = EDGE_CURVE ( 'NONE', #1699, #1284, #6034, .T. ) ;
#1714 = ADVANCED_FACE ( 'NONE', ( #6027, #6026 ), #6025, .F. ) ;
#1715 = EDGE_LOOP ( 'NONE', ( #1716, #1717, #1718, #1719, #1720, #1641, #1642, #1643 ) ) ;
#1716 = ORIENTED_EDGE ( 'NONE', *, *, #1101, .F. ) ;
#1717 = ORIENTED_EDGE ( 'NONE', *, *, #1399, .F. ) ;
#1718 = ORIENTED_EDGE ( 'NONE', *, *, #1393, .F. ) ;
#1719 = ORIENTED_EDGE ( 'NONE', *, *, #1087, .F. ) ;
#1720 = ORIENTED_EDGE ( 'NONE', *, *, #1222, .F. ) ;
#1721 = ORIENTED_EDGE ( 'NONE', *, *, #1722, .T. ) ;
#1722 = EDGE_CURVE ( 'NONE', #1439, #1723, #6020, .T. ) ;
#1723 = VERTEX_POINT ( 'NONE', #6016 ) ;
#1724 = ORIENTED_EDGE ( 'NONE', *, *, #1725, .T. ) ;
#1725 = EDGE_CURVE ( 'NONE', #1723, #1267, #6015, .T. ) ;
#1726 = ORIENTED_EDGE ( 'NONE', *, *, #1257, .F. ) ;
#1727 = ADVANCED_FACE ( 'NONE', ( #6011 ), #6010, .F. ) ;
#1728 = ADVANCED_FACE ( 'NONE', ( #6004 ), #6008, .F. ) ;
#1729 = EDGE_LOOP ( 'NONE', ( #1730, #1731, #1732, #1805, #1808, #1810 ) ) ;
#1730 = ORIENTED_EDGE ( 'NONE', *, *, #728, .F. ) ;
#1731 = ORIENTED_EDGE ( 'NONE', *, *, #1971, .F. ) ;
#1732 = ORIENTED_EDGE ( 'NONE', *, *, #1804, .T. ) ;
#1733 = VERTEX_POINT ( 'NONE', #5999 ) ;
#1734 = VERTEX_POINT ( 'NONE', #5998 ) ;
#1735 = EDGE_CURVE ( 'NONE', #725, #715, #5996, .T. ) ;
#1736 = ADVANCED_FACE ( 'NONE', ( #5992 ), #5938, .T. ) ;
#1737 = EDGE_LOOP ( 'NONE', ( #1793, #1769, #1771, #1773 ) ) ;
#1738 = EDGE_CURVE ( 'NONE', #1734, #1739, #5933, .T. ) ;
#1739 = VERTEX_POINT ( 'NONE', #5929 ) ;
#1740 = ORIENTED_EDGE ( 'NONE', *, *, #1741, .F. ) ;
#1741 = EDGE_CURVE ( 'NONE', #460, #1739, #5928, .T. ) ;
#1742 = VERTEX_POINT ( 'NONE', #5924 ) ;
#1743 = ORIENTED_EDGE ( 'NONE', *, *, #1744, .F. ) ;
#1744 = EDGE_CURVE ( 'NONE', #98, #1742, #5922, .T. ) ;
#1745 = ADVANCED_FACE ( 'NONE', ( #5918 ), #5900, .T. ) ;
#1746 = EDGE_LOOP ( 'NONE', ( #1747, #1748, #1749, #1750, #1781, #1782, #1784, #1785 ) ) ;
#1747 = ORIENTED_EDGE ( 'NONE', *, *, #111, .T. ) ;
#1748 = ORIENTED_EDGE ( 'NONE', *, *, #743, .T. ) ;
#1749 = ORIENTED_EDGE ( 'NONE', *, *, #458, .T. ) ;
#1750 = ORIENTED_EDGE ( 'NONE', *, *, #104, .T. ) ;
#1751 = EDGE_CURVE ( 'NONE', #1767, #654, #5894, .T. ) ;
#1752 = ORIENTED_EDGE ( 'NONE', *, *, #440, .F. ) ;
#1753 = ADVANCED_FACE ( 'NONE', ( #5890 ), #5872, .F. ) ;
#1754 = ORIENTED_EDGE ( 'NONE', *, *, #1806, .F. ) ;
#1755 = ORIENTED_EDGE ( 'NONE', *, *, #1756, .T. ) ;
#1756 = EDGE_CURVE ( 'NONE', #1733, #1757, #5867, .T. ) ;
#1757 = VERTEX_POINT ( 'NONE', #5863 ) ;
#1758 = ORIENTED_EDGE ( 'NONE', *, *, #1759, .F. ) ;
#1759 = EDGE_CURVE ( 'NONE', #1925, #1757, #5861, .T. ) ;
#1760 = ADVANCED_FACE ( 'NONE', ( #5857 ), #5839, .F. ) ;
#1761 = EDGE_LOOP ( 'NONE', ( #1762, #1765, #1768, #1752 ) ) ;
#1762 = ORIENTED_EDGE ( 'NONE', *, *, #1763, .T. ) ;
#1763 = EDGE_CURVE ( 'NONE', #488, #1764, #5975, .T. ) ;
#1764 = VERTEX_POINT ( 'NONE', #5971 ) ;
#1765 = ORIENTED_EDGE ( 'NONE', *, *, #1766, .T. ) ;
#1766 = EDGE_CURVE ( 'NONE', #1764, #1767, #5970, .T. ) ;
#1767 = VERTEX_POINT ( 'NONE', #5966 ) ;
#1768 = ORIENTED_EDGE ( 'NONE', *, *, #1751, .T. ) ;
#1769 = ORIENTED_EDGE ( 'NONE', *, *, #1770, .F. ) ;
#1770 = EDGE_CURVE ( 'NONE', #1803, #446, #5965, .T. ) ;
#1771 = ORIENTED_EDGE ( 'NONE', *, *, #1772, .T. ) ;
#1772 = EDGE_CURVE ( 'NONE', #1803, #1734, #5961, .T. ) ;
#1773 = ORIENTED_EDGE ( 'NONE', *, *, #1774, .T. ) ;
#1774 = EDGE_CURVE ( 'NONE', #1734, #108, #5957, .T. ) ;
#1775 = ADVANCED_FACE ( 'NONE', ( #5952 ), #6143, .F. ) ;
#1776 = EDGE_LOOP ( 'NONE', ( #1777, #1778, #1779, #1780, #1740, #1794, #1795, #1796 ) ) ;
#1777 = ORIENTED_EDGE ( 'NONE', *, *, #467, .F. ) ;
#1778 = ORIENTED_EDGE ( 'NONE', *, *, #92, .F. ) ;
#1779 = ORIENTED_EDGE ( 'NONE', *, *, #1774, .F. ) ;
#1780 = ORIENTED_EDGE ( 'NONE', *, *, #1738, .T. ) ;
#1781 = ORIENTED_EDGE ( 'NONE', *, *, #1744, .T. ) ;
#1782 = ORIENTED_EDGE ( 'NONE', *, *, #1783, .T. ) ;
#1783 = EDGE_CURVE ( 'NONE', #1742, #1803, #6138, .T. ) ;
#1784 = ORIENTED_EDGE ( 'NONE', *, *, #1770, .T. ) ;
#1785 = ORIENTED_EDGE ( 'NONE', *, *, #105, .T. ) ;
#1786 = ADVANCED_FACE ( 'NONE', ( #6134 ), #6132, .F. ) ;
#1787 = EDGE_LOOP ( 'NONE', ( #1788, #1791, #1970, #1972 ) ) ;
#1788 = ORIENTED_EDGE ( 'NONE', *, *, #1789, .F. ) ;
#1789 = EDGE_CURVE ( 'NONE', #1790, #582, #6133, .T. ) ;
#1790 = VERTEX_POINT ( 'NONE', #6124 ) ;
#1791 = ORIENTED_EDGE ( 'NONE', *, *, #1792, .T. ) ;
#1792 = EDGE_CURVE ( 'NONE', #1790, #1969, #6122, .T. ) ;
#1793 = ORIENTED_EDGE ( 'NONE', *, *, #116, .T. ) ;
#1794 = ORIENTED_EDGE ( 'NONE', *, *, #93, .F. ) ;
#1795 = ORIENTED_EDGE ( 'NONE', *, *, #574, .F. ) ;
#1796 = ORIENTED_EDGE ( 'NONE', *, *, #449, .F. ) ;
#1797 = ADVANCED_FACE ( 'NONE', ( #6118 ), #6163, .T. ) ;
#1798 = EDGE_LOOP ( 'NONE', ( #1799, #1800, #1801, #1743 ) ) ;
#1799 = ORIENTED_EDGE ( 'NONE', *, *, #463, .T. ) ;
#1800 = ORIENTED_EDGE ( 'NONE', *, *, #1741, .T. ) ;
#1801 = ORIENTED_EDGE ( 'NONE', *, *, #1802, .T. ) ;
#1802 = EDGE_CURVE ( 'NONE', #1739, #1742, #6158, .T. ) ;
#1803 = VERTEX_POINT ( 'NONE', #6154 ) ;
#1804 = EDGE_CURVE ( 'NONE', #1969, #1733, #6153, .T. ) ;
#1805 = ORIENTED_EDGE ( 'NONE', *, *, #1806, .T. ) ;
#1806 = EDGE_CURVE ( 'NONE', #1733, #1807, #6149, .T. ) ;
#1807 = VERTEX_POINT ( 'NONE', #6145 ) ;
#1808 = ORIENTED_EDGE ( 'NONE', *, *, #1809, .F. ) ;
#1809 = EDGE_CURVE ( 'NONE', #306, #1807, #6108, .T. ) ;
#1810 = ORIENTED_EDGE ( 'NONE', *, *, #270, .T. ) ;
#1811 = SURFACE_SIDE_STYLE ('',( #1973 ) ) ;
#1812 = DIRECTION ( 'NONE',  ( 0.0000000000000000000, 0.0000000000000000000, 1.000000000000000000 ) ) ;
#1813 = DIRECTION ( 'NONE',  ( -0.0000000000000000000, -1.000000000000000000, -0.0000000000000000000 ) ) ;
#1814 = CARTESIAN_POINT ( 'NONE',  ( 0.0000000000000000000, 0.2440000000000000200, 0.0000000000000000000 ) ) ;
#1815 = AXIS2_PLACEMENT_3D ( 'NONE', #1814, #1813, #1812 ) ;
#1816 = CIRCLE ( 'NONE', #1815, 0.3980000000000000200 ) ;
#1817 = PRESENTATION_STYLE_ASSIGNMENT (( #1818 ) ) ;
#1818 = SURFACE_STYLE_USAGE ( .BOTH. , #1811 ) ;
#1819 = CARTESIAN_POINT ( 'NONE',  ( 0.3779644425713626400, 0.2560000000000000100, -0.1246871290539610400 ) ) ;
#1820 = CARTESIAN_POINT ( 'NONE',  ( 0.3739679746959436200, 0.2292157468577905900, -0.1368016332874606400 ) ) ;
#1821 = CARTESIAN_POINT ( 'NONE',  ( 0.3693941290559867900, 0.2021949474582170100, -0.1487101556292366500 ) ) ;
#1822 = CARTESIAN_POINT ( 'NONE',  ( 0.3642534678752419300, 0.1750000000000000200, -0.1603851961399807300 ) ) ;
#1823 =( BOUNDED_CURVE ( )  B_SPLINE_CURVE ( 3, ( #1822, #1821, #1820, #1819 ),
 .UNSPECIFIED., .F., .T. ) 
 B_SPLINE_CURVE_WITH_KNOTS ( ( 4, 4 ),
 ( 4.821219464030067000, 4.917338348498677900 ),
 .UNSPECIFIED. ) 
 CURVE ( )  GEOMETRIC_REPRESENTATION_ITEM ( )  RATIONAL_B_SPLINE_CURVE ( ( 1.000000000000000000, 0.9992302448470846700, 0.9992302448470846700, 1.000000000000000000 ) ) 
 REPRESENTATION_ITEM ( '' )  );
#1824 = CARTESIAN_POINT ( 'NONE',  ( -0.1089999992809000800, 0.1384844059608611700, -0.1359837944984853800 ) ) ;
#1825 = CARTESIAN_POINT ( 'NONE',  ( -0.1238172514047464600, 0.1526404019671749000, -0.1079882759150224600 ) ) ;
#1826 = DIRECTION ( 'NONE',  ( 0.1546998482053022200, -0.7106800396137399300, -0.6862957367344412200 ) ) ;
#1827 = VECTOR ( 'NONE', #1826, 39.37007874015748900 ) ;
#1828 = CARTESIAN_POINT ( 'NONE',  ( -0.1249999999999999900, 0.1580738644319366900, -0.1027412422044663800 ) ) ;
#1829 = LINE ( 'NONE', #1828, #1827 ) ;
#1830 = CARTESIAN_POINT ( 'NONE',  ( -0.1249999999999999900, 0.1580738644319371100, -0.1027412422044660200 ) ) ;
#1831 = CARTESIAN_POINT ( 'NONE',  ( 0.0000000000000000000, 0.2440000000000000200, 0.3980000000000000200 ) ) ;
#1832 = DIRECTION ( 'NONE',  ( 0.0000000000000000000, 1.000000000000000000, 0.0000000000000000000 ) ) ;
#1833 = VECTOR ( 'NONE', #1832, 39.37007874015748100 ) ;
#1834 = CARTESIAN_POINT ( 'NONE',  ( 0.0000000000000000000, 0.1250000000000000300, 0.3980000000000000200 ) ) ;
#1835 = LINE ( 'NONE', #1834, #1833 ) ;
#1836 = CARTESIAN_POINT ( 'NONE',  ( 0.2188025399488205700, 0.1750000000000000200, -0.3324596945675442600 ) ) ;
#1837 = DIRECTION ( 'NONE',  ( 1.707404996040140100E-015, 0.8192393932575866600, 0.5734516688744928400 ) ) ;
#1838 = VECTOR ( 'NONE', #1837, 39.37007874015748900 ) ;
#1839 = CARTESIAN_POINT ( 'NONE',  ( 0.04699999999999991700, 0.1740461450146261200, -0.1867712212444028500 ) ) ;
#1840 = LINE ( 'NONE', #1839, #1838 ) ;
#1841 = CARTESIAN_POINT ( 'NONE',  ( -0.04699999999999986800, 0.1863347359134900900, -0.1781694462112853300 ) ) ;
#1842 = DIRECTION ( 'NONE',  ( 0.0000000000000000000, -0.8192393932575879900, -0.5734516688744909500 ) ) ;
#1843 = VECTOR ( 'NONE', #1842, 39.37007874015748900 ) ;
#1844 = CARTESIAN_POINT ( 'NONE',  ( -0.04699999999999988200, 0.1740461450146260900, -0.1867712212444028200 ) ) ;
#1845 = LINE ( 'NONE', #1844, #1843 ) ;
#1846 = DIRECTION ( 'NONE',  ( 0.0000000000000000000, 0.0000000000000000000, 1.000000000000000000 ) ) ;
#1847 = DIRECTION ( 'NONE',  ( -0.0000000000000000000, -1.000000000000000000, -0.0000000000000000000 ) ) ;
#1848 = CARTESIAN_POINT ( 'NONE',  ( 0.0000000000000000000, 0.2560000000000000100, 0.0000000000000000000 ) ) ;
#1849 = AXIS2_PLACEMENT_3D ( 'NONE', #1848, #1847, #1846 ) ;
#1850 = CIRCLE ( 'NONE', #1849, 0.3980000000000000200 ) ;
#1851 = CARTESIAN_POINT ( 'NONE',  ( 0.1325000000000000600, 0.2440000000000000200, 0.3752968824810566400 ) ) ;
#1852 = CARTESIAN_POINT ( 'NONE',  ( -0.04699999999999992400, 0.1740461450146260900, -0.1867712212444028200 ) ) ;
#1853 = DIRECTION ( 'NONE',  ( -0.6337277095819915400, 0.0000000000000000000, 0.7735561971233654300 ) ) ;
#1854 = DIRECTION ( 'NONE',  ( -0.7071067811865484600, 0.4054915637438946100, -0.5792897303875926800 ) ) ;
#1855 = CARTESIAN_POINT ( 'NONE',  ( -0.04699999999999995200, 0.1740461450146260900, -0.1867712212444028200 ) ) ;
#1856 = AXIS2_PLACEMENT_3D ( 'NONE', #1855, #1854, #1853 ) ;
#1857 = PLANE ( 'NONE',  #1856 ) ;
#1858 =( GEOMETRIC_REPRESENTATION_CONTEXT ( 3 ) GLOBAL_UNCERTAINTY_ASSIGNED_CONTEXT ( ( #1859 ) ) GLOBAL_UNIT_ASSIGNED_CONTEXT ( ( #1862, #1861, #1860 ) ) REPRESENTATION_CONTEXT ( 'NONE', 'WORKASPACE' ) );
#1859 = UNCERTAINTY_MEASURE_WITH_UNIT (LENGTH_MEASURE( 1.000000000000000100E-005 ), #1862, 'distance_accuracy_value', 'NONE');
#1860 =( NAMED_UNIT ( * ) SI_UNIT ( $, .STERADIAN. ) SOLID_ANGLE_UNIT ( ) );
#1861 =( NAMED_UNIT ( * ) PLANE_ANGLE_UNIT ( ) SI_UNIT ( $, .RADIAN. ) );
#1862 =( CONVERSION_BASED_UNIT ( 'INCH', #1863 ) LENGTH_UNIT ( ) NAMED_UNIT ( #1864 ) );
#1863 = LENGTH_MEASURE_WITH_UNIT ( LENGTH_MEASURE( 0.02539999999999999900 ), #1865 );
#1864 = DIMENSIONAL_EXPONENTS ( 1.000000000000000000, 0.0000000000000000000, 0.0000000000000000000, 0.0000000000000000000, 0.0000000000000000000, 0.0000000000000000000, 0.0000000000000000000 ) ;
#1865 =( LENGTH_UNIT ( ) NAMED_UNIT ( * ) SI_UNIT ( $, .METRE. ) );
#1866 = MECHANICAL_DESIGN_GEOMETRIC_PRESENTATION_REPRESENTATION (  '', ( #1868 ), #1858 ) ;
#1867 = PRESENTATION_LAYER_ASSIGNMENT (  '', '', ( #1868 ) ) ;
#1868 = STYLED_ITEM ( 'NONE', ( #1869 ), #25 ) ;
#1869 = PRESENTATION_STYLE_ASSIGNMENT (( #1870 ) ) ;
#1870 = SURFACE_STYLE_USAGE ( .BOTH. , #1871 ) ;
#1871 = SURFACE_SIDE_STYLE ('',( #1872 ) ) ;
#1872 = SURFACE_STYLE_FILL_AREA ( #1873 ) ;
#1873 = FILL_AREA_STYLE ('',( #1880 ) ) ;
#1874 = COLOUR_RGB ( '',0.9882352941176471000, 1.000000000000000000, 0.9882352941176471000 ) ;
#1875 = DIRECTION ( 'NONE',  ( 0.0000000000000000000, -0.8192393932575879900, -0.5734516688744909500 ) ) ;
#1876 = DIRECTION ( 'NONE',  ( 0.0000000000000000000, -0.5734516688744910600, 0.8192393932575881000 ) ) ;
#1877 = CARTESIAN_POINT ( 'NONE',  ( 0.1249999999999999400, 0.1740461450146260900, -0.1867712212444028200 ) ) ;
#1878 = AXIS2_PLACEMENT_3D ( 'NONE', #1877, #1876, #1875 ) ;
#1879 = FACE_OUTER_BOUND ( 'NONE', #33, .T. ) ;
#1880 = FILL_AREA_STYLE_COLOUR ( '', #1874 ) ;
#1881 = PLANE ( 'NONE',  #1878 ) ;
#1882 =( GEOMETRIC_REPRESENTATION_CONTEXT ( 3 ) GLOBAL_UNCERTAINTY_ASSIGNED_CONTEXT ( ( #1883 ) ) GLOBAL_UNIT_ASSIGNED_CONTEXT ( ( #1886, #1885, #1884 ) ) REPRESENTATION_CONTEXT ( 'NONE', 'WORKASPACE' ) );
#1883 = UNCERTAINTY_MEASURE_WITH_UNIT (LENGTH_MEASURE( 1.000000000000000100E-005 ), #1886, 'distance_accuracy_value', 'NONE');
#1884 =( NAMED_UNIT ( * ) SI_UNIT ( $, .STERADIAN. ) SOLID_ANGLE_UNIT ( ) );
#1885 =( NAMED_UNIT ( * ) PLANE_ANGLE_UNIT ( ) SI_UNIT ( $, .RADIAN. ) );
#1886 =( CONVERSION_BASED_UNIT ( 'INCH', #1887 ) LENGTH_UNIT ( ) NAMED_UNIT ( #1888 ) );
#1887 = LENGTH_MEASURE_WITH_UNIT ( LENGTH_MEASURE( 0.02539999999999999900 ), #1889 );
#1888 = DIMENSIONAL_EXPONENTS ( 1.000000000000000000, 0.0000000000000000000, 0.0000000000000000000, 0.0000000000000000000, 0.0000000000000000000, 0.0000000000000000000, 0.0000000000000000000 ) ;
#1889 =( LENGTH_UNIT ( ) NAMED_UNIT ( * ) SI_UNIT ( $, .METRE. ) );
#1890 = MECHANICAL_DESIGN_GEOMETRIC_PRESENTATION_REPRESENTATION (  '', ( #1892 ), #1882 ) ;
#1891 = PRESENTATION_LAYER_ASSIGNMENT (  '', '', ( #1892 ) ) ;
#1892 = STYLED_ITEM ( 'NONE', ( #1893 ), #23 ) ;
#1893 = PRESENTATION_STYLE_ASSIGNMENT (( #1894 ) ) ;
#1894 = SURFACE_STYLE_USAGE ( .BOTH. , #1895 ) ;
#1895 = SURFACE_SIDE_STYLE ('',( #1896 ) ) ;
#1896 = SURFACE_STYLE_FILL_AREA ( #1897 ) ;
#1897 = FILL_AREA_STYLE ('',( #1904 ) ) ;
#1898 = COLOUR_RGB ( '',0.9882352941176471000, 1.000000000000000000, 0.9882352941176471000 ) ;
#1899 = FACE_OUTER_BOUND ( 'NONE', #24, .T. ) ;
#1900 = DIRECTION ( 'NONE',  ( -0.7071067770858992000, -0.4055797900246748700, 0.5792279686986229200 ) ) ;
#1901 = VECTOR ( 'NONE', #1900, 39.37007874015748900 ) ;
#1902 = CARTESIAN_POINT ( 'NONE',  ( -0.04699999999999988200, 0.1863347359134901200, -0.1781694462112853300 ) ) ;
#1903 = LINE ( 'NONE', #1902, #1901 ) ;
#1904 = FILL_AREA_STYLE_COLOUR ( '', #1898 ) ;
#1905 = CARTESIAN_POINT ( 'NONE',  ( 0.1325000000000000600, 0.2560000000000000100, 0.3752968824810566400 ) ) ;
#1906 = DIRECTION ( 'NONE',  ( 0.0000000000000000000, 1.000000000000000000, 0.0000000000000000000 ) ) ;
#1907 = VECTOR ( 'NONE', #1906, 39.37007874015748100 ) ;
#1908 = CARTESIAN_POINT ( 'NONE',  ( 0.2188025399488205700, 0.1250000000000000300, -0.3324596945675442600 ) ) ;
#1909 = LINE ( 'NONE', #1908, #1907 ) ;
#1910 = DIRECTION ( 'NONE',  ( 0.0000000000000000000, 0.0000000000000000000, 1.000000000000000000 ) ) ;
#1911 = DIRECTION ( 'NONE',  ( 0.0000000000000000000, 1.000000000000000000, 0.0000000000000000000 ) ) ;
#1912 = AXIS2_PLACEMENT_3D ( 'NONE', #1914, #1911, #1910 ) ;
#1913 = CARTESIAN_POINT ( 'NONE',  ( 0.2188025399488205700, 0.1250000000000000300, -0.3324596945675442100 ) ) ;
#1914 = CARTESIAN_POINT ( 'NONE',  ( 0.0000000000000000000, 0.1250000000000000300, 0.0000000000000000000 ) ) ;
#1915 = CYLINDRICAL_SURFACE ( 'NONE', #1912, 0.3980000000000000200 ) ;
#1916 = FACE_OUTER_BOUND ( 'NONE', #15, .T. ) ;
#1917 = DIRECTION ( 'NONE',  ( 0.0000000000000000000, 0.0000000000000000000, 1.000000000000000000 ) ) ;
#1918 = DIRECTION ( 'NONE',  ( 0.0000000000000000000, 1.000000000000000000, 0.0000000000000000000 ) ) ;
#1919 = AXIS2_PLACEMENT_3D ( 'NONE', #1930, #1918, #1917 ) ;
#1920 = CIRCLE ( 'NONE', #1919, 0.3980000000000000200 ) ;
#1921 = ADVANCED_FACE ( 'NONE', ( #6104 ), #6103, .F. ) ;
#1922 = EDGE_LOOP ( 'NONE', ( #1923, #1754, #1755, #1758 ) ) ;
#1923 = ORIENTED_EDGE ( 'NONE', *, *, #1924, .T. ) ;
#1924 = EDGE_CURVE ( 'NONE', #1925, #1807, #6098, .T. ) ;
#1925 = VERTEX_POINT ( 'NONE', #6094 ) ;
#1926 = EDGE_CURVE ( 'NONE', #1505, #1461, #6093, .T. ) ;
#1927 = DIRECTION ( 'NONE',  ( 0.0000000000000000000, 1.000000000000000000, 0.0000000000000000000 ) ) ;
#1928 = VECTOR ( 'NONE', #1927, 39.37007874015748100 ) ;
#1929 = CARTESIAN_POINT ( 'NONE',  ( 0.1325000000000000600, 0.06200000000000001300, 0.3752968824810566400 ) ) ;
#1930 = CARTESIAN_POINT ( 'NONE',  ( 0.0000000000000000000, 0.1250000000000000300, 0.0000000000000000000 ) ) ;
#1931 = LINE ( 'NONE', #1929, #1928 ) ;
#1932 = DIRECTION ( 'NONE',  ( 0.7071067770858990900, 0.4055797900246749200, -0.5792279686986232500 ) ) ;
#1933 = VECTOR ( 'NONE', #1932, 39.37007874015748100 ) ;
#1934 = CARTESIAN_POINT ( 'NONE',  ( -0.1089999992809000800, 0.1384844059608611700, -0.1359837944984853800 ) ) ;
#1935 = LINE ( 'NONE', #1934, #1933 ) ;
#1936 = DIRECTION ( 'NONE',  ( 0.0000000000000000000, 0.0000000000000000000, 1.000000000000000000 ) ) ;
#1937 = DIRECTION ( 'NONE',  ( -1.000000000000000000, 0.0000000000000000000, 0.0000000000000000000 ) ) ;
#1938 = CARTESIAN_POINT ( 'NONE',  ( 0.005391982702854568800, 0.2207395522218847700, -0.03805520016709851300 ) ) ;
#1939 = AXIS2_PLACEMENT_3D ( 'NONE', #1938, #1937, #1936 ) ;
#1940 = PLANE ( 'NONE',  #1939 ) ;
#1941 =( GEOMETRIC_REPRESENTATION_CONTEXT ( 3 ) GLOBAL_UNCERTAINTY_ASSIGNED_CONTEXT ( ( #1942 ) ) GLOBAL_UNIT_ASSIGNED_CONTEXT ( ( #1945, #1944, #1943 ) ) REPRESENTATION_CONTEXT ( 'NONE', 'WORKASPACE' ) );
#1942 = UNCERTAINTY_MEASURE_WITH_UNIT (LENGTH_MEASURE( 1.000000000000000100E-005 ), #1945, 'distance_accuracy_value', 'NONE');
#1943 =( NAMED_UNIT ( * ) SI_UNIT ( $, .STERADIAN. ) SOLID_ANGLE_UNIT ( ) );
#1944 =( NAMED_UNIT ( * ) PLANE_ANGLE_UNIT ( ) SI_UNIT ( $, .RADIAN. ) );
#1945 =( CONVERSION_BASED_UNIT ( 'INCH', #1946 ) LENGTH_UNIT ( ) NAMED_UNIT ( #1947 ) );
#1946 = LENGTH_MEASURE_WITH_UNIT ( LENGTH_MEASURE( 0.02539999999999999900 ), #1948 );
#1947 = DIMENSIONAL_EXPONENTS ( 1.000000000000000000, 0.0000000000000000000, 0.0000000000000000000, 0.0000000000000000000, 0.0000000000000000000, 0.0000000000000000000, 0.0000000000000000000 ) ;
#1948 =( LENGTH_UNIT ( ) NAMED_UNIT ( * ) SI_UNIT ( $, .METRE. ) );
#1949 = MECHANICAL_DESIGN_GEOMETRIC_PRESENTATION_REPRESENTATION (  '', ( #1951 ), #1941 ) ;
#1950 = PRESENTATION_LAYER_ASSIGNMENT (  '', '', ( #1951 ) ) ;
#1951 = STYLED_ITEM ( 'NONE', ( #1952 ), #9 ) ;
#1952 = PRESENTATION_STYLE_ASSIGNMENT (( #1953 ) ) ;
#1953 = SURFACE_STYLE_USAGE ( .BOTH. , #1954 ) ;
#1954 = SURFACE_SIDE_STYLE ('',( #1955 ) ) ;
#1955 = SURFACE_STYLE_FILL_AREA ( #1956 ) ;
#1956 = FILL_AREA_STYLE ('',( #1962 ) ) ;
#1957 = COLOUR_RGB ( '',0.9882352941176471000, 1.000000000000000000, 0.9882352941176471000 ) ;
#1958 = FACE_OUTER_BOUND ( 'NONE', #10, .T. ) ;
#1959 = DIRECTION ( 'NONE',  ( -1.000000000000000000, 0.0000000000000000000, -0.0000000000000000000 ) ) ;
#1960 = VECTOR ( 'NONE', #1959, 39.37007874015748100 ) ;
#1961 = CARTESIAN_POINT ( 'NONE',  ( 0.1249999999999999900, 0.2228235273332617700, -0.04021321956811441800 ) ) ;
#1962 = FILL_AREA_STYLE_COLOUR ( '', #1957 ) ;
#1963 = LINE ( 'NONE', #1961, #1960 ) ;
#1964 = DIRECTION ( 'NONE',  ( 0.0000000000000000000, -0.6946583704590018100, 0.7193398003386467500 ) ) ;
#1965 = VECTOR ( 'NONE', #1964, 39.37007874015748900 ) ;
#1966 = CARTESIAN_POINT ( 'NONE',  ( 0.005391982702854568800, 0.2228235273332617700, -0.04021321956811446000 ) ) ;
#1967 = LINE ( 'NONE', #1966, #1965 ) ;
#1968 = CARTESIAN_POINT ( 'NONE',  ( 0.005391982702854562800, 0.2228235273332617700, -0.04021321956811446000 ) ) ;
#1969 = VERTEX_POINT ( 'NONE', #6089 ) ;
#1970 = ORIENTED_EDGE ( 'NONE', *, *, #1971, .T. ) ;
#1971 = EDGE_CURVE ( 'NONE', #1969, #560, #6088, .T. ) ;
#1972 = ORIENTED_EDGE ( 'NONE', *, *, #751, .F. ) ;
#1973 = SURFACE_STYLE_FILL_AREA ( #1974 ) ;
#1974 = FILL_AREA_STYLE ('',( #1975 ) ) ;
#1975 = FILL_AREA_STYLE_COLOUR ( '', #1976 ) ;
#1976 = COLOUR_RGB ( '',0.9882352941176471000, 1.000000000000000000, 0.9882352941176471000 ) ;
#1977 = FACE_OUTER_BOUND ( 'NONE', #447, .T. ) ;
#1978 = CARTESIAN_POINT ( 'NONE',  ( -0.005712583075000211100, 0.03043568429449267100, -0.2259999999999999500 ) ) ;
#1979 = DIRECTION ( 'NONE',  ( 0.0000000000000000000, 0.0000000000000000000, 1.000000000000000000 ) ) ;
#1980 = DIRECTION ( 'NONE',  ( -1.000000000000000000, 0.0000000000000000000, 0.0000000000000000000 ) ) ;
#1981 = CARTESIAN_POINT ( 'NONE',  ( 0.006653659606203120000, 0.01034901176261828600, -0.2412269834142066700 ) ) ;
#1982 = AXIS2_PLACEMENT_3D ( 'NONE', #1981, #1980, #1979 ) ;
#1983 = PLANE ( 'NONE',  #1982 ) ;
#1984 =( GEOMETRIC_REPRESENTATION_CONTEXT ( 3 ) GLOBAL_UNCERTAINTY_ASSIGNED_CONTEXT ( ( #1985 ) ) GLOBAL_UNIT_ASSIGNED_CONTEXT ( ( #1988, #1987, #1986 ) ) REPRESENTATION_CONTEXT ( 'NONE', 'WORKASPACE' ) );
#1985 = UNCERTAINTY_MEASURE_WITH_UNIT (LENGTH_MEASURE( 1.000000000000000100E-005 ), #1988, 'distance_accuracy_value', 'NONE');
#1986 =( NAMED_UNIT ( * ) SI_UNIT ( $, .STERADIAN. ) SOLID_ANGLE_UNIT ( ) );
#1987 =( NAMED_UNIT ( * ) PLANE_ANGLE_UNIT ( ) SI_UNIT ( $, .RADIAN. ) );
#1988 =( CONVERSION_BASED_UNIT ( 'INCH', #1989 ) LENGTH_UNIT ( ) NAMED_UNIT ( #1990 ) );
#1989 = LENGTH_MEASURE_WITH_UNIT ( LENGTH_MEASURE( 0.02539999999999999900 ), #1991 );
#1990 = DIMENSIONAL_EXPONENTS ( 1.000000000000000000, 0.0000000000000000000, 0.0000000000000000000, 0.0000000000000000000, 0.0000000000000000000, 0.0000000000000000000, 0.0000000000000000000 ) ;
#1991 =( LENGTH_UNIT ( ) NAMED_UNIT ( * ) SI_UNIT ( $, .METRE. ) );
#1992 = MECHANICAL_DESIGN_GEOMETRIC_PRESENTATION_REPRESENTATION (  '', ( #1994 ), #1984 ) ;
#1993 = PRESENTATION_LAYER_ASSIGNMENT (  '', '', ( #1994 ) ) ;
#1994 = STYLED_ITEM ( 'NONE', ( #1995 ), #100 ) ;
#1995 = PRESENTATION_STYLE_ASSIGNMENT (( #1996 ) ) ;
#1996 = SURFACE_STYLE_USAGE ( .BOTH. , #1997 ) ;
#1997 = SURFACE_SIDE_STYLE ('',( #1998 ) ) ;
#1998 = SURFACE_STYLE_FILL_AREA ( #1999 ) ;
#1999 = FILL_AREA_STYLE ('',( #2007 ) ) ;
#2000 = COLOUR_RGB ( '',0.9882352941176471000, 1.000000000000000000, 0.9882352941176471000 ) ;
#2001 = FACE_OUTER_BOUND ( 'NONE', #101, .T. ) ;
#2002 = LINE ( 'NONE', #2122, #2109 ) ;
#2003 = DIRECTION ( 'NONE',  ( 0.0000000000000000000, 0.6946583704589981400, -0.7193398003386501900 ) ) ;
#2004 = VECTOR ( 'NONE', #2003, 39.37007874015748900 ) ;
#2005 = CARTESIAN_POINT ( 'NONE',  ( 0.006653659606203120000, 0.03957718354096541300, -0.2130016660197238100 ) ) ;
#2006 = LINE ( 'NONE', #2005, #2004 ) ;
#2007 = FILL_AREA_STYLE_COLOUR ( '', #2000 ) ;
#2008 = CARTESIAN_POINT ( 'NONE',  ( -0.04634452331323965500, 0.03957718354096541300, -0.2130016660197238100 ) ) ;
#2009 = CARTESIAN_POINT ( 'NONE',  ( -0.005712583075000193800, 0.03957718354096541300, -0.2130016660197238100 ) ) ;
#2010 = DIRECTION ( 'NONE',  ( -1.000000000000000000, 0.0000000000000000000, -0.0000000000000000000 ) ) ;
#2011 = VECTOR ( 'NONE', #2010, 39.37007874015748100 ) ;
#2012 = CARTESIAN_POINT ( 'NONE',  ( -0.005712583075000198100, 0.04166115865234240600, -0.2151596854207397700 ) ) ;
#2013 = LINE ( 'NONE', #2012, #2011 ) ;
#2014 = DIRECTION ( 'NONE',  ( -1.000000000000000000, 0.0000000000000000000, -0.0000000000000000000 ) ) ;
#2015 = VECTOR ( 'NONE', #2014, 39.37007874015748100 ) ;
#2016 = CARTESIAN_POINT ( 'NONE',  ( -0.005712583075000198100, 0.04166115865234240600, -0.2151596854207397700 ) ) ;
#2017 = LINE ( 'NONE', #2016, #2015 ) ;
#2018 = DIRECTION ( 'NONE',  ( 1.000000000000000000, 0.0000000000000000000, 0.0000000000000000000 ) ) ;
#2019 = VECTOR ( 'NONE', #2018, 39.37007874015748100 ) ;
#2020 = CARTESIAN_POINT ( 'NONE',  ( -0.1249999999999999900, 0.1740461450146260900, -0.1867712212444028200 ) ) ;
#2021 = LINE ( 'NONE', #2020, #2019 ) ;
#2022 = CARTESIAN_POINT ( 'NONE',  ( 0.1238172514047464800, 0.1526404019671749000, -0.1079882759150224600 ) ) ;
#2023 = CARTESIAN_POINT ( 'NONE',  ( 0.1226070014230416800, 0.1470806000997612900, -0.1133573141685352600 ) ) ;
#2024 = CARTESIAN_POINT ( 'NONE',  ( 0.1167290333206008300, 0.1463398050073797300, -0.1210507653579355300 ) ) ;
#2025 = CARTESIAN_POINT ( 'NONE',  ( 0.1089999992809001100, 0.1507729968597251400, -0.1273820194653678400 ) ) ;
#2026 =( BOUNDED_CURVE ( )  B_SPLINE_CURVE ( 3, ( #2025, #2024, #2023, #2022 ),
 .UNSPECIFIED., .F., .T. ) 
 B_SPLINE_CURVE_WITH_KNOTS ( ( 4, 4 ),
 ( 4.712236675540486500, 6.125953369655892500 ),
 .UNSPECIFIED. ) 
 CURVE ( )  GEOMETRIC_REPRESENTATION_ITEM ( )  RATIONAL_B_SPLINE_CURVE ( ( 1.000000000000000000, 0.8402706437333541400, 0.8402706437333541400, 1.000000000000000000 ) ) 
 REPRESENTATION_ITEM ( '' )  );
#2027 = DIRECTION ( 'NONE',  ( -0.6337277095819915400, 0.0000000000000000000, -0.7735561971233654300 ) ) ;
#2028 = DIRECTION ( 'NONE',  ( 0.7071067811865484600, 0.4054915637438946100, -0.5792897303875926800 ) ) ;
#2029 = CARTESIAN_POINT ( 'NONE',  ( 0.04699999999999995200, 0.1740461450146260900, -0.1867712212444028200 ) ) ;
#2030 = AXIS2_PLACEMENT_3D ( 'NONE', #2029, #2028, #2027 ) ;
#2031 = PLANE ( 'NONE',  #2030 ) ;
#2032 =( GEOMETRIC_REPRESENTATION_CONTEXT ( 3 ) GLOBAL_UNCERTAINTY_ASSIGNED_CONTEXT ( ( #2033 ) ) GLOBAL_UNIT_ASSIGNED_CONTEXT ( ( #2036, #2035, #2034 ) ) REPRESENTATION_CONTEXT ( 'NONE', 'WORKASPACE' ) );
#2033 = UNCERTAINTY_MEASURE_WITH_UNIT (LENGTH_MEASURE( 1.000000000000000100E-005 ), #2036, 'distance_accuracy_value', 'NONE');
#2034 =( NAMED_UNIT ( * ) SI_UNIT ( $, .STERADIAN. ) SOLID_ANGLE_UNIT ( ) );
#2035 =( NAMED_UNIT ( * ) PLANE_ANGLE_UNIT ( ) SI_UNIT ( $, .RADIAN. ) );
#2036 =( CONVERSION_BASED_UNIT ( 'INCH', #2037 ) LENGTH_UNIT ( ) NAMED_UNIT ( #2038 ) );
#2037 = LENGTH_MEASURE_WITH_UNIT ( LENGTH_MEASURE( 0.02539999999999999900 ), #2039 );
#2038 = DIMENSIONAL_EXPONENTS ( 1.000000000000000000, 0.0000000000000000000, 0.0000000000000000000, 0.0000000000000000000, 0.0000000000000000000, 0.0000000000000000000, 0.0000000000000000000 ) ;
#2039 =( LENGTH_UNIT ( ) NAMED_UNIT ( * ) SI_UNIT ( $, .METRE. ) );
#2040 = MECHANICAL_DESIGN_GEOMETRIC_PRESENTATION_REPRESENTATION (  '', ( #2042 ), #2032 ) ;
#2041 = PRESENTATION_LAYER_ASSIGNMENT (  '', '', ( #2042 ) ) ;
#2042 = STYLED_ITEM ( 'NONE', ( #2043 ), #89 ) ;
#2043 = PRESENTATION_STYLE_ASSIGNMENT (( #2044 ) ) ;
#2044 = SURFACE_STYLE_USAGE ( .BOTH. , #2045 ) ;
#2045 = SURFACE_SIDE_STYLE ('',( #2046 ) ) ;
#2046 = SURFACE_STYLE_FILL_AREA ( #2047 ) ;
#2047 = FILL_AREA_STYLE ('',( #2054 ) ) ;
#2048 = COLOUR_RGB ( '',0.9882352941176471000, 1.000000000000000000, 0.9882352941176471000 ) ;
#2049 = FACE_OUTER_BOUND ( 'NONE', #88, .T. ) ;
#2050 = DIRECTION ( 'NONE',  ( -0.7071067770858987500, 0.4055797900246752000, -0.5792279686986232500 ) ) ;
#2051 = VECTOR ( 'NONE', #2050, 39.37007874015748900 ) ;
#2052 = CARTESIAN_POINT ( 'NONE',  ( 0.1089999992809000400, 0.1507729968597251700, -0.1273820194653679000 ) ) ;
#2053 = LINE ( 'NONE', #2052, #2051 ) ;
#2054 = FILL_AREA_STYLE_COLOUR ( '', #2048 ) ;
#2055 = CARTESIAN_POINT ( 'NONE',  ( 0.1089999992809001100, 0.1507729968597251400, -0.1273820194653678400 ) ) ;
#2056 = CARTESIAN_POINT ( 'NONE',  ( 0.1238172514047464800, 0.1526404019671749000, -0.1079882759150224600 ) ) ;
#2057 = DIRECTION ( 'NONE',  ( 0.1546998482053014700, 0.7106800396137410400, 0.6862957367344401100 ) ) ;
#2058 = VECTOR ( 'NONE', #2057, 39.37007874015748900 ) ;
#2059 = CARTESIAN_POINT ( 'NONE',  ( 0.1238172514047464800, 0.1526404019671748500, -0.1079882759150225000 ) ) ;
#2060 = LINE ( 'NONE', #2059, #2058 ) ;
#2061 = CARTESIAN_POINT ( 'NONE',  ( 0.1249999999999999900, 0.1580738644319367400, -0.1027412422044663300 ) ) ;
#2062 = DIRECTION ( 'NONE',  ( -5.599876358497133300E-016, -0.8192393932575877700, -0.5734516688744915000 ) ) ;
#2063 = VECTOR ( 'NONE', #2062, 39.37007874015748100 ) ;
#2064 = CARTESIAN_POINT ( 'NONE',  ( 0.1250000000000000000, 0.1580738644319367400, -0.1027412422044663400 ) ) ;
#2065 = LINE ( 'NONE', #2064, #2063 ) ;
#2066 = CARTESIAN_POINT ( 'NONE',  ( 0.1249999999999999600, 0.1330952159144842300, -0.1202258111796043700 ) ) ;
#2067 = CARTESIAN_POINT ( 'NONE',  ( 0.1089999992809000400, 0.1384844059608611700, -0.1359837944984853800 ) ) ;
#2068 = DIRECTION ( 'NONE',  ( 0.7071067770858995300, -0.4055797900246747000, 0.5792279686986229200 ) ) ;
#2069 = VECTOR ( 'NONE', #2068, 39.37007874015748100 ) ;
#2070 = CARTESIAN_POINT ( 'NONE',  ( 0.04699999999999988200, 0.1740461450146260900, -0.1867712212444028200 ) ) ;
#2071 = LINE ( 'NONE', #2070, #2069 ) ;
#2072 = CARTESIAN_POINT ( 'NONE',  ( 0.1089999992809000400, 0.1384844059608611700, -0.1359837944984853800 ) ) ;
#2073 = CARTESIAN_POINT ( 'NONE',  ( 0.1147006841605382300, 0.1352149830539114700, -0.1313138178239280900 ) ) ;
#2074 = CARTESIAN_POINT ( 'NONE',  ( 0.1201774875882224100, 0.1333702622294177200, -0.1259198570004630400 ) ) ;
#2075 = CARTESIAN_POINT ( 'NONE',  ( 0.1249999999999999600, 0.1330952159144842300, -0.1202258111796043700 ) ) ;
#2076 =( BOUNDED_CURVE ( )  B_SPLINE_CURVE ( 3, ( #2075, #2074, #2073, #2072 ),
 .UNSPECIFIED., .F., .T. ) 
 B_SPLINE_CURVE_WITH_KNOTS ( ( 4, 4 ),
 ( 1.008350074307863500, 1.570872479217000400 ),
 .UNSPECIFIED. ) 
 CURVE ( )  GEOMETRIC_REPRESENTATION_ITEM ( )  RATIONAL_B_SPLINE_CURVE ( ( 1.000000000000000000, 0.9738040890922530200, 0.9738040890922530200, 1.000000000000000000 ) ) 
 REPRESENTATION_ITEM ( '' )  );
#2077 = DIRECTION ( 'NONE',  ( -1.776356839400250500E-015, 0.0000000000000000000, 1.000000000000000000 ) ) ;
#2078 = DIRECTION ( 'NONE',  ( -0.0000000000000000000, -1.000000000000000000, -0.0000000000000000000 ) ) ;
#2079 = AXIS2_PLACEMENT_3D ( 'NONE', #2086, #2078, #2077 ) ;
#2080 = CIRCLE ( 'NONE', #2079, 0.3980000000000000200 ) ;
#2081 = CARTESIAN_POINT ( 'NONE',  ( -0.1089999992809001100, 0.1507729968597251400, -0.1273820194653678400 ) ) ;
#2082 = CARTESIAN_POINT ( 'NONE',  ( -0.1167290333206008300, 0.1463398050073797500, -0.1210507653579355200 ) ) ;
#2083 = CARTESIAN_POINT ( 'NONE',  ( -0.1226070014230416800, 0.1470806000997612600, -0.1133573141685353000 ) ) ;
#2084 = CARTESIAN_POINT ( 'NONE',  ( -0.1238172514047464600, 0.1526404019671749000, -0.1079882759150224600 ) ) ;
#2085 =( BOUNDED_CURVE ( )  B_SPLINE_CURVE ( 3, ( #2084, #2083, #2082, #2081 ),
 .UNSPECIFIED., .F., .T. ) 
 B_SPLINE_CURVE_WITH_KNOTS ( ( 4, 4 ),
 ( 3.298824591113486400, 4.712541285228892800 ),
 .UNSPECIFIED. ) 
 CURVE ( )  GEOMETRIC_REPRESENTATION_ITEM ( )  RATIONAL_B_SPLINE_CURVE ( ( 1.000000000000000000, 0.8402706437333540300, 0.8402706437333540300, 1.000000000000000000 ) ) 
 REPRESENTATION_ITEM ( '' )  );
#2086 = CARTESIAN_POINT ( 'NONE',  ( 0.0000000000000000000, 0.1750000000000000200, 0.0000000000000000000 ) ) ;
#2087 = CARTESIAN_POINT ( 'NONE',  ( -0.1089999992809001100, 0.1507729968597251400, -0.1273820194653678400 ) ) ;
#2088 = DIRECTION ( 'NONE',  ( 5.599876358497139200E-016, 0.8192393932575881000, 0.5734516688744909500 ) ) ;
#2089 = VECTOR ( 'NONE', #2088, 39.37007874015748900 ) ;
#2090 = CARTESIAN_POINT ( 'NONE',  ( -0.1250000000000000000, 0.1330952159144842000, -0.1202258111796043300 ) ) ;
#2091 = LINE ( 'NONE', #2090, #2089 ) ;
#2092 = CARTESIAN_POINT ( 'NONE',  ( -0.1250000000000000000, 0.1330952159144842000, -0.1202258111796043300 ) ) ;
#2093 = CARTESIAN_POINT ( 'NONE',  ( -0.1201774875882224100, 0.1333702622294177200, -0.1259198570004629900 ) ) ;
#2094 = CARTESIAN_POINT ( 'NONE',  ( -0.1147006841605382700, 0.1352149830539114700, -0.1313138178239280600 ) ) ;
#2095 = MECHANICAL_DESIGN_GEOMETRIC_PRESENTATION_REPRESENTATION (  '', ( #2097 ), #2114 ) ;
#2096 = PRESENTATION_LAYER_ASSIGNMENT (  '', '', ( #2097 ) ) ;
#2097 = STYLED_ITEM ( 'NONE', ( #2098 ), #57 ) ;
#2098 = PRESENTATION_STYLE_ASSIGNMENT (( #2099 ) ) ;
#2099 = SURFACE_STYLE_USAGE ( .BOTH. , #2100 ) ;
#2100 = SURFACE_SIDE_STYLE ('',( #2101 ) ) ;
#2101 = SURFACE_STYLE_FILL_AREA ( #2102 ) ;
#2102 = FILL_AREA_STYLE ('',( #2103 ) ) ;
#2103 = FILL_AREA_STYLE_COLOUR ( '', #2104 ) ;
#2104 = COLOUR_RGB ( '',0.2941176470588235400, 0.2941176470588235400, 0.2941176470588235400 ) ;
#2105 = CARTESIAN_POINT ( 'NONE',  ( 0.3642534678752419300, 0.1750000000000000200, -0.1603851961399807300 ) ) ;
#2106 = CARTESIAN_POINT ( 'NONE',  ( 0.04699999999999988200, 0.1740461450146260900, -0.1867712212444028200 ) ) ;
#2107 = CARTESIAN_POINT ( 'NONE',  ( 0.04699999999999994500, 0.1863347359134900900, -0.1781694462112853300 ) ) ;
#2108 = DIRECTION ( 'NONE',  ( -1.000000000000000000, -0.0000000000000000000, -0.0000000000000000000 ) ) ;
#2109 = VECTOR ( 'NONE', #2108, 39.37007874015748100 ) ;
#2110 = CARTESIAN_POINT ( 'NONE',  ( -0.1089999992809000800, 0.1384844059608611700, -0.1359837944984853800 ) ) ;
#2111 = CARTESIAN_POINT ( 'NONE',  ( 0.3779644425713626400, 0.2560000000000000100, -0.1246871290539610400 ) ) ;
#2112 = CARTESIAN_POINT ( 'NONE',  ( -0.1250000000000000000, 0.1330952159144842000, -0.1202258111796043300 ) ) ;
#2113 =( BOUNDED_CURVE ( )  B_SPLINE_CURVE ( 3, ( #2110, #2094, #2093, #2092 ),
 .UNSPECIFIED., .F., .T. ) 
 B_SPLINE_CURVE_WITH_KNOTS ( ( 4, 4 ),
 ( 1.570720174372793400, 2.133242579281931000 ),
 .UNSPECIFIED. ) 
 CURVE ( )  GEOMETRIC_REPRESENTATION_ITEM ( )  RATIONAL_B_SPLINE_CURVE ( ( 1.000000000000000000, 0.9738040890922528000, 0.9738040890922528000, 1.000000000000000000 ) ) 
 REPRESENTATION_ITEM ( '' )  );
#2114 =( GEOMETRIC_REPRESENTATION_CONTEXT ( 3 ) GLOBAL_UNCERTAINTY_ASSIGNED_CONTEXT ( ( #2115 ) ) GLOBAL_UNIT_ASSIGNED_CONTEXT ( ( #2118, #2117, #2116 ) ) REPRESENTATION_CONTEXT ( 'NONE', 'WORKASPACE' ) );
#2115 = UNCERTAINTY_MEASURE_WITH_UNIT (LENGTH_MEASURE( 1.000000000000000100E-005 ), #2118, 'distance_accuracy_value', 'NONE');
#2116 =( NAMED_UNIT ( * ) SI_UNIT ( $, .STERADIAN. ) SOLID_ANGLE_UNIT ( ) );
#2117 =( NAMED_UNIT ( * ) PLANE_ANGLE_UNIT ( ) SI_UNIT ( $, .RADIAN. ) );
#2118 =( CONVERSION_BASED_UNIT ( 'INCH', #2119 ) LENGTH_UNIT ( ) NAMED_UNIT ( #2120 ) );
#2119 = LENGTH_MEASURE_WITH_UNIT ( LENGTH_MEASURE( 0.02539999999999999900 ), #2121 );
#2120 = DIMENSIONAL_EXPONENTS ( 1.000000000000000000, 0.0000000000000000000, 0.0000000000000000000, 0.0000000000000000000, 0.0000000000000000000, 0.0000000000000000000, 0.0000000000000000000 ) ;
#2121 =( LENGTH_UNIT ( ) NAMED_UNIT ( * ) SI_UNIT ( $, .METRE. ) );
#2122 = CARTESIAN_POINT ( 'NONE',  ( 0.1249999999999999900, 0.1863347359134901200, -0.1781694462112853300 ) ) ;
#2123 = CARTESIAN_POINT ( 'NONE',  ( 0.0000000000000000000, 0.1250000000000000300, 0.3980000000000000200 ) ) ;
#2124 = DIRECTION ( 'NONE',  ( 0.0000000000000000000, -0.6946583704590011400, 0.7193398003386474200 ) ) ;
#2125 = VECTOR ( 'NONE', #2124, 39.37007874015748100 ) ;
#2126 = CARTESIAN_POINT ( 'NONE',  ( -0.006974259978348749300, 0.2139279967920257300, -0.04880353355773966300 ) ) ;
#2127 = LINE ( 'NONE', #2126, #2125 ) ;
#2128 = DIRECTION ( 'NONE',  ( 0.0000000000000000000, -0.6946583704589989200, 0.7193398003386495300 ) ) ;
#2129 = DIRECTION ( 'NONE',  ( -0.0000000000000000000, 0.7193398003386496400, 0.6946583704589990300 ) ) ;
#2130 = CARTESIAN_POINT ( 'NONE',  ( -0.04760620021658820700, 0.2118440216806487000, -0.04664551415672370900 ) ) ;
#2131 = AXIS2_PLACEMENT_3D ( 'NONE', #2130, #2129, #2128 ) ;
#2132 = PLANE ( 'NONE',  #2131 ) ;
#2133 =( GEOMETRIC_REPRESENTATION_CONTEXT ( 3 ) GLOBAL_UNCERTAINTY_ASSIGNED_CONTEXT ( ( #2134 ) ) GLOBAL_UNIT_ASSIGNED_CONTEXT ( ( #2137, #2136, #2135 ) ) REPRESENTATION_CONTEXT ( 'NONE', 'WORKASPACE' ) );
#2134 = UNCERTAINTY_MEASURE_WITH_UNIT (LENGTH_MEASURE( 1.000000000000000100E-005 ), #2137, 'distance_accuracy_value', 'NONE');
#2135 =( NAMED_UNIT ( * ) SI_UNIT ( $, .STERADIAN. ) SOLID_ANGLE_UNIT ( ) );
#2136 =( NAMED_UNIT ( * ) PLANE_ANGLE_UNIT ( ) SI_UNIT ( $, .RADIAN. ) );
#2137 =( CONVERSION_BASED_UNIT ( 'INCH', #2138 ) LENGTH_UNIT ( ) NAMED_UNIT ( #2139 ) );
#2138 = LENGTH_MEASURE_WITH_UNIT ( LENGTH_MEASURE( 0.02539999999999999900 ), #2140 );
#2139 = DIMENSIONAL_EXPONENTS ( 1.000000000000000000, 0.0000000000000000000, 0.0000000000000000000, 0.0000000000000000000, 0.0000000000000000000, 0.0000000000000000000, 0.0000000000000000000 ) ;
#2140 =( LENGTH_UNIT ( ) NAMED_UNIT ( * ) SI_UNIT ( $, .METRE. ) );
#2141 = MECHANICAL_DESIGN_GEOMETRIC_PRESENTATION_REPRESENTATION (  '', ( #2143 ), #2133 ) ;
#2142 = PRESENTATION_LAYER_ASSIGNMENT (  '', '', ( #2143 ) ) ;
#2143 = STYLED_ITEM ( 'NONE', ( #2144 ), #142 ) ;
#2144 = PRESENTATION_STYLE_ASSIGNMENT (( #2145 ) ) ;
#2145 = SURFACE_STYLE_USAGE ( .BOTH. , #2146 ) ;
#2146 = SURFACE_SIDE_STYLE ('',( #2147 ) ) ;
#2147 = SURFACE_STYLE_FILL_AREA ( #2148 ) ;
#2148 = FILL_AREA_STYLE ('',( #2156 ) ) ;
#2149 =( LENGTH_UNIT ( ) NAMED_UNIT ( * ) SI_UNIT ( $, .METRE. ) );
#2150 = COLOUR_RGB ( '',0.9882352941176471000, 1.000000000000000000, 0.9882352941176471000 ) ;
#2151 = FACE_OUTER_BOUND ( 'NONE', #143, .T. ) ;
#2152 = DIRECTION ( 'NONE',  ( -0.0000000000000000000, -0.7193398003386494200, -0.6946583704589990300 ) ) ;
#2153 = VECTOR ( 'NONE', #2152, 39.37007874015748100 ) ;
#2154 = CARTESIAN_POINT ( 'NONE',  ( -0.04760620021658820700, 0.2705322259341959600, 0.005858535131461900200 ) ) ;
#2155 = LINE ( 'NONE', #2154, #2153 ) ;
#2156 = FILL_AREA_STYLE_COLOUR ( '', #2150 ) ;
#2157 = CARTESIAN_POINT ( 'NONE',  ( -0.04760620021658820700, 0.2139279967920257300, -0.04880353355773966300 ) ) ;
#2158 = DIRECTION ( 'NONE',  ( 0.0000000000000000000, -0.6946583704589989200, 0.7193398003386495300 ) ) ;
#2159 = VECTOR ( 'NONE', #2158, 39.37007874015748900 ) ;
#2160 = CARTESIAN_POINT ( 'NONE',  ( -0.04760620021658820700, 0.2118440216806487000, -0.04664551415672370900 ) ) ;
#2161 = LINE ( 'NONE', #2160, #2159 ) ;
#2162 = DIRECTION ( 'NONE',  ( 0.0000000000000000000, -0.6946583704589989200, 0.7193398003386495300 ) ) ;
#2163 = DIRECTION ( 'NONE',  ( -0.0000000000000000000, 0.7193398003386496400, 0.6946583704589990300 ) ) ;
#2164 = CARTESIAN_POINT ( 'NONE',  ( -0.006974259978348749300, 0.1826158499023015900, -0.07487083155120657900 ) ) ;
#2165 = AXIS2_PLACEMENT_3D ( 'NONE', #2164, #2163, #2162 ) ;
#2166 = PLANE ( 'NONE',  #2165 ) ;
#2167 =( GEOMETRIC_REPRESENTATION_CONTEXT ( 3 ) GLOBAL_UNCERTAINTY_ASSIGNED_CONTEXT ( ( #2168 ) ) GLOBAL_UNIT_ASSIGNED_CONTEXT ( ( #2171, #2170, #2169 ) ) REPRESENTATION_CONTEXT ( 'NONE', 'WORKASPACE' ) );
#2168 = UNCERTAINTY_MEASURE_WITH_UNIT (LENGTH_MEASURE( 1.000000000000000100E-005 ), #2171, 'distance_accuracy_value', 'NONE');
#2169 =( NAMED_UNIT ( * ) SI_UNIT ( $, .STERADIAN. ) SOLID_ANGLE_UNIT ( ) );
#2170 =( NAMED_UNIT ( * ) PLANE_ANGLE_UNIT ( ) SI_UNIT ( $, .RADIAN. ) );
#2171 =( CONVERSION_BASED_UNIT ( 'INCH', #2172 ) LENGTH_UNIT ( ) NAMED_UNIT ( #2173 ) );
#2172 = LENGTH_MEASURE_WITH_UNIT ( LENGTH_MEASURE( 0.02539999999999999900 ), #2174 );
#2173 = DIMENSIONAL_EXPONENTS ( 1.000000000000000000, 0.0000000000000000000, 0.0000000000000000000, 0.0000000000000000000, 0.0000000000000000000, 0.0000000000000000000, 0.0000000000000000000 ) ;
#2174 =( LENGTH_UNIT ( ) NAMED_UNIT ( * ) SI_UNIT ( $, .METRE. ) );
#2175 = MECHANICAL_DESIGN_GEOMETRIC_PRESENTATION_REPRESENTATION (  '', ( #2177 ), #2167 ) ;
#2176 = PRESENTATION_LAYER_ASSIGNMENT (  '', '', ( #2177 ) ) ;
#2177 = STYLED_ITEM ( 'NONE', ( #2178 ), #133 ) ;
#2178 = PRESENTATION_STYLE_ASSIGNMENT (( #2179 ) ) ;
#2179 = SURFACE_STYLE_USAGE ( .BOTH. , #2180 ) ;
#2180 = SURFACE_SIDE_STYLE ('',( #2181 ) ) ;
#2181 = SURFACE_STYLE_FILL_AREA ( #2182 ) ;
#2182 = FILL_AREA_STYLE ('',( #2190 ) ) ;
#2183 = COLOUR_RGB ( '',0.9882352941176471000, 1.000000000000000000, 0.9882352941176471000 ) ;
#2184 = FACE_OUTER_BOUND ( 'NONE', #134, .T. ) ;
#2185 = DIRECTION ( 'NONE',  ( 0.0000000000000000000, 0.0000000000000000000, 1.000000000000000000 ) ) ;
#2186 = DIRECTION ( 'NONE',  ( -1.000000000000000000, -0.0000000000000000000, -0.0000000000000000000 ) ) ;
#2187 = CARTESIAN_POINT ( 'NONE',  ( 0.06250000000000000000, 0.03200000000000000100, 0.5228305537887147900 ) ) ;
#2188 = AXIS2_PLACEMENT_3D ( 'NONE', #2187, #2186, #2185 ) ;
#2189 = CIRCLE ( 'NONE', #2188, 0.01699999999999998400 ) ;
#2190 = FILL_AREA_STYLE_COLOUR ( '', #2183 ) ;
#2191 = CARTESIAN_POINT ( 'NONE',  ( -0.06250000000000000000, 0.01500000000000000600, 0.5228305537887147900 ) ) ;
#2192 = DIRECTION ( 'NONE',  ( 0.0000000000000000000, 0.7193398003386494200, 0.6946583704589990300 ) ) ;
#2193 = DIRECTION ( 'NONE',  ( 0.0000000000000000000, 0.6946583704589990300, -0.7193398003386494200 ) ) ;
#2194 = CARTESIAN_POINT ( 'NONE',  ( 0.1249999999999999900, 0.2705322259341959600, 0.005858535131461900200 ) ) ;
#2195 = AXIS2_PLACEMENT_3D ( 'NONE', #2194, #2193, #2192 ) ;
#2196 = PLANE ( 'NONE',  #2195 ) ;
#2197 =( GEOMETRIC_REPRESENTATION_CONTEXT ( 3 ) GLOBAL_UNCERTAINTY_ASSIGNED_CONTEXT ( ( #2198 ) ) GLOBAL_UNIT_ASSIGNED_CONTEXT ( ( #2201, #2200, #2199 ) ) REPRESENTATION_CONTEXT ( 'NONE', 'WORKASPACE' ) );
#2198 = UNCERTAINTY_MEASURE_WITH_UNIT (LENGTH_MEASURE( 1.000000000000000100E-005 ), #2201, 'distance_accuracy_value', 'NONE');
#2199 =( NAMED_UNIT ( * ) SI_UNIT ( $, .STERADIAN. ) SOLID_ANGLE_UNIT ( ) );
#2200 =( NAMED_UNIT ( * ) PLANE_ANGLE_UNIT ( ) SI_UNIT ( $, .RADIAN. ) );
#2201 =( CONVERSION_BASED_UNIT ( 'INCH', #2202 ) LENGTH_UNIT ( ) NAMED_UNIT ( #2203 ) );
#2202 = LENGTH_MEASURE_WITH_UNIT ( LENGTH_MEASURE( 0.02539999999999999900 ), #2204 );
#2203 = DIMENSIONAL_EXPONENTS ( 1.000000000000000000, 0.0000000000000000000, 0.0000000000000000000, 0.0000000000000000000, 0.0000000000000000000, 0.0000000000000000000, 0.0000000000000000000 ) ;
#2204 =( LENGTH_UNIT ( ) NAMED_UNIT ( * ) SI_UNIT ( $, .METRE. ) );
#2205 = MECHANICAL_DESIGN_GEOMETRIC_PRESENTATION_REPRESENTATION (  '', ( #2207 ), #2197 ) ;
#2206 = PRESENTATION_LAYER_ASSIGNMENT (  '', '', ( #2207 ) ) ;
#2207 = STYLED_ITEM ( 'NONE', ( #2208 ), #123 ) ;
#2208 = PRESENTATION_STYLE_ASSIGNMENT (( #2209 ) ) ;
#2209 = SURFACE_STYLE_USAGE ( .BOTH. , #2210 ) ;
#2210 = SURFACE_SIDE_STYLE ('',( #2211 ) ) ;
#2211 = SURFACE_STYLE_FILL_AREA ( #2212 ) ;
#2212 = FILL_AREA_STYLE ('',( #2221 ) ) ;
#2213 = COLOUR_RGB ( '',0.9882352941176471000, 1.000000000000000000, 0.9882352941176471000 ) ;
#2214 = FACE_OUTER_BOUND ( 'NONE', #285, .T. ) ;
#2215 = FACE_BOUND ( 'NONE', #124, .T. ) ;
#2216 = DIRECTION ( 'NONE',  ( 0.0000000000000000000, 0.0000000000000000000, 1.000000000000000000 ) ) ;
#2217 = DIRECTION ( 'NONE',  ( 1.000000000000000000, 0.0000000000000000000, 0.0000000000000000000 ) ) ;
#2218 = CARTESIAN_POINT ( 'NONE',  ( -0.06250000000000000000, 0.03200000000000000100, 0.5228305537887147900 ) ) ;
#2219 = AXIS2_PLACEMENT_3D ( 'NONE', #2218, #2217, #2216 ) ;
#2220 = CIRCLE ( 'NONE', #2219, 0.01699999999999998400 ) ;
#2221 = FILL_AREA_STYLE_COLOUR ( '', #2213 ) ;
#2222 = CARTESIAN_POINT ( 'NONE',  ( -0.06250000000000000000, 0.03199999999999998700, 0.5058305537887147800 ) ) ;
#2223 = DIRECTION ( 'NONE',  ( -1.000000000000000000, -0.0000000000000000000, -0.0000000000000000000 ) ) ;
#2224 = VECTOR ( 'NONE', #2223, 39.37007874015748100 ) ;
#2225 = CARTESIAN_POINT ( 'NONE',  ( 0.06250000000000000000, 0.03200000000000000100, 0.5058305537887147800 ) ) ;
#2226 = LINE ( 'NONE', #2225, #2224 ) ;
#2227 = DIRECTION ( 'NONE',  ( 0.0000000000000000000, 0.0000000000000000000, -1.000000000000000000 ) ) ;
#2228 = DIRECTION ( 'NONE',  ( 1.000000000000000000, -0.0000000000000000000, 0.0000000000000000000 ) ) ;
#2229 = CARTESIAN_POINT ( 'NONE',  ( -0.005712583075000198100, 0.03957718354096541300, -0.2130016660197238100 ) ) ;
#2230 = AXIS2_PLACEMENT_3D ( 'NONE', #2229, #2228, #2227 ) ;
#2231 = PLANE ( 'NONE',  #2230 ) ;
#2232 =( GEOMETRIC_REPRESENTATION_CONTEXT ( 3 ) GLOBAL_UNCERTAINTY_ASSIGNED_CONTEXT ( ( #2233 ) ) GLOBAL_UNIT_ASSIGNED_CONTEXT ( ( #2236, #2235, #2234 ) ) REPRESENTATION_CONTEXT ( 'NONE', 'WORKASPACE' ) );
#2233 = UNCERTAINTY_MEASURE_WITH_UNIT (LENGTH_MEASURE( 1.000000000000000100E-005 ), #2236, 'distance_accuracy_value', 'NONE');
#2234 =( NAMED_UNIT ( * ) SI_UNIT ( $, .STERADIAN. ) SOLID_ANGLE_UNIT ( ) );
#2235 =( NAMED_UNIT ( * ) PLANE_ANGLE_UNIT ( ) SI_UNIT ( $, .RADIAN. ) );
#2236 =( CONVERSION_BASED_UNIT ( 'INCH', #2237 ) LENGTH_UNIT ( ) NAMED_UNIT ( #2238 ) );
#2237 = LENGTH_MEASURE_WITH_UNIT ( LENGTH_MEASURE( 0.02539999999999999900 ), #2239 );
#2238 = DIMENSIONAL_EXPONENTS ( 1.000000000000000000, 0.0000000000000000000, 0.0000000000000000000, 0.0000000000000000000, 0.0000000000000000000, 0.0000000000000000000, 0.0000000000000000000 ) ;
#2239 =( LENGTH_UNIT ( ) NAMED_UNIT ( * ) SI_UNIT ( $, .METRE. ) );
#2240 = MECHANICAL_DESIGN_GEOMETRIC_PRESENTATION_REPRESENTATION (  '', ( #2242 ), #2232 ) ;
#2241 = PRESENTATION_LAYER_ASSIGNMENT (  '', '', ( #2242 ) ) ;
#2242 = STYLED_ITEM ( 'NONE', ( #2243 ), #117 ) ;
#2243 = PRESENTATION_STYLE_ASSIGNMENT (( #2244 ) ) ;
#2244 = SURFACE_STYLE_USAGE ( .BOTH. , #2245 ) ;
#2245 = SURFACE_SIDE_STYLE ('',( #2246 ) ) ;
#2246 = SURFACE_STYLE_FILL_AREA ( #2247 ) ;
#2247 = FILL_AREA_STYLE ('',( #2253 ) ) ;
#2248 = COLOUR_RGB ( '',0.9882352941176471000, 1.000000000000000000, 0.9882352941176471000 ) ;
#2249 = FACE_OUTER_BOUND ( 'NONE', #651, .T. ) ;
#2250 = DIRECTION ( 'NONE',  ( 0.0000000000000000000, -0.6946583704589981400, 0.7193398003386501900 ) ) ;
#2251 = VECTOR ( 'NONE', #2250, 39.37007874015748900 ) ;
#2252 = CARTESIAN_POINT ( 'NONE',  ( 0.04728559984444258300, 0.04166115865234240600, -0.2151596854207397700 ) ) ;
#2253 = FILL_AREA_STYLE_COLOUR ( '', #2248 ) ;
#2254 = LINE ( 'NONE', #2252, #2251 ) ;
#2255 = DIRECTION ( 'NONE',  ( -0.0000000000000000000, -1.000000000000000000, -0.0000000000000000000 ) ) ;
#2256 = VECTOR ( 'NONE', #2255, 39.37007874015748100 ) ;
#2257 = CARTESIAN_POINT ( 'NONE',  ( -0.005712583075000223300, 0.1100000000000000300, -0.2259999999999999500 ) ) ;
#2258 = LINE ( 'NONE', #2257, #2256 ) ;
#2259 = DIRECTION ( 'NONE',  ( -0.0000000000000000000, -0.7193398003386495300, -0.6946583704589989200 ) ) ;
#2260 = VECTOR ( 'NONE', #2259, 39.37007874015748900 ) ;
#2261 = CARTESIAN_POINT ( 'NONE',  ( 0.006653659606203124300, 0.03957718354096541300, -0.2130016660197238100 ) ) ;
#2262 = LINE ( 'NONE', #2261, #2260 ) ;
#2263 = CARTESIAN_POINT ( 'NONE',  ( -0.005712583075000204200, 0.02611701467561549800, -0.2259999999999999500 ) ) ;
#2264 = CARTESIAN_POINT ( 'NONE',  ( 0.006653659606203120800, 0.04166115865234240600, -0.2151596854207397700 ) ) ;
#2265 = CARTESIAN_POINT ( 'NONE',  ( 0.04728559984444259700, 0.04166115865234240600, -0.2151596854207397700 ) ) ;
#2266 = CARTESIAN_POINT ( 'NONE',  ( -0.005712583075000199900, 0.04166115865234240600, -0.2151596854207397700 ) ) ;
#2267 = CARTESIAN_POINT ( 'NONE',  ( 0.006653659606203120800, 0.03957718354096541300, -0.2130016660197238100 ) ) ;
#2268 = DIRECTION ( 'NONE',  ( -1.000000000000000000, 0.0000000000000000000, -0.0000000000000000000 ) ) ;
#2269 = VECTOR ( 'NONE', #2268, 39.37007874015748100 ) ;
#2270 = CARTESIAN_POINT ( 'NONE',  ( -0.005712583075000198100, 0.03957718354096541300, -0.2130016660197238100 ) ) ;
#2271 = LINE ( 'NONE', #2270, #2269 ) ;
#2272 = STYLED_ITEM ( 'NONE', ( #1817 ), #103 ) ;
#2273 = MECHANICAL_DESIGN_GEOMETRIC_PRESENTATION_REPRESENTATION (  '', ( #2272 ), #2287 ) ;
#2274 = PRESENTATION_LAYER_ASSIGNMENT (  '', '', ( #2272 ) ) ;
#2275 =( CONVERSION_BASED_UNIT ( 'INCH', #2276 ) LENGTH_UNIT ( ) NAMED_UNIT ( #2277 ) );
#2276 = LENGTH_MEASURE_WITH_UNIT ( LENGTH_MEASURE( 0.02539999999999999900 ), #2149 );
#2277 = DIMENSIONAL_EXPONENTS ( 1.000000000000000000, 0.0000000000000000000, 0.0000000000000000000, 0.0000000000000000000, 0.0000000000000000000, 0.0000000000000000000, 0.0000000000000000000 ) ;
#2278 = DIRECTION ( 'NONE',  ( -1.000000000000000000, 0.0000000000000000000, -0.0000000000000000000 ) ) ;
#2279 = VECTOR ( 'NONE', #2278, 39.37007874015748100 ) ;
#2280 = CARTESIAN_POINT ( 'NONE',  ( -0.005712583075000198100, 0.03957718354096541300, -0.2130016660197238100 ) ) ;
#2281 = LINE ( 'NONE', #2280, #2279 ) ;
#2282 = DIRECTION ( 'NONE',  ( 0.0000000000000000000, -0.6946583704589989200, 0.7193398003386495300 ) ) ;
#2283 = DIRECTION ( 'NONE',  ( -0.0000000000000000000, 0.7193398003386496400, 0.6946583704589990300 ) ) ;
#2284 = CARTESIAN_POINT ( 'NONE',  ( -0.04634452331323964800, 0.03957718354096541300, -0.2130016660197238100 ) ) ;
#2285 = AXIS2_PLACEMENT_3D ( 'NONE', #2284, #2283, #2282 ) ;
#2286 = PLANE ( 'NONE',  #2285 ) ;
#2287 =( GEOMETRIC_REPRESENTATION_CONTEXT ( 3 ) GLOBAL_UNCERTAINTY_ASSIGNED_CONTEXT ( ( #2288 ) ) GLOBAL_UNIT_ASSIGNED_CONTEXT ( ( #2275, #2290, #2289 ) ) REPRESENTATION_CONTEXT ( 'NONE', 'WORKASPACE' ) );
#2288 = UNCERTAINTY_MEASURE_WITH_UNIT (LENGTH_MEASURE( 1.000000000000000100E-005 ), #2275, 'distance_accuracy_value', 'NONE');
#2289 =( NAMED_UNIT ( * ) SI_UNIT ( $, .STERADIAN. ) SOLID_ANGLE_UNIT ( ) );
#2290 =( NAMED_UNIT ( * ) PLANE_ANGLE_UNIT ( ) SI_UNIT ( $, .RADIAN. ) );
#2291 = DIRECTION ( 'NONE',  ( 0.0000000000000000000, 1.000000000000000000, -0.0000000000000000000 ) ) ;
#2292 = VECTOR ( 'NONE', #2291, 39.37007874015748100 ) ;
#2293 = CARTESIAN_POINT ( 'NONE',  ( -0.1250000000000000000, 0.06199999999999997900, 0.5058305537887148900 ) ) ;
#2294 = LINE ( 'NONE', #2293, #2292 ) ;
#2295 = DIRECTION ( 'NONE',  ( -0.0000000000000000000, -1.000000000000000000, -0.0000000000000000000 ) ) ;
#2296 = VECTOR ( 'NONE', #2295, 39.37007874015748100 ) ;
#2297 = CARTESIAN_POINT ( 'NONE',  ( 0.1250000000000000000, 0.06199999999999997900, 0.5058305537887148900 ) ) ;
#2298 = LINE ( 'NONE', #2297, #2296 ) ;
#2299 = CARTESIAN_POINT ( 'NONE',  ( 0.1249999999999999900, 0.06200000000000001300, 0.5058305537887147800 ) ) ;
#2300 = DIRECTION ( 'NONE',  ( -1.000000000000000000, -0.0000000000000000000, -0.0000000000000000000 ) ) ;
#2301 = VECTOR ( 'NONE', #2300, 39.37007874015748100 ) ;
#2302 = CARTESIAN_POINT ( 'NONE',  ( 0.06250000000000000000, 0.06200000000000001300, 0.5058305537887147800 ) ) ;
#2303 = LINE ( 'NONE', #2302, #2301 ) ;
#2304 = CARTESIAN_POINT ( 'NONE',  ( 0.06749999999999999100, 0.06200000000000000600, 0.5058305537887147800 ) ) ;
#2305 = DIRECTION ( 'NONE',  ( -1.000000000000000000, -0.0000000000000000000, -0.0000000000000000000 ) ) ;
#2306 = VECTOR ( 'NONE', #2305, 39.37007874015748100 ) ;
#2307 = CARTESIAN_POINT ( 'NONE',  ( 0.06250000000000000000, 0.06200000000000001300, 0.5058305537887147800 ) ) ;
#2308 = LINE ( 'NONE', #2307, #2306 ) ;
#2309 = DIRECTION ( 'NONE',  ( 0.0000000000000000000, -0.7193398003386497500, -0.6946583704589988100 ) ) ;
#2310 = VECTOR ( 'NONE', #2309, 39.37007874015748100 ) ;
#2311 = CARTESIAN_POINT ( 'NONE',  ( -0.1250000000000000000, 0.2705322259341959600, 0.005858535131461866400 ) ) ;
#2312 = LINE ( 'NONE', #2311, #2310 ) ;
#2313 = DIRECTION ( 'NONE',  ( 0.0000000000000000000, 0.7193398003386495300, 0.6946583704589988100 ) ) ;
#2314 = VECTOR ( 'NONE', #2313, 39.37007874015748900 ) ;
#2315 = CARTESIAN_POINT ( 'NONE',  ( 0.1250000000000000000, 0.1580738644319367400, -0.1027412422044663600 ) ) ;
#2316 = LINE ( 'NONE', #2315, #2314 ) ;
#2317 = DIRECTION ( 'NONE',  ( 0.0000000000000000000, -0.7193398003386494200, -0.6946583704589990300 ) ) ;
#2318 = VECTOR ( 'NONE', #2317, 39.37007874015748100 ) ;
#2319 = CARTESIAN_POINT ( 'NONE',  ( 0.1250000000000000000, 0.2601139938822014100, 0.01665021900891124800 ) ) ;
#2320 = LINE ( 'NONE', #2319, #2318 ) ;
#2321 = MECHANICAL_DESIGN_GEOMETRIC_PRESENTATION_REPRESENTATION (  '', ( #2323 ), #2501 ) ;
#2322 = PRESENTATION_LAYER_ASSIGNMENT (  '', '', ( #2323 ) ) ;
#2323 = STYLED_ITEM ( 'NONE', ( #2324 ), #245 ) ;
#2324 = PRESENTATION_STYLE_ASSIGNMENT (( #2325 ) ) ;
#2325 = SURFACE_STYLE_USAGE ( .BOTH. , #2326 ) ;
#2326 = SURFACE_SIDE_STYLE ('',( #2327 ) ) ;
#2327 = SURFACE_STYLE_FILL_AREA ( #2328 ) ;
#2328 = FILL_AREA_STYLE ('',( #2335 ) ) ;
#2329 = COLOUR_RGB ( '',0.9882352941176471000, 1.000000000000000000, 0.9882352941176471000 ) ;
#2330 = FACE_OUTER_BOUND ( 'NONE', #246, .T. ) ;
#2331 = DIRECTION ( 'NONE',  ( 1.000000000000000000, 0.0000000000000000000, 0.0000000000000000000 ) ) ;
#2332 = VECTOR ( 'NONE', #2331, 39.37007874015748100 ) ;
#2333 = CARTESIAN_POINT ( 'NONE',  ( 0.06250000000000000000, 0.2349999999999999600, 0.5058305537887143300 ) ) ;
#2334 = LINE ( 'NONE', #2333, #2332 ) ;
#2335 = FILL_AREA_STYLE_COLOUR ( '', #2329 ) ;
#2336 = CARTESIAN_POINT ( 'NONE',  ( -0.1250000000000000000, 0.2349999999999999600, 0.5058305537887145500 ) ) ;
#2337 = DIRECTION ( 'NONE',  ( 0.0000000000000000000, 0.0000000000000000000, -1.000000000000000000 ) ) ;
#2338 = DIRECTION ( 'NONE',  ( -1.000000000000000000, -0.0000000000000000000, -0.0000000000000000000 ) ) ;
#2339 = CARTESIAN_POINT ( 'NONE',  ( -0.1249999999999999900, 0.2350083767663984600, 0.4508305544266259500 ) ) ;
#2340 = AXIS2_PLACEMENT_3D ( 'NONE', #2339, #2338, #2337 ) ;
#2341 = CIRCLE ( 'NONE', #2340, 0.05500000000000002800 ) ;
#2342 = CARTESIAN_POINT ( 'NONE',  ( 0.1250000000000000000, 0.2349999999999999600, 0.5058305537887146700 ) ) ;
#2343 = DIRECTION ( 'NONE',  ( 0.0000000000000000000, 0.0000000000000000000, -1.000000000000000000 ) ) ;
#2344 = DIRECTION ( 'NONE',  ( 1.000000000000000000, 0.0000000000000000000, 0.0000000000000000000 ) ) ;
#2345 = CARTESIAN_POINT ( 'NONE',  ( 0.1250000000000000000, 0.2350083767663984600, 0.4508305544266259500 ) ) ;
#2346 = AXIS2_PLACEMENT_3D ( 'NONE', #2345, #2344, #2343 ) ;
#2347 = CIRCLE ( 'NONE', #2346, 0.05500000000000002800 ) ;
#2348 = DIRECTION ( 'NONE',  ( 0.0000000000000000000, 0.01745240643727945900, 0.9998476951563912700 ) ) ;
#2349 = VECTOR ( 'NONE', #2348, 39.37007874015748100 ) ;
#2350 = CARTESIAN_POINT ( 'NONE',  ( -0.1250000000000000000, 0.2677421235399854400, 0.03419810120574224400 ) ) ;
#2351 = LINE ( 'NONE', #2350, #2349 ) ;
#2352 = CARTESIAN_POINT ( 'NONE',  ( -0.1250000000000000000, 0.2750023246178937600, 0.4501347423908009200 ) ) ;
#2353 = DIRECTION ( 'NONE',  ( -1.000000000000000000, -0.0000000000000000000, -0.0000000000000000000 ) ) ;
#2354 = VECTOR ( 'NONE', #2353, 39.37007874015748100 ) ;
#2355 = CARTESIAN_POINT ( 'NONE',  ( 0.0000000000000000000, 0.2750023246178937600, 0.4501347423908009800 ) ) ;
#2356 = LINE ( 'NONE', #2355, #2354 ) ;
#2357 = DIRECTION ( 'NONE',  ( 0.0000000000000000000, -0.7193398003386494200, -0.6946583704589990300 ) ) ;
#2358 = DIRECTION ( 'NONE',  ( 0.0000000000000000000, -0.6946583704589990300, 0.7193398003386494200 ) ) ;
#2359 = CARTESIAN_POINT ( 'NONE',  ( -0.1249999999999999900, 0.2601139938822014100, 0.01665021900891124800 ) ) ;
#2360 = AXIS2_PLACEMENT_3D ( 'NONE', #2359, #2358, #2357 ) ;
#2361 = PLANE ( 'NONE',  #2360 ) ;
#2362 =( GEOMETRIC_REPRESENTATION_CONTEXT ( 3 ) GLOBAL_UNCERTAINTY_ASSIGNED_CONTEXT ( ( #2363 ) ) GLOBAL_UNIT_ASSIGNED_CONTEXT ( ( #2366, #2365, #2364 ) ) REPRESENTATION_CONTEXT ( 'NONE', 'WORKASPACE' ) );
#2363 = UNCERTAINTY_MEASURE_WITH_UNIT (LENGTH_MEASURE( 1.000000000000000100E-005 ), #2366, 'distance_accuracy_value', 'NONE');
#2364 =( NAMED_UNIT ( * ) SI_UNIT ( $, .STERADIAN. ) SOLID_ANGLE_UNIT ( ) );
#2365 =( NAMED_UNIT ( * ) PLANE_ANGLE_UNIT ( ) SI_UNIT ( $, .RADIAN. ) );
#2366 =( CONVERSION_BASED_UNIT ( 'INCH', #2367 ) LENGTH_UNIT ( ) NAMED_UNIT ( #2368 ) );
#2367 = LENGTH_MEASURE_WITH_UNIT ( LENGTH_MEASURE( 0.02539999999999999900 ), #2369 );
#2368 = DIMENSIONAL_EXPONENTS ( 1.000000000000000000, 0.0000000000000000000, 0.0000000000000000000, 0.0000000000000000000, 0.0000000000000000000, 0.0000000000000000000, 0.0000000000000000000 ) ;
#2369 =( LENGTH_UNIT ( ) NAMED_UNIT ( * ) SI_UNIT ( $, .METRE. ) );
#2370 = MECHANICAL_DESIGN_GEOMETRIC_PRESENTATION_REPRESENTATION (  '', ( #2372 ), #2362 ) ;
#2371 = PRESENTATION_LAYER_ASSIGNMENT (  '', '', ( #2372 ) ) ;
#2372 = STYLED_ITEM ( 'NONE', ( #2373 ), #276 ) ;
#2373 = PRESENTATION_STYLE_ASSIGNMENT (( #2374 ) ) ;
#2374 = SURFACE_STYLE_USAGE ( .BOTH. , #2375 ) ;
#2375 = SURFACE_SIDE_STYLE ('',( #2376 ) ) ;
#2376 = SURFACE_STYLE_FILL_AREA ( #2377 ) ;
#2377 = FILL_AREA_STYLE ('',( #2384 ) ) ;
#2378 = COLOUR_RGB ( '',0.9882352941176471000, 1.000000000000000000, 0.9882352941176471000 ) ;
#2379 = FACE_OUTER_BOUND ( 'NONE', #277, .T. ) ;
#2380 = DIRECTION ( 'NONE',  ( 0.0000000000000000000, 1.000000000000000000, -2.276539994720219500E-015 ) ) ;
#2381 = VECTOR ( 'NONE', #2380, 39.37007874015748100 ) ;
#2382 = CARTESIAN_POINT ( 'NONE',  ( -0.06250000000000000000, 0.03200000000000000100, 0.5058305537887147800 ) ) ;
#2383 = LINE ( 'NONE', #2382, #2381 ) ;
#2384 = FILL_AREA_STYLE_COLOUR ( '', #2378 ) ;
#2385 = CARTESIAN_POINT ( 'NONE',  ( -0.06249999999999999300, 0.06199999999999997900, 0.5058305537887147800 ) ) ;
#2386 = DIRECTION ( 'NONE',  ( -1.000000000000000000, -0.0000000000000000000, -0.0000000000000000000 ) ) ;
#2387 = VECTOR ( 'NONE', #2386, 39.37007874015748100 ) ;
#2388 = CARTESIAN_POINT ( 'NONE',  ( 0.06250000000000000000, 0.06199999999999997900, 0.5058305537887147800 ) ) ;
#2389 = LINE ( 'NONE', #2388, #2387 ) ;
#2390 = DIRECTION ( 'NONE',  ( -1.000000000000000000, -0.0000000000000000000, -0.0000000000000000000 ) ) ;
#2391 = VECTOR ( 'NONE', #2390, 39.37007874015748100 ) ;
#2392 = CARTESIAN_POINT ( 'NONE',  ( 0.06250000000000000000, 0.06200000000000001300, 0.5058305537887147800 ) ) ;
#2393 = LINE ( 'NONE', #2392, #2391 ) ;
#2394 = DIRECTION ( 'NONE',  ( 0.0000000000000000000, 0.0000000000000000000, -1.000000000000000000 ) ) ;
#2395 = DIRECTION ( 'NONE',  ( 1.000000000000000000, 0.0000000000000000000, 0.0000000000000000000 ) ) ;
#2396 = CARTESIAN_POINT ( 'NONE',  ( 0.0000000000000000000, 0.2350083767663984600, 0.4508305544266259500 ) ) ;
#2397 = AXIS2_PLACEMENT_3D ( 'NONE', #2396, #2395, #2394 ) ;
#2398 = CYLINDRICAL_SURFACE ( 'NONE', #2397, 0.05500000000000002800 ) ;
#2399 =( GEOMETRIC_REPRESENTATION_CONTEXT ( 3 ) GLOBAL_UNCERTAINTY_ASSIGNED_CONTEXT ( ( #2400 ) ) GLOBAL_UNIT_ASSIGNED_CONTEXT ( ( #2403, #2402, #2401 ) ) REPRESENTATION_CONTEXT ( 'NONE', 'WORKASPACE' ) );
#2400 = UNCERTAINTY_MEASURE_WITH_UNIT (LENGTH_MEASURE( 1.000000000000000100E-005 ), #2403, 'distance_accuracy_value', 'NONE');
#2401 =( NAMED_UNIT ( * ) SI_UNIT ( $, .STERADIAN. ) SOLID_ANGLE_UNIT ( ) );
#2402 =( NAMED_UNIT ( * ) PLANE_ANGLE_UNIT ( ) SI_UNIT ( $, .RADIAN. ) );
#2403 =( CONVERSION_BASED_UNIT ( 'INCH', #2404 ) LENGTH_UNIT ( ) NAMED_UNIT ( #2405 ) );
#2404 = LENGTH_MEASURE_WITH_UNIT ( LENGTH_MEASURE( 0.02539999999999999900 ), #2406 );
#2405 = DIMENSIONAL_EXPONENTS ( 1.000000000000000000, 0.0000000000000000000, 0.0000000000000000000, 0.0000000000000000000, 0.0000000000000000000, 0.0000000000000000000, 0.0000000000000000000 ) ;
#2406 =( LENGTH_UNIT ( ) NAMED_UNIT ( * ) SI_UNIT ( $, .METRE. ) );
#2407 = MECHANICAL_DESIGN_GEOMETRIC_PRESENTATION_REPRESENTATION (  '', ( #2409 ), #2399 ) ;
#2408 = PRESENTATION_LAYER_ASSIGNMENT (  '', '', ( #2409 ) ) ;
#2409 = STYLED_ITEM ( 'NONE', ( #2410 ), #266 ) ;
#2410 = PRESENTATION_STYLE_ASSIGNMENT (( #2411 ) ) ;
#2411 = SURFACE_STYLE_USAGE ( .BOTH. , #2412 ) ;
#2412 = SURFACE_SIDE_STYLE ('',( #2413 ) ) ;
#2413 = SURFACE_STYLE_FILL_AREA ( #2414 ) ;
#2414 = FILL_AREA_STYLE ('',( #2421 ) ) ;
#2415 = COLOUR_RGB ( '',0.9882352941176471000, 1.000000000000000000, 0.9882352941176471000 ) ;
#2416 = FACE_OUTER_BOUND ( 'NONE', #267, .T. ) ;
#2417 = DIRECTION ( 'NONE',  ( 0.0000000000000000000, 0.01745240643727962200, 0.9998476951563912700 ) ) ;
#2418 = VECTOR ( 'NONE', #2417, 39.37007874015748100 ) ;
#2419 = CARTESIAN_POINT ( 'NONE',  ( 0.1250000000000000000, 0.2827397989220917200, 0.03393403088751667500 ) ) ;
#2420 = LINE ( 'NONE', #2419, #2418 ) ;
#2421 = FILL_AREA_STYLE_COLOUR ( '', #2415 ) ;
#2422 = DIRECTION ( 'NONE',  ( 0.0000000000000000000, 0.6946583704589989200, -0.7193398003386495300 ) ) ;
#2423 = DIRECTION ( 'NONE',  ( 0.0000000000000000000, -0.7193398003386496400, -0.6946583704589990300 ) ) ;
#2424 = CARTESIAN_POINT ( 'NONE',  ( 0.04602392294109402400, 0.2207395522218847700, -0.03805520016709851300 ) ) ;
#2425 = AXIS2_PLACEMENT_3D ( 'NONE', #2424, #2423, #2422 ) ;
#2426 = PLANE ( 'NONE',  #2425 ) ;
#2427 =( GEOMETRIC_REPRESENTATION_CONTEXT ( 3 ) GLOBAL_UNCERTAINTY_ASSIGNED_CONTEXT ( ( #2428 ) ) GLOBAL_UNIT_ASSIGNED_CONTEXT ( ( #2431, #2430, #2429 ) ) REPRESENTATION_CONTEXT ( 'NONE', 'WORKASPACE' ) );
#2428 = UNCERTAINTY_MEASURE_WITH_UNIT (LENGTH_MEASURE( 1.000000000000000100E-005 ), #2431, 'distance_accuracy_value', 'NONE');
#2429 =( NAMED_UNIT ( * ) SI_UNIT ( $, .STERADIAN. ) SOLID_ANGLE_UNIT ( ) );
#2430 =( NAMED_UNIT ( * ) PLANE_ANGLE_UNIT ( ) SI_UNIT ( $, .RADIAN. ) );
#2431 =( CONVERSION_BASED_UNIT ( 'INCH', #2432 ) LENGTH_UNIT ( ) NAMED_UNIT ( #2433 ) );
#2432 = LENGTH_MEASURE_WITH_UNIT ( LENGTH_MEASURE( 0.02539999999999999900 ), #2434 );
#2433 = DIMENSIONAL_EXPONENTS ( 1.000000000000000000, 0.0000000000000000000, 0.0000000000000000000, 0.0000000000000000000, 0.0000000000000000000, 0.0000000000000000000, 0.0000000000000000000 ) ;
#2434 =( LENGTH_UNIT ( ) NAMED_UNIT ( * ) SI_UNIT ( $, .METRE. ) );
#2435 = MECHANICAL_DESIGN_GEOMETRIC_PRESENTATION_REPRESENTATION (  '', ( #2437 ), #2427 ) ;
#2436 = PRESENTATION_LAYER_ASSIGNMENT (  '', '', ( #2437 ) ) ;
#2437 = STYLED_ITEM ( 'NONE', ( #2438 ), #264 ) ;
#2438 = PRESENTATION_STYLE_ASSIGNMENT (( #2439 ) ) ;
#2439 = SURFACE_STYLE_USAGE ( .BOTH. , #2440 ) ;
#2440 = SURFACE_SIDE_STYLE ('',( #2441 ) ) ;
#2441 = SURFACE_STYLE_FILL_AREA ( #2442 ) ;
#2442 = FILL_AREA_STYLE ('',( #2449 ) ) ;
#2443 = COLOUR_RGB ( '',0.9882352941176471000, 1.000000000000000000, 0.9882352941176471000 ) ;
#2444 = FACE_OUTER_BOUND ( 'NONE', #6, .T. ) ;
#2445 = DIRECTION ( 'NONE',  ( -0.0000000000000000000, 0.6946583704589989200, -0.7193398003386495300 ) ) ;
#2446 = VECTOR ( 'NONE', #2445, 39.37007874015748900 ) ;
#2447 = CARTESIAN_POINT ( 'NONE',  ( 0.04602392294109403800, 0.2118440216806487000, -0.04664551415672370900 ) ) ;
#2448 = LINE ( 'NONE', #2447, #2446 ) ;
#2449 = FILL_AREA_STYLE_COLOUR ( '', #2443 ) ;
#2450 = CARTESIAN_POINT ( 'NONE',  ( -0.006974259978348751000, 0.2499677240002319000, -0.009829882772615648400 ) ) ;
#2451 = CARTESIAN_POINT ( 'NONE',  ( 0.1250000000000000000, 0.2900000000000000400, 0.4498706720725754700 ) ) ;
#2452 = DIRECTION ( 'NONE',  ( -1.000000000000000000, -0.0000000000000000000, -0.0000000000000000000 ) ) ;
#2453 = VECTOR ( 'NONE', #2452, 39.37007874015748100 ) ;
#2454 = CARTESIAN_POINT ( 'NONE',  ( 0.0000000000000000000, 0.2900000000000000400, 0.4498706720725754200 ) ) ;
#2455 = LINE ( 'NONE', #2454, #2453 ) ;
#2456 = CARTESIAN_POINT ( 'NONE',  ( -0.1249999999999999900, 0.2900000000000000400, 0.4498706720725754700 ) ) ;
#2457 = DIRECTION ( 'NONE',  ( 0.0000000000000000000, -0.01745240643727962200, -0.9998476951563912700 ) ) ;
#2458 = VECTOR ( 'NONE', #2457, 39.37007874015748100 ) ;
#2459 = CARTESIAN_POINT ( 'NONE',  ( -0.1250000000000000000, 0.2900000000000000400, 0.4498706720725754200 ) ) ;
#2460 = DIRECTION ( 'NONE',  ( 0.0000000000000000000, 0.01745240643727954600, 0.9998476951563912700 ) ) ;
#2461 = DIRECTION ( 'NONE',  ( 0.0000000000000000000, 0.9998476951563913800, -0.01745240643727955000 ) ) ;
#2462 = CARTESIAN_POINT ( 'NONE',  ( 0.1249999999999999900, 0.2900000000000000400, 0.4498706720725754200 ) ) ;
#2463 = LINE ( 'NONE', #2459, #2458 ) ;
#2464 = AXIS2_PLACEMENT_3D ( 'NONE', #2462, #2461, #2460 ) ;
#2465 = PLANE ( 'NONE',  #2464 ) ;
#2466 =( GEOMETRIC_REPRESENTATION_CONTEXT ( 3 ) GLOBAL_UNCERTAINTY_ASSIGNED_CONTEXT ( ( #2467 ) ) GLOBAL_UNIT_ASSIGNED_CONTEXT ( ( #2470, #2469, #2468 ) ) REPRESENTATION_CONTEXT ( 'NONE', 'WORKASPACE' ) );
#2467 = UNCERTAINTY_MEASURE_WITH_UNIT (LENGTH_MEASURE( 1.000000000000000100E-005 ), #2470, 'distance_accuracy_value', 'NONE');
#2468 =( NAMED_UNIT ( * ) SI_UNIT ( $, .STERADIAN. ) SOLID_ANGLE_UNIT ( ) );
#2469 =( NAMED_UNIT ( * ) PLANE_ANGLE_UNIT ( ) SI_UNIT ( $, .RADIAN. ) );
#2470 =( CONVERSION_BASED_UNIT ( 'INCH', #2471 ) LENGTH_UNIT ( ) NAMED_UNIT ( #2472 ) );
#2471 = LENGTH_MEASURE_WITH_UNIT ( LENGTH_MEASURE( 0.02539999999999999900 ), #2473 );
#2472 = DIMENSIONAL_EXPONENTS ( 1.000000000000000000, 0.0000000000000000000, 0.0000000000000000000, 0.0000000000000000000, 0.0000000000000000000, 0.0000000000000000000, 0.0000000000000000000 ) ;
#2473 =( LENGTH_UNIT ( ) NAMED_UNIT ( * ) SI_UNIT ( $, .METRE. ) );
#2474 = MECHANICAL_DESIGN_GEOMETRIC_PRESENTATION_REPRESENTATION (  '', ( #2476 ), #2466 ) ;
#2475 = PRESENTATION_LAYER_ASSIGNMENT (  '', '', ( #2476 ) ) ;
#2476 = STYLED_ITEM ( 'NONE', ( #2477 ), #252 ) ;
#2477 = PRESENTATION_STYLE_ASSIGNMENT (( #2478 ) ) ;
#2478 = SURFACE_STYLE_USAGE ( .BOTH. , #2479 ) ;
#2479 = SURFACE_SIDE_STYLE ('',( #2480 ) ) ;
#2480 = SURFACE_STYLE_FILL_AREA ( #2481 ) ;
#2481 = FILL_AREA_STYLE ('',( #2483 ) ) ;
#2482 = COLOUR_RGB ( '',0.9882352941176471000, 1.000000000000000000, 0.9882352941176471000 ) ;
#2483 = FILL_AREA_STYLE_COLOUR ( '', #2482 ) ;
#2484 = FACE_OUTER_BOUND ( 'NONE', #293, .T. ) ;
#2485 = CARTESIAN_POINT ( 'NONE',  ( 0.06249999999999999300, 0.06200000000000000000, 0.5058305537887147800 ) ) ;
#2486 = DIRECTION ( 'NONE',  ( -0.0000000000000000000, -1.000000000000000000, 2.276539994720219500E-015 ) ) ;
#2487 = VECTOR ( 'NONE', #2486, 39.37007874015748100 ) ;
#2488 = CARTESIAN_POINT ( 'NONE',  ( 0.06250000000000000000, 0.03200000000000000100, 0.5058305537887147800 ) ) ;
#2489 = LINE ( 'NONE', #2488, #2487 ) ;
#2490 = DIRECTION ( 'NONE',  ( 0.0000000000000000000, 1.000000000000000000, -2.276539994720219500E-015 ) ) ;
#2491 = DIRECTION ( 'NONE',  ( 0.0000000000000000000, -2.276539994720219500E-015, -1.000000000000000000 ) ) ;
#2492 = CARTESIAN_POINT ( 'NONE',  ( 0.06250000000000000000, 0.03200000000000000100, 0.5058305537887147800 ) ) ;
#2493 = AXIS2_PLACEMENT_3D ( 'NONE', #2492, #2491, #2490 ) ;
#2494 = CARTESIAN_POINT ( 'NONE',  ( 0.1249999999999999900, 0.2750023246178937600, 0.4501347423908009800 ) ) ;
#2495 = DIRECTION ( 'NONE',  ( 0.0000000000000000000, -0.01745240643727945900, -0.9998476951563912700 ) ) ;
#2496 = VECTOR ( 'NONE', #2495, 39.37007874015748100 ) ;
#2497 = CARTESIAN_POINT ( 'NONE',  ( 0.1250000000000000000, 0.2750023246178937000, 0.4501347423908009800 ) ) ;
#2498 = AXIS2_PLACEMENT_3D ( 'NONE', #2511, #2510, #2509 ) ;
#2499 = LINE ( 'NONE', #2497, #2496 ) ;
#2500 = PLANE ( 'NONE',  #2493 ) ;
#2501 =( GEOMETRIC_REPRESENTATION_CONTEXT ( 3 ) GLOBAL_UNCERTAINTY_ASSIGNED_CONTEXT ( ( #2502 ) ) GLOBAL_UNIT_ASSIGNED_CONTEXT ( ( #2505, #2504, #2503 ) ) REPRESENTATION_CONTEXT ( 'NONE', 'WORKASPACE' ) );
#2502 = UNCERTAINTY_MEASURE_WITH_UNIT (LENGTH_MEASURE( 1.000000000000000100E-005 ), #2505, 'distance_accuracy_value', 'NONE');
#2503 =( NAMED_UNIT ( * ) SI_UNIT ( $, .STERADIAN. ) SOLID_ANGLE_UNIT ( ) );
#2504 =( NAMED_UNIT ( * ) PLANE_ANGLE_UNIT ( ) SI_UNIT ( $, .RADIAN. ) );
#2505 =( CONVERSION_BASED_UNIT ( 'INCH', #2506 ) LENGTH_UNIT ( ) NAMED_UNIT ( #2507 ) );
#2506 = LENGTH_MEASURE_WITH_UNIT ( LENGTH_MEASURE( 0.02539999999999999900 ), #2508 );
#2507 = DIMENSIONAL_EXPONENTS ( 1.000000000000000000, 0.0000000000000000000, 0.0000000000000000000, 0.0000000000000000000, 0.0000000000000000000, 0.0000000000000000000, 0.0000000000000000000 ) ;
#2508 =( LENGTH_UNIT ( ) NAMED_UNIT ( * ) SI_UNIT ( $, .METRE. ) );
#2509 = DIRECTION ( 'NONE',  ( 0.0000000000000000000, -0.01745240643727954600, -0.9998476951563912700 ) ) ;
#2510 = DIRECTION ( 'NONE',  ( 0.0000000000000000000, -0.9998476951563913800, 0.01745240643727955000 ) ) ;
#2511 = CARTESIAN_POINT ( 'NONE',  ( -0.1249999999999999900, 0.2750023246178937000, 0.4501347423908009800 ) ) ;
#2512 = CARTESIAN_POINT ( 'NONE',  ( -0.06749999999999997700, 0.06200000000000000600, 0.5058305537887147800 ) ) ;
#2513 = CARTESIAN_POINT ( 'NONE',  ( -0.1249999999999999900, 0.06200000000000001300, 0.5058305537887147800 ) ) ;
#2514 = DIRECTION ( 'NONE',  ( 0.0000000000000000000, 0.0000000000000000000, -1.000000000000000000 ) ) ;
#2515 = DIRECTION ( 'NONE',  ( 1.000000000000000000, 0.0000000000000000000, 0.0000000000000000000 ) ) ;
#2516 = CARTESIAN_POINT ( 'NONE',  ( -0.1249999999999999900, 0.1630602775240599100, -0.1187783729201021000 ) ) ;
#2517 = AXIS2_PLACEMENT_3D ( 'NONE', #2516, #2515, #2514 ) ;
#2518 = CIRCLE ( 'NONE', #2517, 0.02999999991301229700 ) ;
#2519 =( GEOMETRIC_REPRESENTATION_CONTEXT ( 3 ) GLOBAL_UNCERTAINTY_ASSIGNED_CONTEXT ( ( #2732 ) ) GLOBAL_UNIT_ASSIGNED_CONTEXT ( ( #2735, #2734, #2733 ) ) REPRESENTATION_CONTEXT ( 'NONE', 'WORKASPACE' ) );
#2520 = CARTESIAN_POINT ( 'NONE',  ( -0.1250000000000000000, 0.1422221699151803300, -0.09719659203757313700 ) ) ;
#2521 = DIRECTION ( 'NONE',  ( 1.000000000000000000, 0.0000000000000000000, 0.0000000000000000000 ) ) ;
#2522 = VECTOR ( 'NONE', #2521, 39.37007874015748100 ) ;
#2523 = CARTESIAN_POINT ( 'NONE',  ( -0.1249999999999999900, 0.1422221699151803300, -0.09719659203757313700 ) ) ;
#2524 = LINE ( 'NONE', #2523, #2522 ) ;
#2525 = CARTESIAN_POINT ( 'NONE',  ( 0.1249999999999999600, 0.1422221699151803300, -0.09719659203757313700 ) ) ;
#2526 = DIRECTION ( 'NONE',  ( 0.0000000000000000000, 2.276540001321252200E-015, -1.000000000000000000 ) ) ;
#2527 = DIRECTION ( 'NONE',  ( -1.000000000000000000, -0.0000000000000000000, -0.0000000000000000000 ) ) ;
#2528 = CARTESIAN_POINT ( 'NONE',  ( 0.1249999999999999400, 0.1630602775240599100, -0.1187783729201021000 ) ) ;
#2529 = AXIS2_PLACEMENT_3D ( 'NONE', #2528, #2527, #2526 ) ;
#2530 = PLANE ( 'NONE',  #2727 ) ;
#2531 =( GEOMETRIC_REPRESENTATION_CONTEXT ( 3 ) GLOBAL_UNCERTAINTY_ASSIGNED_CONTEXT ( ( #2532 ) ) GLOBAL_UNIT_ASSIGNED_CONTEXT ( ( #2535, #2534, #2533 ) ) REPRESENTATION_CONTEXT ( 'NONE', 'WORKASPACE' ) );
#2532 = UNCERTAINTY_MEASURE_WITH_UNIT (LENGTH_MEASURE( 1.000000000000000100E-005 ), #2535, 'distance_accuracy_value', 'NONE');
#2533 =( NAMED_UNIT ( * ) SI_UNIT ( $, .STERADIAN. ) SOLID_ANGLE_UNIT ( ) );
#2534 =( NAMED_UNIT ( * ) PLANE_ANGLE_UNIT ( ) SI_UNIT ( $, .RADIAN. ) );
#2535 =( CONVERSION_BASED_UNIT ( 'INCH', #2636 ) LENGTH_UNIT ( ) NAMED_UNIT ( #2637 ) );
#2536 = DIRECTION ( 'NONE',  ( 0.0000000000000000000, 0.0000000000000000000, -1.000000000000000000 ) ) ;
#2537 = DIRECTION ( 'NONE',  ( 1.000000000000000000, 0.0000000000000000000, 0.0000000000000000000 ) ) ;
#2538 = CARTESIAN_POINT ( 'NONE',  ( 0.0000000000000000000, 0.1630602775240599100, -0.1187783729201021000 ) ) ;
#2539 = AXIS2_PLACEMENT_3D ( 'NONE', #2538, #2537, #2536 ) ;
#2540 = CIRCLE ( 'NONE', #2529, 0.02999999991301229700 ) ;
#2541 = CYLINDRICAL_SURFACE ( 'NONE', #2539, 0.02999999991301229700 ) ;
#2542 =( GEOMETRIC_REPRESENTATION_CONTEXT ( 3 ) GLOBAL_UNCERTAINTY_ASSIGNED_CONTEXT ( ( #2543 ) ) GLOBAL_UNIT_ASSIGNED_CONTEXT ( ( #2546, #2545, #2544 ) ) REPRESENTATION_CONTEXT ( 'NONE', 'WORKASPACE' ) );
#2543 = UNCERTAINTY_MEASURE_WITH_UNIT (LENGTH_MEASURE( 1.000000000000000100E-005 ), #2546, 'distance_accuracy_value', 'NONE');
#2544 =( NAMED_UNIT ( * ) SI_UNIT ( $, .STERADIAN. ) SOLID_ANGLE_UNIT ( ) );
#2545 =( NAMED_UNIT ( * ) PLANE_ANGLE_UNIT ( ) SI_UNIT ( $, .RADIAN. ) );
#2546 =( CONVERSION_BASED_UNIT ( 'INCH', #2547 ) LENGTH_UNIT ( ) NAMED_UNIT ( #2548 ) );
#2547 = LENGTH_MEASURE_WITH_UNIT ( LENGTH_MEASURE( 0.02539999999999999900 ), #2549 );
#2548 = DIMENSIONAL_EXPONENTS ( 1.000000000000000000, 0.0000000000000000000, 0.0000000000000000000, 0.0000000000000000000, 0.0000000000000000000, 0.0000000000000000000, 0.0000000000000000000 ) ;
#2549 =( LENGTH_UNIT ( ) NAMED_UNIT ( * ) SI_UNIT ( $, .METRE. ) );
#2550 = MECHANICAL_DESIGN_GEOMETRIC_PRESENTATION_REPRESENTATION (  '', ( #2552 ), #2542 ) ;
#2551 = PRESENTATION_LAYER_ASSIGNMENT (  '', '', ( #2552 ) ) ;
#2552 = STYLED_ITEM ( 'NONE', ( #2553 ), #355 ) ;
#2553 = PRESENTATION_STYLE_ASSIGNMENT (( #2554 ) ) ;
#2554 = SURFACE_STYLE_USAGE ( .BOTH. , #2555 ) ;
#2555 = SURFACE_SIDE_STYLE ('',( #2556 ) ) ;
#2556 = SURFACE_STYLE_FILL_AREA ( #2557 ) ;
#2557 = FILL_AREA_STYLE ('',( #2558 ) ) ;
#2558 = FILL_AREA_STYLE_COLOUR ( '', #2559 ) ;
#2559 = COLOUR_RGB ( '',0.9882352941176471000, 1.000000000000000000, 0.9882352941176471000 ) ;
#2560 = DIRECTION ( 'NONE',  ( 0.0000000000000000000, 0.0000000000000000000, 1.000000000000000000 ) ) ;
#2561 = DIRECTION ( 'NONE',  ( -1.000000000000000000, 0.0000000000000000000, 0.0000000000000000000 ) ) ;
#2562 = CARTESIAN_POINT ( 'NONE',  ( 0.1249999999999999900, 0.2427458911158360300, 0.03463212714500799000 ) ) ;
#2563 = AXIS2_PLACEMENT_3D ( 'NONE', #2562, #2561, #2560 ) ;
#2564 = CIRCLE ( 'NONE', #2563, 0.04000000000000003600 ) ;
#2565 = FACE_OUTER_BOUND ( 'NONE', #356, .T. ) ;
#2566 = CARTESIAN_POINT ( 'NONE',  ( 0.1249999999999999900, 0.2827397989220917200, 0.03393403088751673800 ) ) ;
#2567 = DIRECTION ( 'NONE',  ( -1.000000000000000000, 0.0000000000000000000, -0.0000000000000000000 ) ) ;
#2568 = VECTOR ( 'NONE', #2567, 39.37007874015748100 ) ;
#2569 = CARTESIAN_POINT ( 'NONE',  ( 0.1249999999999999900, 0.2827397989220917800, 0.03393403088751667500 ) ) ;
#2570 = LINE ( 'NONE', #2569, #2568 ) ;
#2571 = CARTESIAN_POINT ( 'NONE',  ( -0.1249999999999999900, 0.2827397989220917200, 0.03393403088751673800 ) ) ;
#2572 = DIRECTION ( 'NONE',  ( 0.0000000000000000000, 8.537024980200814900E-016, 1.000000000000000000 ) ) ;
#2573 = DIRECTION ( 'NONE',  ( 1.000000000000000000, -0.0000000000000000000, -0.0000000000000000000 ) ) ;
#2574 = CARTESIAN_POINT ( 'NONE',  ( -0.1249999999999999900, 0.2427458911158360300, 0.03463212714500799000 ) ) ;
#2575 = AXIS2_PLACEMENT_3D ( 'NONE', #2574, #2573, #2572 ) ;
#2576 = CIRCLE ( 'NONE', #2575, 0.04000000000000003600 ) ;
#2577 = CARTESIAN_POINT ( 'NONE',  ( 0.1250000000000000000, 0.2705322259341960100, 0.005858535131461919300 ) ) ;
#2578 = DIRECTION ( 'NONE',  ( 1.000000000000000000, -0.0000000000000000000, 0.0000000000000000000 ) ) ;
#2579 = VECTOR ( 'NONE', #2578, 39.37007874015748100 ) ;
#2580 = CARTESIAN_POINT ( 'NONE',  ( 0.1249999999999999900, 0.2705322259341959600, 0.005858535131461900200 ) ) ;
#2581 = LINE ( 'NONE', #2580, #2579 ) ;
#2582 = CARTESIAN_POINT ( 'NONE',  ( 0.005391982702854571400, 0.2139279967920257300, -0.04880353355773966300 ) ) ;
#2583 = DIRECTION ( 'NONE',  ( 0.0000000000000000000, -0.6946583704589989200, 0.7193398003386495300 ) ) ;
#2584 = VECTOR ( 'NONE', #2583, 39.37007874015748900 ) ;
#2585 = CARTESIAN_POINT ( 'NONE',  ( 0.005391982702854568800, 0.2118440216806487000, -0.04664551415672370900 ) ) ;
#2586 = DIRECTION ( 'NONE',  ( 0.0000000000000000000, 0.0000000000000000000, 1.000000000000000000 ) ) ;
#2587 = DIRECTION ( 'NONE',  ( -1.000000000000000000, 0.0000000000000000000, 0.0000000000000000000 ) ) ;
#2588 = LINE ( 'NONE', #2585, #2584 ) ;
#2589 = PLANE ( 'NONE',  #2591 ) ;
#2590 = CARTESIAN_POINT ( 'NONE',  ( 0.005391982702854568800, 0.1826158499023015900, -0.07487083155120657900 ) ) ;
#2591 = AXIS2_PLACEMENT_3D ( 'NONE', #2590, #2587, #2586 ) ;
#2592 =( GEOMETRIC_REPRESENTATION_CONTEXT ( 3 ) GLOBAL_UNCERTAINTY_ASSIGNED_CONTEXT ( ( #2593 ) ) GLOBAL_UNIT_ASSIGNED_CONTEXT ( ( #2596, #2595, #2594 ) ) REPRESENTATION_CONTEXT ( 'NONE', 'WORKASPACE' ) );
#2593 = UNCERTAINTY_MEASURE_WITH_UNIT (LENGTH_MEASURE( 1.000000000000000100E-005 ), #2596, 'distance_accuracy_value', 'NONE');
#2594 =( NAMED_UNIT ( * ) SI_UNIT ( $, .STERADIAN. ) SOLID_ANGLE_UNIT ( ) );
#2595 =( NAMED_UNIT ( * ) PLANE_ANGLE_UNIT ( ) SI_UNIT ( $, .RADIAN. ) );
#2596 =( CONVERSION_BASED_UNIT ( 'INCH', #2618 ) LENGTH_UNIT ( ) NAMED_UNIT ( #2619 ) );
#2597 =( CONVERSION_BASED_UNIT ( 'INCH', #2598 ) LENGTH_UNIT ( ) NAMED_UNIT ( #2599 ) );
#2598 = LENGTH_MEASURE_WITH_UNIT ( LENGTH_MEASURE( 0.02539999999999999900 ), #2600 );
#2599 = DIMENSIONAL_EXPONENTS ( 1.000000000000000000, 0.0000000000000000000, 0.0000000000000000000, 0.0000000000000000000, 0.0000000000000000000, 0.0000000000000000000, 0.0000000000000000000 ) ;
#2600 =( LENGTH_UNIT ( ) NAMED_UNIT ( * ) SI_UNIT ( $, .METRE. ) );
#2601 = MECHANICAL_DESIGN_GEOMETRIC_PRESENTATION_REPRESENTATION (  '', ( #2603 ), #2678 ) ;
#2602 = PRESENTATION_LAYER_ASSIGNMENT (  '', '', ( #2603 ) ) ;
#2603 = STYLED_ITEM ( 'NONE', ( #2604 ), #322 ) ;
#2604 = PRESENTATION_STYLE_ASSIGNMENT (( #2605 ) ) ;
#2605 = SURFACE_STYLE_USAGE ( .BOTH. , #2606 ) ;
#2606 = SURFACE_SIDE_STYLE ('',( #2607 ) ) ;
#2607 = SURFACE_STYLE_FILL_AREA ( #2608 ) ;
#2608 = FILL_AREA_STYLE ('',( #2615 ) ) ;
#2609 = COLOUR_RGB ( '',0.9882352941176471000, 1.000000000000000000, 0.9882352941176471000 ) ;
#2610 = FACE_OUTER_BOUND ( 'NONE', #323, .T. ) ;
#2611 = DIRECTION ( 'NONE',  ( 0.0000000000000000000, 0.7193398003386494200, 0.6946583704589990300 ) ) ;
#2612 = VECTOR ( 'NONE', #2611, 39.37007874015748100 ) ;
#2613 = CARTESIAN_POINT ( 'NONE',  ( 0.005391982702854577500, 0.2705322259341959600, 0.005858535131461900200 ) ) ;
#2614 = LINE ( 'NONE', #2613, #2612 ) ;
#2615 = FILL_AREA_STYLE_COLOUR ( '', #2609 ) ;
#2616 = DIRECTION ( 'NONE',  ( 0.0000000000000000000, 0.0000000000000000000, -1.000000000000000000 ) ) ;
#2617 = DIRECTION ( 'NONE',  ( 1.000000000000000000, -0.0000000000000000000, 0.0000000000000000000 ) ) ;
#2618 = LENGTH_MEASURE_WITH_UNIT ( LENGTH_MEASURE( 0.02539999999999999900 ), #2620 );
#2619 = DIMENSIONAL_EXPONENTS ( 1.000000000000000000, 0.0000000000000000000, 0.0000000000000000000, 0.0000000000000000000, 0.0000000000000000000, 0.0000000000000000000, 0.0000000000000000000 ) ;
#2620 =( LENGTH_UNIT ( ) NAMED_UNIT ( * ) SI_UNIT ( $, .METRE. ) );
#2621 = MECHANICAL_DESIGN_GEOMETRIC_PRESENTATION_REPRESENTATION (  '', ( #2623 ), #2592 ) ;
#2622 = PRESENTATION_LAYER_ASSIGNMENT (  '', '', ( #2623 ) ) ;
#2623 = STYLED_ITEM ( 'NONE', ( #2624 ), #338 ) ;
#2624 = PRESENTATION_STYLE_ASSIGNMENT (( #2625 ) ) ;
#2625 = SURFACE_STYLE_USAGE ( .BOTH. , #2626 ) ;
#2626 = SURFACE_SIDE_STYLE ('',( #2627 ) ) ;
#2627 = SURFACE_STYLE_FILL_AREA ( #2628 ) ;
#2628 = FILL_AREA_STYLE ('',( #2635 ) ) ;
#2629 = COLOUR_RGB ( '',0.9882352941176471000, 1.000000000000000000, 0.9882352941176471000 ) ;
#2630 = FACE_OUTER_BOUND ( 'NONE', #339, .T. ) ;
#2631 = DIRECTION ( 'NONE',  ( 1.000000000000000000, -0.0000000000000000000, 0.0000000000000000000 ) ) ;
#2632 = VECTOR ( 'NONE', #2631, 39.37007874015748100 ) ;
#2633 = CARTESIAN_POINT ( 'NONE',  ( 0.1249999999999999900, 0.1846998250136785700, -0.07702885095222250500 ) ) ;
#2634 = LINE ( 'NONE', #2633, #2632 ) ;
#2635 = FILL_AREA_STYLE_COLOUR ( '', #2629 ) ;
#2636 = LENGTH_MEASURE_WITH_UNIT ( LENGTH_MEASURE( 0.02539999999999999900 ), #2638 );
#2637 = DIMENSIONAL_EXPONENTS ( 1.000000000000000000, 0.0000000000000000000, 0.0000000000000000000, 0.0000000000000000000, 0.0000000000000000000, 0.0000000000000000000, 0.0000000000000000000 ) ;
#2638 =( LENGTH_UNIT ( ) NAMED_UNIT ( * ) SI_UNIT ( $, .METRE. ) );
#2639 = CARTESIAN_POINT ( 'NONE',  ( 0.005391982702854573200, 0.1846998250136785700, -0.07702885095222253300 ) ) ;
#2640 = DIRECTION ( 'NONE',  ( 0.0000000000000000000, -0.6946583704590011400, 0.7193398003386474200 ) ) ;
#2641 = VECTOR ( 'NONE', #2640, 39.37007874015748100 ) ;
#2642 = CARTESIAN_POINT ( 'NONE',  ( 0.005391982702854568800, 0.1846998250136786300, -0.07702885095222253300 ) ) ;
#2643 = LINE ( 'NONE', #2642, #2641 ) ;
#2644 = DIRECTION ( 'NONE',  ( 0.0000000000000000000, 0.0000000000000000000, 1.000000000000000000 ) ) ;
#2645 = DIRECTION ( 'NONE',  ( -1.000000000000000000, 0.0000000000000000000, 0.0000000000000000000 ) ) ;
#2646 = CARTESIAN_POINT ( 'NONE',  ( 0.0000000000000000000, 0.2427458911158360300, 0.03463212714500799000 ) ) ;
#2647 = AXIS2_PLACEMENT_3D ( 'NONE', #2646, #2645, #2644 ) ;
#2648 = CYLINDRICAL_SURFACE ( 'NONE', #2647, 0.04000000000000003600 ) ;
#2649 = CARTESIAN_POINT ( 'NONE',  ( -0.1250000000000000000, 0.2705322259341960100, 0.005858535131461914900 ) ) ;
#2650 =( GEOMETRIC_REPRESENTATION_CONTEXT ( 3 ) GLOBAL_UNCERTAINTY_ASSIGNED_CONTEXT ( ( #2651 ) ) GLOBAL_UNIT_ASSIGNED_CONTEXT ( ( #2654, #2653, #2652 ) ) REPRESENTATION_CONTEXT ( 'NONE', 'WORKASPACE' ) );
#2651 = UNCERTAINTY_MEASURE_WITH_UNIT (LENGTH_MEASURE( 1.000000000000000100E-005 ), #2654, 'distance_accuracy_value', 'NONE');
#2652 =( NAMED_UNIT ( * ) SI_UNIT ( $, .STERADIAN. ) SOLID_ANGLE_UNIT ( ) );
#2653 =( NAMED_UNIT ( * ) PLANE_ANGLE_UNIT ( ) SI_UNIT ( $, .RADIAN. ) );
#2654 =( CONVERSION_BASED_UNIT ( 'INCH', #2655 ) LENGTH_UNIT ( ) NAMED_UNIT ( #2656 ) );
#2655 = LENGTH_MEASURE_WITH_UNIT ( LENGTH_MEASURE( 0.02539999999999999900 ), #2657 );
#2656 = DIMENSIONAL_EXPONENTS ( 1.000000000000000000, 0.0000000000000000000, 0.0000000000000000000, 0.0000000000000000000, 0.0000000000000000000, 0.0000000000000000000, 0.0000000000000000000 ) ;
#2657 =( LENGTH_UNIT ( ) NAMED_UNIT ( * ) SI_UNIT ( $, .METRE. ) );
#2658 = MECHANICAL_DESIGN_GEOMETRIC_PRESENTATION_REPRESENTATION (  '', ( #2660 ), #2650 ) ;
#2659 = PRESENTATION_LAYER_ASSIGNMENT (  '', '', ( #2660 ) ) ;
#2660 = STYLED_ITEM ( 'NONE', ( #2661 ), #329 ) ;
#2661 = PRESENTATION_STYLE_ASSIGNMENT (( #2662 ) ) ;
#2662 = SURFACE_STYLE_USAGE ( .BOTH. , #2664 ) ;
#2663 = FACE_OUTER_BOUND ( 'NONE', #330, .T. ) ;
#2664 = SURFACE_SIDE_STYLE ('',( #2665 ) ) ;
#2665 = SURFACE_STYLE_FILL_AREA ( #2666 ) ;
#2666 = FILL_AREA_STYLE ('',( #2671 ) ) ;
#2667 = COLOUR_RGB ( '',0.9882352941176471000, 1.000000000000000000, 0.9882352941176471000 ) ;
#2668 = DIRECTION ( 'NONE',  ( 1.000000000000000000, -0.0000000000000000000, 0.0000000000000000000 ) ) ;
#2669 = VECTOR ( 'NONE', #2668, 39.37007874015748100 ) ;
#2670 = CARTESIAN_POINT ( 'NONE',  ( 0.1249999999999999900, 0.2139279967920256800, -0.04880353355773965600 ) ) ;
#2671 = FILL_AREA_STYLE_COLOUR ( '', #2667 ) ;
#2672 = DIRECTION ( 'NONE',  ( 0.0000000000000000000, -0.6946583704589989200, 0.7193398003386495300 ) ) ;
#2673 = DIRECTION ( 'NONE',  ( -0.0000000000000000000, 0.7193398003386496400, 0.6946583704589990300 ) ) ;
#2674 = CARTESIAN_POINT ( 'NONE',  ( 0.005391982702854568800, 0.2118440216806487000, -0.04664551415672370900 ) ) ;
#2675 = LINE ( 'NONE', #2670, #2669 ) ;
#2676 = PLANE ( 'NONE',  #2677 ) ;
#2677 = AXIS2_PLACEMENT_3D ( 'NONE', #2674, #2673, #2672 ) ;
#2678 =( GEOMETRIC_REPRESENTATION_CONTEXT ( 3 ) GLOBAL_UNCERTAINTY_ASSIGNED_CONTEXT ( ( #2679 ) ) GLOBAL_UNIT_ASSIGNED_CONTEXT ( ( #2597, #2681, #2680 ) ) REPRESENTATION_CONTEXT ( 'NONE', 'WORKASPACE' ) );
#2679 = UNCERTAINTY_MEASURE_WITH_UNIT (LENGTH_MEASURE( 1.000000000000000100E-005 ), #2597, 'distance_accuracy_value', 'NONE');
#2680 =( NAMED_UNIT ( * ) SI_UNIT ( $, .STERADIAN. ) SOLID_ANGLE_UNIT ( ) );
#2681 =( NAMED_UNIT ( * ) PLANE_ANGLE_UNIT ( ) SI_UNIT ( $, .RADIAN. ) );
#2682 = CARTESIAN_POINT ( 'NONE',  ( -0.04760620021658820700, 0.2207395522218847700, -0.03805520016709851300 ) ) ;
#2683 = AXIS2_PLACEMENT_3D ( 'NONE', #2682, #2617, #2616 ) ;
#2684 = PLANE ( 'NONE',  #2683 ) ;
#2685 =( GEOMETRIC_REPRESENTATION_CONTEXT ( 3 ) GLOBAL_UNCERTAINTY_ASSIGNED_CONTEXT ( ( #2686 ) ) GLOBAL_UNIT_ASSIGNED_CONTEXT ( ( #2700, #2699, #2687 ) ) REPRESENTATION_CONTEXT ( 'NONE', 'WORKASPACE' ) );
#2686 = UNCERTAINTY_MEASURE_WITH_UNIT (LENGTH_MEASURE( 1.000000000000000100E-005 ), #2700, 'distance_accuracy_value', 'NONE');
#2687 =( NAMED_UNIT ( * ) SI_UNIT ( $, .STERADIAN. ) SOLID_ANGLE_UNIT ( ) );
#2688 = MECHANICAL_DESIGN_GEOMETRIC_PRESENTATION_REPRESENTATION (  '', ( #2690 ), #2531 ) ;
#2689 = PRESENTATION_LAYER_ASSIGNMENT (  '', '', ( #2690 ) ) ;
#2690 = STYLED_ITEM ( 'NONE', ( #2691 ), #307 ) ;
#2691 = PRESENTATION_STYLE_ASSIGNMENT (( #2692 ) ) ;
#2692 = SURFACE_STYLE_USAGE ( .BOTH. , #2693 ) ;
#2693 = SURFACE_SIDE_STYLE ('',( #2694 ) ) ;
#2694 = SURFACE_STYLE_FILL_AREA ( #2695 ) ;
#2695 = FILL_AREA_STYLE ('',( #2696 ) ) ;
#2696 = FILL_AREA_STYLE_COLOUR ( '', #2697 ) ;
#2697 = COLOUR_RGB ( '',0.9882352941176471000, 1.000000000000000000, 0.9882352941176471000 ) ;
#2698 = FACE_OUTER_BOUND ( 'NONE', #308, .T. ) ;
#2699 =( NAMED_UNIT ( * ) PLANE_ANGLE_UNIT ( ) SI_UNIT ( $, .RADIAN. ) );
#2700 =( CONVERSION_BASED_UNIT ( 'INCH', #2701 ) LENGTH_UNIT ( ) NAMED_UNIT ( #2702 ) );
#2701 = LENGTH_MEASURE_WITH_UNIT ( LENGTH_MEASURE( 0.02539999999999999900 ), #2703 );
#2702 = DIMENSIONAL_EXPONENTS ( 1.000000000000000000, 0.0000000000000000000, 0.0000000000000000000, 0.0000000000000000000, 0.0000000000000000000, 0.0000000000000000000, 0.0000000000000000000 ) ;
#2703 =( LENGTH_UNIT ( ) NAMED_UNIT ( * ) SI_UNIT ( $, .METRE. ) );
#2704 = MECHANICAL_DESIGN_GEOMETRIC_PRESENTATION_REPRESENTATION (  '', ( #2706 ), #2685 ) ;
#2705 = PRESENTATION_LAYER_ASSIGNMENT (  '', '', ( #2706 ) ) ;
#2706 = STYLED_ITEM ( 'NONE', ( #2707 ), #316 ) ;
#2707 = PRESENTATION_STYLE_ASSIGNMENT (( #2708 ) ) ;
#2708 = SURFACE_STYLE_USAGE ( .BOTH. , #2709 ) ;
#2709 = SURFACE_SIDE_STYLE ('',( #2710 ) ) ;
#2710 = SURFACE_STYLE_FILL_AREA ( #2711 ) ;
#2711 = FILL_AREA_STYLE ('',( #2718 ) ) ;
#2712 = COLOUR_RGB ( '',0.9882352941176471000, 1.000000000000000000, 0.9882352941176471000 ) ;
#2713 = FACE_OUTER_BOUND ( 'NONE', #317, .T. ) ;
#2714 = DIRECTION ( 'NONE',  ( -1.000000000000000000, 0.0000000000000000000, -0.0000000000000000000 ) ) ;
#2715 = VECTOR ( 'NONE', #2714, 39.37007874015748100 ) ;
#2716 = CARTESIAN_POINT ( 'NONE',  ( 0.1249999999999999900, 0.2228235273332617700, -0.04021321956811443200 ) ) ;
#2717 = LINE ( 'NONE', #2716, #2715 ) ;
#2718 = FILL_AREA_STYLE_COLOUR ( '', #2712 ) ;
#2719 = CARTESIAN_POINT ( 'NONE',  ( -0.04760620021658822100, 0.2228235273332617700, -0.04021321956811446000 ) ) ;
#2720 = DIRECTION ( 'NONE',  ( 0.0000000000000000000, -0.6946583704590018100, 0.7193398003386467500 ) ) ;
#2721 = VECTOR ( 'NONE', #2720, 39.37007874015748900 ) ;
#2722 = CARTESIAN_POINT ( 'NONE',  ( -0.04760620021658820700, 0.2228235273332617700, -0.04021321956811446000 ) ) ;
#2723 = LINE ( 'NONE', #2722, #2721 ) ;
#2724 = DIRECTION ( 'NONE',  ( 0.0000000000000000000, 0.6946583704589989200, -0.7193398003386495300 ) ) ;
#2725 = DIRECTION ( 'NONE',  ( 0.0000000000000000000, -0.7193398003386496400, -0.6946583704589990300 ) ) ;
#2726 = CARTESIAN_POINT ( 'NONE',  ( -0.006974259978348749300, 0.2207395522218847700, -0.03805520016709851300 ) ) ;
#2727 = AXIS2_PLACEMENT_3D ( 'NONE', #2726, #2725, #2724 ) ;
#2728 =( LENGTH_UNIT ( ) NAMED_UNIT ( * ) SI_UNIT ( $, .METRE. ) );
#2729 = MECHANICAL_DESIGN_GEOMETRIC_PRESENTATION_REPRESENTATION (  '', ( #2731 ), #2880 ) ;
#2730 = PRESENTATION_LAYER_ASSIGNMENT (  '', '', ( #2731 ) ) ;
#2731 = STYLED_ITEM ( 'NONE', ( #2845 ), #368 ) ;
#2732 = UNCERTAINTY_MEASURE_WITH_UNIT (LENGTH_MEASURE( 1.000000000000000100E-005 ), #2735, 'distance_accuracy_value', 'NONE');
#2733 =( NAMED_UNIT ( * ) SI_UNIT ( $, .STERADIAN. ) SOLID_ANGLE_UNIT ( ) );
#2734 =( NAMED_UNIT ( * ) PLANE_ANGLE_UNIT ( ) SI_UNIT ( $, .RADIAN. ) );
#2735 =( CONVERSION_BASED_UNIT ( 'INCH', #2736 ) LENGTH_UNIT ( ) NAMED_UNIT ( #2737 ) );
#2736 = LENGTH_MEASURE_WITH_UNIT ( LENGTH_MEASURE( 0.02539999999999999900 ), #2738 );
#2737 = DIMENSIONAL_EXPONENTS ( 1.000000000000000000, 0.0000000000000000000, 0.0000000000000000000, 0.0000000000000000000, 0.0000000000000000000, 0.0000000000000000000, 0.0000000000000000000 ) ;
#2738 =( LENGTH_UNIT ( ) NAMED_UNIT ( * ) SI_UNIT ( $, .METRE. ) );
#2739 = MECHANICAL_DESIGN_GEOMETRIC_PRESENTATION_REPRESENTATION (  '', ( #2741 ), #2519 ) ;
#2740 = PRESENTATION_LAYER_ASSIGNMENT (  '', '', ( #2741 ) ) ;
#2741 = STYLED_ITEM ( 'NONE', ( #2742 ), #423 ) ;
#2742 = PRESENTATION_STYLE_ASSIGNMENT (( #2743 ) ) ;
#2743 = SURFACE_STYLE_USAGE ( .BOTH. , #2744 ) ;
#2744 = SURFACE_SIDE_STYLE ('',( #2745 ) ) ;
#2745 = SURFACE_STYLE_FILL_AREA ( #2746 ) ;
#2746 = FILL_AREA_STYLE ('',( #2747 ) ) ;
#2747 = FILL_AREA_STYLE_COLOUR ( '', #2748 ) ;
#2748 = COLOUR_RGB ( '',0.9882352941176471000, 1.000000000000000000, 0.9882352941176471000 ) ;
#2749 = FACE_OUTER_BOUND ( 'NONE', #496, .T. ) ;
#2750 = CARTESIAN_POINT ( 'NONE',  ( -0.06749999999999999100, 0.1130000000000000200, -0.2219807621135331300 ) ) ;
#2751 = CARTESIAN_POINT ( 'NONE',  ( 0.04602392294109401000, 0.2228235273332617700, -0.04021321956811442500 ) ) ;
#2752 = DIRECTION ( 'NONE',  ( -0.0000000000000000000, -0.6946583704589989200, 0.7193398003386495300 ) ) ;
#2753 = VECTOR ( 'NONE', #2752, 39.37007874015748900 ) ;
#2754 = CARTESIAN_POINT ( 'NONE',  ( 0.04602392294109401000, 0.2207395522218847700, -0.03805520016709851300 ) ) ;
#2755 = LINE ( 'NONE', #2754, #2753 ) ;
#2756 = DIRECTION ( 'NONE',  ( 0.0000000000000000000, 0.0000000000000000000, 1.000000000000000000 ) ) ;
#2757 = DIRECTION ( 'NONE',  ( -1.000000000000000000, 0.0000000000000000000, 0.0000000000000000000 ) ) ;
#2758 = CARTESIAN_POINT ( 'NONE',  ( 0.04602392294109402400, 0.2118440216806487000, -0.04664551415672370900 ) ) ;
#2759 = AXIS2_PLACEMENT_3D ( 'NONE', #2758, #2757, #2756 ) ;
#2760 = DIRECTION ( 'NONE',  ( 0.0000000000000000000, 0.0000000000000000000, -1.000000000000000000 ) ) ;
#2761 = DIRECTION ( 'NONE',  ( 1.000000000000000000, 0.0000000000000000000, 0.0000000000000000000 ) ) ;
#2762 = CARTESIAN_POINT ( 'NONE',  ( 0.0000000000000000000, 0.1630602775240599100, -0.1187783729201021000 ) ) ;
#2763 = AXIS2_PLACEMENT_3D ( 'NONE', #2762, #2761, #2760 ) ;
#2764 = CYLINDRICAL_SURFACE ( 'NONE', #2763, 0.01499999999999994200 ) ;
#2765 =( GEOMETRIC_REPRESENTATION_CONTEXT ( 3 ) GLOBAL_UNCERTAINTY_ASSIGNED_CONTEXT ( ( #2769 ) ) GLOBAL_UNIT_ASSIGNED_CONTEXT ( ( #2772, #2771, #2770 ) ) REPRESENTATION_CONTEXT ( 'NONE', 'WORKASPACE' ) );
#2766 = UNCERTAINTY_MEASURE_WITH_UNIT (LENGTH_MEASURE( 1.000000000000000100E-005 ), #2849, 'distance_accuracy_value', 'NONE');
#2767 =( NAMED_UNIT ( * ) SI_UNIT ( $, .STERADIAN. ) SOLID_ANGLE_UNIT ( ) );
#2768 =( NAMED_UNIT ( * ) PLANE_ANGLE_UNIT ( ) SI_UNIT ( $, .RADIAN. ) );
#2769 = UNCERTAINTY_MEASURE_WITH_UNIT (LENGTH_MEASURE( 1.000000000000000100E-005 ), #2772, 'distance_accuracy_value', 'NONE');
#2770 =( NAMED_UNIT ( * ) SI_UNIT ( $, .STERADIAN. ) SOLID_ANGLE_UNIT ( ) );
#2771 =( NAMED_UNIT ( * ) PLANE_ANGLE_UNIT ( ) SI_UNIT ( $, .RADIAN. ) );
#2772 =( CONVERSION_BASED_UNIT ( 'INCH', #2773 ) LENGTH_UNIT ( ) NAMED_UNIT ( #2774 ) );
#2773 = LENGTH_MEASURE_WITH_UNIT ( LENGTH_MEASURE( 0.02539999999999999900 ), #2775 );
#2774 = DIMENSIONAL_EXPONENTS ( 1.000000000000000000, 0.0000000000000000000, 0.0000000000000000000, 0.0000000000000000000, 0.0000000000000000000, 0.0000000000000000000, 0.0000000000000000000 ) ;
#2775 =( LENGTH_UNIT ( ) NAMED_UNIT ( * ) SI_UNIT ( $, .METRE. ) );
#2776 = FACE_OUTER_BOUND ( 'NONE', #369, .T. ) ;
#2777 = MECHANICAL_DESIGN_GEOMETRIC_PRESENTATION_REPRESENTATION (  '', ( #2779 ), #2765 ) ;
#2778 = PRESENTATION_LAYER_ASSIGNMENT (  '', '', ( #2779 ) ) ;
#2779 = STYLED_ITEM ( 'NONE', ( #2780 ), #383 ) ;
#2780 = PRESENTATION_STYLE_ASSIGNMENT (( #2781 ) ) ;
#2781 = SURFACE_STYLE_USAGE ( .BOTH. , #2782 ) ;
#2782 = SURFACE_SIDE_STYLE ('',( #2783 ) ) ;
#2783 = SURFACE_STYLE_FILL_AREA ( #2784 ) ;
#2784 = FILL_AREA_STYLE ('',( #2791 ) ) ;
#2785 = COLOUR_RGB ( '',0.9882352941176471000, 1.000000000000000000, 0.9882352941176471000 ) ;
#2786 = FACE_OUTER_BOUND ( 'NONE', #384, .T. ) ;
#2787 = DIRECTION ( 'NONE',  ( 1.000000000000000000, 0.0000000000000000000, 0.0000000000000000000 ) ) ;
#2788 = VECTOR ( 'NONE', #2787, 39.37007874015748100 ) ;
#2789 = CARTESIAN_POINT ( 'NONE',  ( 0.0000000000000000000, 0.1384844059608611700, -0.1359837944984853800 ) ) ;
#2790 = LINE ( 'NONE', #2789, #2788 ) ;
#2791 = FILL_AREA_STYLE_COLOUR ( '', #2785 ) ;
#2792 = DIRECTION ( 'NONE',  ( -0.0000000000000000000, -0.7193398003386494200, -0.6946583704589990300 ) ) ;
#2793 = VECTOR ( 'NONE', #2792, 39.37007874015748100 ) ;
#2794 = CARTESIAN_POINT ( 'NONE',  ( -0.006974259978348740600, 0.2705322259341959600, 0.005858535131461900200 ) ) ;
#2795 = LINE ( 'NONE', #2794, #2793 ) ;
#2796 = CARTESIAN_POINT ( 'NONE',  ( -0.006974259978348746600, 0.1846998250136785700, -0.07702885095222253300 ) ) ;
#2797 = DIRECTION ( 'NONE',  ( 0.0000000000000000000, -0.6946583704589989200, 0.7193398003386495300 ) ) ;
#2798 = VECTOR ( 'NONE', #2797, 39.37007874015748900 ) ;
#2799 = CARTESIAN_POINT ( 'NONE',  ( -0.006974259978348749300, 0.1826158499023015900, -0.07487083155120657900 ) ) ;
#2800 = LINE ( 'NONE', #2799, #2798 ) ;
#2801 = DIRECTION ( 'NONE',  ( 0.0000000000000000000, 0.0000000000000000000, -1.000000000000000000 ) ) ;
#2802 = DIRECTION ( 'NONE',  ( 1.000000000000000000, -0.0000000000000000000, 0.0000000000000000000 ) ) ;
#2803 = CARTESIAN_POINT ( 'NONE',  ( -0.006974259978348749300, 0.2118440216806487000, -0.04664551415672370900 ) ) ;
#2804 = AXIS2_PLACEMENT_3D ( 'NONE', #2803, #2802, #2801 ) ;
#2805 = PLANE ( 'NONE',  #2804 ) ;
#2806 =( GEOMETRIC_REPRESENTATION_CONTEXT ( 3 ) GLOBAL_UNCERTAINTY_ASSIGNED_CONTEXT ( ( #2857 ) ) GLOBAL_UNIT_ASSIGNED_CONTEXT ( ( #2860, #2859, #2858 ) ) REPRESENTATION_CONTEXT ( 'NONE', 'WORKASPACE' ) );
#2807 = PLANE ( 'NONE',  #2759 ) ;
#2808 =( GEOMETRIC_REPRESENTATION_CONTEXT ( 3 ) GLOBAL_UNCERTAINTY_ASSIGNED_CONTEXT ( ( #2809 ) ) GLOBAL_UNIT_ASSIGNED_CONTEXT ( ( #2812, #2811, #2810 ) ) REPRESENTATION_CONTEXT ( 'NONE', 'WORKASPACE' ) );
#2809 = UNCERTAINTY_MEASURE_WITH_UNIT (LENGTH_MEASURE( 1.000000000000000100E-005 ), #2812, 'distance_accuracy_value', 'NONE');
#2810 =( NAMED_UNIT ( * ) SI_UNIT ( $, .STERADIAN. ) SOLID_ANGLE_UNIT ( ) );
#2811 =( NAMED_UNIT ( * ) PLANE_ANGLE_UNIT ( ) SI_UNIT ( $, .RADIAN. ) );
#2812 =( CONVERSION_BASED_UNIT ( 'INCH', #2813 ) LENGTH_UNIT ( ) NAMED_UNIT ( #2814 ) );
#2813 = LENGTH_MEASURE_WITH_UNIT ( LENGTH_MEASURE( 0.02539999999999999900 ), #2815 );
#2814 = DIMENSIONAL_EXPONENTS ( 1.000000000000000000, 0.0000000000000000000, 0.0000000000000000000, 0.0000000000000000000, 0.0000000000000000000, 0.0000000000000000000, 0.0000000000000000000 ) ;
#2815 =( LENGTH_UNIT ( ) NAMED_UNIT ( * ) SI_UNIT ( $, .METRE. ) );
#2816 = MECHANICAL_DESIGN_GEOMETRIC_PRESENTATION_REPRESENTATION (  '', ( #2818 ), #2808 ) ;
#2817 = PRESENTATION_LAYER_ASSIGNMENT (  '', '', ( #2818 ) ) ;
#2818 = STYLED_ITEM ( 'NONE', ( #2819 ), #415 ) ;
#2819 = PRESENTATION_STYLE_ASSIGNMENT (( #2820 ) ) ;
#2820 = SURFACE_STYLE_USAGE ( .BOTH. , #2821 ) ;
#2821 = SURFACE_SIDE_STYLE ('',( #2822 ) ) ;
#2822 = SURFACE_STYLE_FILL_AREA ( #2823 ) ;
#2823 = FILL_AREA_STYLE ('',( #2830 ) ) ;
#2824 = COLOUR_RGB ( '',0.9882352941176471000, 1.000000000000000000, 0.9882352941176471000 ) ;
#2825 = FACE_OUTER_BOUND ( 'NONE', #416, .T. ) ;
#2826 = DIRECTION ( 'NONE',  ( -1.000000000000000000, 0.0000000000000000000, -0.0000000000000000000 ) ) ;
#2827 = VECTOR ( 'NONE', #2826, 39.37007874015748100 ) ;
#2828 = CARTESIAN_POINT ( 'NONE',  ( 0.1249999999999999900, 0.1526404019671748800, -0.1079882759150225100 ) ) ;
#2829 = LINE ( 'NONE', #2828, #2827 ) ;
#2830 = FILL_AREA_STYLE_COLOUR ( '', #2824 ) ;
#2831 = FILL_AREA_STYLE ('',( #2832 ) ) ;
#2832 = FILL_AREA_STYLE_COLOUR ( '', #2833 ) ;
#2833 = COLOUR_RGB ( '',0.9882352941176471000, 1.000000000000000000, 0.9882352941176471000 ) ;
#2834 = DIRECTION ( 'NONE',  ( -0.0000000000000000000, -0.7193398003386494200, -0.6946583704589990300 ) ) ;
#2835 = VECTOR ( 'NONE', #2834, 39.37007874015748100 ) ;
#2836 = CARTESIAN_POINT ( 'NONE',  ( -0.006974259978348740600, 0.2705322259341959600, 0.005858535131461900200 ) ) ;
#2837 = LINE ( 'NONE', #2836, #2835 ) ;
#2838 = CARTESIAN_POINT ( 'NONE',  ( -0.006974259978348746600, 0.2228235273332617700, -0.04021321956811446000 ) ) ;
#2839 = DIRECTION ( 'NONE',  ( -0.0000000000000000000, -0.6946583704589989200, 0.7193398003386495300 ) ) ;
#2840 = VECTOR ( 'NONE', #2839, 39.37007874015748900 ) ;
#2841 = CARTESIAN_POINT ( 'NONE',  ( -0.006974259978348749300, 0.2207395522218847700, -0.03805520016709851300 ) ) ;
#2842 = DIRECTION ( 'NONE',  ( 0.0000000000000000000, 0.0000000000000000000, -1.000000000000000000 ) ) ;
#2843 = DIRECTION ( 'NONE',  ( 1.000000000000000000, -0.0000000000000000000, 0.0000000000000000000 ) ) ;
#2844 = CARTESIAN_POINT ( 'NONE',  ( -0.006974259978348749300, 0.2499677240002319000, -0.009829882772615648400 ) ) ;
#2845 = PRESENTATION_STYLE_ASSIGNMENT (( #2846 ) ) ;
#2846 = SURFACE_STYLE_USAGE ( .BOTH. , #2847 ) ;
#2847 = SURFACE_SIDE_STYLE ('',( #2848 ) ) ;
#2848 = SURFACE_STYLE_FILL_AREA ( #2831 ) ;
#2849 =( CONVERSION_BASED_UNIT ( 'INCH', #2850 ) LENGTH_UNIT ( ) NAMED_UNIT ( #2851 ) );
#2850 = LENGTH_MEASURE_WITH_UNIT ( LENGTH_MEASURE( 0.02539999999999999900 ), #2728 );
#2851 = DIMENSIONAL_EXPONENTS ( 1.000000000000000000, 0.0000000000000000000, 0.0000000000000000000, 0.0000000000000000000, 0.0000000000000000000, 0.0000000000000000000, 0.0000000000000000000 ) ;
#2852 = PLANE ( 'NONE',  #2854 ) ;
#2853 = LINE ( 'NONE', #2841, #2840 ) ;
#2854 = AXIS2_PLACEMENT_3D ( 'NONE', #2844, #2843, #2842 ) ;
#2855 =( GEOMETRIC_REPRESENTATION_CONTEXT ( 3 ) GLOBAL_UNCERTAINTY_ASSIGNED_CONTEXT ( ( #2856 ) ) GLOBAL_UNIT_ASSIGNED_CONTEXT ( ( #2883, #2882, #2881 ) ) REPRESENTATION_CONTEXT ( 'NONE', 'WORKASPACE' ) );
#2856 = UNCERTAINTY_MEASURE_WITH_UNIT (LENGTH_MEASURE( 1.000000000000000100E-005 ), #2883, 'distance_accuracy_value', 'NONE');
#2857 = UNCERTAINTY_MEASURE_WITH_UNIT (LENGTH_MEASURE( 1.000000000000000100E-005 ), #2860, 'distance_accuracy_value', 'NONE');
#2858 =( NAMED_UNIT ( * ) SI_UNIT ( $, .STERADIAN. ) SOLID_ANGLE_UNIT ( ) );
#2859 =( NAMED_UNIT ( * ) PLANE_ANGLE_UNIT ( ) SI_UNIT ( $, .RADIAN. ) );
#2860 =( CONVERSION_BASED_UNIT ( 'INCH', #2861 ) LENGTH_UNIT ( ) NAMED_UNIT ( #2862 ) );
#2861 = LENGTH_MEASURE_WITH_UNIT ( LENGTH_MEASURE( 0.02539999999999999900 ), #2863 );
#2862 = DIMENSIONAL_EXPONENTS ( 1.000000000000000000, 0.0000000000000000000, 0.0000000000000000000, 0.0000000000000000000, 0.0000000000000000000, 0.0000000000000000000, 0.0000000000000000000 ) ;
#2863 =( LENGTH_UNIT ( ) NAMED_UNIT ( * ) SI_UNIT ( $, .METRE. ) );
#2864 = MECHANICAL_DESIGN_GEOMETRIC_PRESENTATION_REPRESENTATION (  '', ( #2866 ), #2806 ) ;
#2865 = PRESENTATION_LAYER_ASSIGNMENT (  '', '', ( #2866 ) ) ;
#2866 = STYLED_ITEM ( 'NONE', ( #2867 ), #372 ) ;
#2867 = PRESENTATION_STYLE_ASSIGNMENT (( #2868 ) ) ;
#2868 = SURFACE_STYLE_USAGE ( .BOTH. , #2869 ) ;
#2869 = SURFACE_SIDE_STYLE ('',( #2870 ) ) ;
#2870 = SURFACE_STYLE_FILL_AREA ( #2871 ) ;
#2871 = FILL_AREA_STYLE ('',( #2878 ) ) ;
#2872 = COLOUR_RGB ( '',0.9882352941176471000, 1.000000000000000000, 0.9882352941176471000 ) ;
#2873 = DIRECTION ( 'NONE',  ( 0.0000000000000000000, 0.0000000000000000000, 1.000000000000000000 ) ) ;
#2874 = DIRECTION ( 'NONE',  ( -1.000000000000000000, 0.0000000000000000000, 0.0000000000000000000 ) ) ;
#2875 = CARTESIAN_POINT ( 'NONE',  ( 0.0000000000000000000, 0.2427458911158360300, 0.03463212714500799000 ) ) ;
#2876 = AXIS2_PLACEMENT_3D ( 'NONE', #2875, #2874, #2873 ) ;
#2877 = FACE_OUTER_BOUND ( 'NONE', #373, .T. ) ;
#2878 = FILL_AREA_STYLE_COLOUR ( '', #2872 ) ;
#2879 = CYLINDRICAL_SURFACE ( 'NONE', #2876, 0.02500000027836104400 ) ;
#2880 =( GEOMETRIC_REPRESENTATION_CONTEXT ( 3 ) GLOBAL_UNCERTAINTY_ASSIGNED_CONTEXT ( ( #2766 ) ) GLOBAL_UNIT_ASSIGNED_CONTEXT ( ( #2849, #2768, #2767 ) ) REPRESENTATION_CONTEXT ( 'NONE', 'WORKASPACE' ) );
#2881 =( NAMED_UNIT ( * ) SI_UNIT ( $, .STERADIAN. ) SOLID_ANGLE_UNIT ( ) );
#2882 =( NAMED_UNIT ( * ) PLANE_ANGLE_UNIT ( ) SI_UNIT ( $, .RADIAN. ) );
#2883 =( CONVERSION_BASED_UNIT ( 'INCH', #2884 ) LENGTH_UNIT ( ) NAMED_UNIT ( #2885 ) );
#2884 = LENGTH_MEASURE_WITH_UNIT ( LENGTH_MEASURE( 0.02539999999999999900 ), #2886 );
#2885 = DIMENSIONAL_EXPONENTS ( 1.000000000000000000, 0.0000000000000000000, 0.0000000000000000000, 0.0000000000000000000, 0.0000000000000000000, 0.0000000000000000000, 0.0000000000000000000 ) ;
#2886 =( LENGTH_UNIT ( ) NAMED_UNIT ( * ) SI_UNIT ( $, .METRE. ) );
#2887 = MECHANICAL_DESIGN_GEOMETRIC_PRESENTATION_REPRESENTATION (  '', ( #2889 ), #2855 ) ;
#2888 = PRESENTATION_LAYER_ASSIGNMENT (  '', '', ( #2889 ) ) ;
#2889 = STYLED_ITEM ( 'NONE', ( #2890 ), #402 ) ;
#2890 = PRESENTATION_STYLE_ASSIGNMENT (( #2891 ) ) ;
#2891 = SURFACE_STYLE_USAGE ( .BOTH. , #2892 ) ;
#2892 = SURFACE_SIDE_STYLE ('',( #2893 ) ) ;
#2893 = SURFACE_STYLE_FILL_AREA ( #2894 ) ;
#2894 = FILL_AREA_STYLE ('',( #2901 ) ) ;
#2895 = COLOUR_RGB ( '',0.9882352941176471000, 1.000000000000000000, 0.9882352941176471000 ) ;
#2896 = FACE_OUTER_BOUND ( 'NONE', #403, .T. ) ;
#2897 = DIRECTION ( 'NONE',  ( -1.000000000000000000, 0.0000000000000000000, -0.0000000000000000000 ) ) ;
#2898 = VECTOR ( 'NONE', #2897, 39.37007874015748100 ) ;
#2899 = CARTESIAN_POINT ( 'NONE',  ( 0.1249999999999999900, 0.2520516991116089100, -0.01198790217363158000 ) ) ;
#2900 = LINE ( 'NONE', #2899, #2898 ) ;
#2901 = FILL_AREA_STYLE_COLOUR ( '', #2895 ) ;
#2902 = CARTESIAN_POINT ( 'NONE',  ( -0.006974259978348749300, 0.2520516991116089100, -0.01198790217363158600 ) ) ;
#2903 = DIRECTION ( 'NONE',  ( 0.0000000000000000000, -0.6946583704589959200, 0.7193398003386524100 ) ) ;
#2904 = VECTOR ( 'NONE', #2903, 39.37007874015748100 ) ;
#2905 = CARTESIAN_POINT ( 'NONE',  ( -0.006974259978348749300, 0.2520516991116089100, -0.01198790217363159700 ) ) ;
#2906 = LINE ( 'NONE', #2905, #2904 ) ;
#2907 = DIRECTION ( 'NONE',  ( 0.0000000000000000000, 0.6946583704589989200, -0.7193398003386495300 ) ) ;
#2908 = DIRECTION ( 'NONE',  ( 0.0000000000000000000, -0.7193398003386496400, -0.6946583704589990300 ) ) ;
#2909 = CARTESIAN_POINT ( 'NONE',  ( 0.005391982702854568800, 0.2499677240002319000, -0.009829882772615648400 ) ) ;
#2910 = AXIS2_PLACEMENT_3D ( 'NONE', #2909, #2908, #2907 ) ;
#2911 = PLANE ( 'NONE',  #2910 ) ;
#2912 =( GEOMETRIC_REPRESENTATION_CONTEXT ( 3 ) GLOBAL_UNCERTAINTY_ASSIGNED_CONTEXT ( ( #2913 ) ) GLOBAL_UNIT_ASSIGNED_CONTEXT ( ( #2916, #2915, #2914 ) ) REPRESENTATION_CONTEXT ( 'NONE', 'WORKASPACE' ) );
#2913 = UNCERTAINTY_MEASURE_WITH_UNIT (LENGTH_MEASURE( 1.000000000000000100E-005 ), #2916, 'distance_accuracy_value', 'NONE');
#2914 =( NAMED_UNIT ( * ) SI_UNIT ( $, .STERADIAN. ) SOLID_ANGLE_UNIT ( ) );
#2915 =( NAMED_UNIT ( * ) PLANE_ANGLE_UNIT ( ) SI_UNIT ( $, .RADIAN. ) );
#2916 =( CONVERSION_BASED_UNIT ( 'INCH', #2917 ) LENGTH_UNIT ( ) NAMED_UNIT ( #2918 ) );
#2917 = LENGTH_MEASURE_WITH_UNIT ( LENGTH_MEASURE( 0.02539999999999999900 ), #2919 );
#2918 = DIMENSIONAL_EXPONENTS ( 1.000000000000000000, 0.0000000000000000000, 0.0000000000000000000, 0.0000000000000000000, 0.0000000000000000000, 0.0000000000000000000, 0.0000000000000000000 ) ;
#2919 =( LENGTH_UNIT ( ) NAMED_UNIT ( * ) SI_UNIT ( $, .METRE. ) );
#2920 = MECHANICAL_DESIGN_GEOMETRIC_PRESENTATION_REPRESENTATION (  '', ( #2922 ), #2912 ) ;
#2921 = PRESENTATION_LAYER_ASSIGNMENT (  '', '', ( #2922 ) ) ;
#2922 = STYLED_ITEM ( 'NONE', ( #2923 ), #393 ) ;
#2923 = PRESENTATION_STYLE_ASSIGNMENT (( #2924 ) ) ;
#2924 = SURFACE_STYLE_USAGE ( .BOTH. , #2925 ) ;
#2925 = SURFACE_SIDE_STYLE ('',( #2926 ) ) ;
#2926 = SURFACE_STYLE_FILL_AREA ( #2927 ) ;
#2927 = FILL_AREA_STYLE ('',( #2934 ) ) ;
#2928 = COLOUR_RGB ( '',0.9882352941176471000, 1.000000000000000000, 0.9882352941176471000 ) ;
#2929 = FACE_OUTER_BOUND ( 'NONE', #394, .T. ) ;
#2930 = DIRECTION ( 'NONE',  ( 0.0000000000000000000, 0.7193398003386494200, 0.6946583704589990300 ) ) ;
#2931 = VECTOR ( 'NONE', #2930, 39.37007874015748100 ) ;
#2932 = CARTESIAN_POINT ( 'NONE',  ( 0.005391982702854577500, 0.2705322259341959600, 0.005858535131461900200 ) ) ;
#2933 = LINE ( 'NONE', #2932, #2931 ) ;
#2934 = FILL_AREA_STYLE_COLOUR ( '', #2928 ) ;
#2935 = CARTESIAN_POINT ( 'NONE',  ( 0.005391982702854571400, 0.2520516991116089100, -0.01198790217363158800 ) ) ;
#2936 = DIRECTION ( 'NONE',  ( -0.0000000000000000000, -0.6946583704589989200, 0.7193398003386495300 ) ) ;
#2937 = VECTOR ( 'NONE', #2936, 39.37007874015748900 ) ;
#2938 = CARTESIAN_POINT ( 'NONE',  ( 0.005391982702854568800, 0.2499677240002319000, -0.009829882772615648400 ) ) ;
#2939 = LINE ( 'NONE', #2938, #2937 ) ;
#2940 = DIRECTION ( 'NONE',  ( 0.0000000000000000000, 1.000000000000000000, 0.0000000000000000000 ) ) ;
#2941 = VECTOR ( 'NONE', #2940, 39.37007874015748100 ) ;
#2942 = CARTESIAN_POINT ( 'NONE',  ( -0.1325000000000001200, 0.1250000000000000300, 0.3752968824810565800 ) ) ;
#2943 = LINE ( 'NONE', #2942, #2941 ) ;
#2944 = DIRECTION ( 'NONE',  ( -0.0000000000000000000, -0.7193398003386495300, -0.6946583704589989200 ) ) ;
#2945 = VECTOR ( 'NONE', #2944, 39.37007874015748900 ) ;
#2946 = CARTESIAN_POINT ( 'NONE',  ( 0.006653659606203124300, 0.04166115865234240600, -0.2151596854207397700 ) ) ;
#2947 = LINE ( 'NONE', #2946, #2945 ) ;
#2948 = DIRECTION ( 'NONE',  ( 0.0000000000000000000, -0.6946583704589989200, 0.7193398003386495300 ) ) ;
#2949 = DIRECTION ( 'NONE',  ( -0.0000000000000000000, 0.7193398003386496400, 0.6946583704589990300 ) ) ;
#2950 = CARTESIAN_POINT ( 'NONE',  ( 0.006653659606203120000, 0.03957718354096541300, -0.2130016660197238100 ) ) ;
#2951 = AXIS2_PLACEMENT_3D ( 'NONE', #2950, #2949, #2948 ) ;
#2952 = PLANE ( 'NONE',  #2951 ) ;
#2953 =( GEOMETRIC_REPRESENTATION_CONTEXT ( 3 ) GLOBAL_UNCERTAINTY_ASSIGNED_CONTEXT ( ( #2996 ) ) GLOBAL_UNIT_ASSIGNED_CONTEXT ( ( #2999, #2998, #2997 ) ) REPRESENTATION_CONTEXT ( 'NONE', 'WORKASPACE' ) );
#2954 = DIRECTION ( 'NONE',  ( -1.000000000000000000, 0.0000000000000000000, 0.0000000000000000000 ) ) ;
#2955 = CARTESIAN_POINT ( 'NONE',  ( 0.1875000000000000300, 0.09800000000000000400, -0.1959999999999999800 ) ) ;
#2956 = AXIS2_PLACEMENT_3D ( 'NONE', #2955, #2954, #2966 ) ;
#2957 = CYLINDRICAL_SURFACE ( 'NONE', #2956, 0.02999999999999998800 ) ;
#2958 = CARTESIAN_POINT ( 'NONE',  ( 0.06749999999999999100, 0.1130000000000000200, -0.2219807621135331300 ) ) ;
#2959 = CARTESIAN_POINT ( 'NONE',  ( 0.08999999999999999700, 0.1130000000000000200, -0.2219807621135331300 ) ) ;
#2960 = CARTESIAN_POINT ( 'NONE',  ( 0.08999999999999998300, 0.1280000000000000000, -0.1959999999999999800 ) ) ;
#2961 = DIRECTION ( 'NONE',  ( 0.0000000000000000000, 0.0000000000000000000, 1.000000000000000000 ) ) ;
#2962 = DIRECTION ( 'NONE',  ( -1.000000000000000000, 0.0000000000000000000, 0.0000000000000000000 ) ) ;
#2963 = CARTESIAN_POINT ( 'NONE',  ( 0.08999999999999998300, 0.09800000000000000400, -0.1959999999999999800 ) ) ;
#2964 = AXIS2_PLACEMENT_3D ( 'NONE', #2963, #2962, #2961 ) ;
#2965 = CIRCLE ( 'NONE', #2964, 0.02999999999999998800 ) ;
#2966 = DIRECTION ( 'NONE',  ( 0.0000000000000000000, 0.0000000000000000000, 1.000000000000000000 ) ) ;
#2967 = LINE ( 'NONE', #3048, #3047 ) ;
#2968 = FILL_AREA_STYLE_COLOUR ( '', #3044 ) ;
#2969 = CARTESIAN_POINT ( 'NONE',  ( -0.08999999999999996900, 0.1280000000000000000, -0.1879999999999999400 ) ) ;
#2970 = DIRECTION ( 'NONE',  ( -4.493171042210962000E-016, -0.0000000000000000000, -1.000000000000000000 ) ) ;
#2971 = VECTOR ( 'NONE', #2970, 39.37007874015748100 ) ;
#2972 = CARTESIAN_POINT ( 'NONE',  ( -0.08999999999999998300, 0.1280000000000000000, -0.1879999999999999700 ) ) ;
#2973 = LINE ( 'NONE', #2972, #2971 ) ;
#2974 = CARTESIAN_POINT ( 'NONE',  ( 0.1325000000000000600, 0.2560000000000000100, 0.5258305537887145700 ) ) ;
#2975 = DIRECTION ( 'NONE',  ( 0.0000000000000000000, 1.000000000000000000, 0.0000000000000000000 ) ) ;
#2976 = VECTOR ( 'NONE', #2975, 39.37007874015748100 ) ;
#2977 = CARTESIAN_POINT ( 'NONE',  ( 0.1325000000000000600, 0.06200000000000001300, 0.4908305537887147600 ) ) ;
#2978 = LINE ( 'NONE', #2977, #2976 ) ;
#2979 = DIRECTION ( 'NONE',  ( 0.0000000000000000000, 0.0000000000000000000, 1.000000000000000000 ) ) ;
#2980 = VECTOR ( 'NONE', #2979, 39.37007874015748100 ) ;
#2981 = CARTESIAN_POINT ( 'NONE',  ( -0.1325000000000000600, 0.2440000000000000200, 0.4908305537887147600 ) ) ;
#2982 = LINE ( 'NONE', #2981, #2980 ) ;
#2983 = DIRECTION ( 'NONE',  ( 0.0000000000000000000, 0.0000000000000000000, 1.000000000000000000 ) ) ;
#2984 = DIRECTION ( 'NONE',  ( -0.0000000000000000000, -1.000000000000000000, -0.0000000000000000000 ) ) ;
#2985 = CARTESIAN_POINT ( 'NONE',  ( 0.0000000000000000000, 0.2440000000000000200, 0.0000000000000000000 ) ) ;
#2986 = AXIS2_PLACEMENT_3D ( 'NONE', #2985, #2984, #2983 ) ;
#2987 = CIRCLE ( 'NONE', #2986, 0.3980000000000000200 ) ;
#2988 = CARTESIAN_POINT ( 'NONE',  ( -0.2188025399488205700, 0.1250000000000000300, -0.3324596945675442600 ) ) ;
#2989 = CARTESIAN_POINT ( 'NONE',  ( -0.2184999999999999200, 0.1250000000000000300, -0.3319999999999999600 ) ) ;
#2990 = DIRECTION ( 'NONE',  ( -1.000000000000000000, -0.0000000000000000000, 0.0000000000000000000 ) ) ;
#2991 = VECTOR ( 'NONE', #2990, 39.37007874015748100 ) ;
#2992 = CARTESIAN_POINT ( 'NONE',  ( 0.0000000000000000000, 0.1250000000000000300, -0.3319999999999999600 ) ) ;
#2993 = LINE ( 'NONE', #2992, #2991 ) ;
#2994 = DIRECTION ( 'NONE',  ( 0.0000000000000000000, -0.0000000000000000000, 1.000000000000000000 ) ) ;
#2995 = DIRECTION ( 'NONE',  ( 0.0000000000000000000, 1.000000000000000000, 0.0000000000000000000 ) ) ;
#2996 = UNCERTAINTY_MEASURE_WITH_UNIT (LENGTH_MEASURE( 1.000000000000000100E-005 ), #2999, 'distance_accuracy_value', 'NONE');
#2997 =( NAMED_UNIT ( * ) SI_UNIT ( $, .STERADIAN. ) SOLID_ANGLE_UNIT ( ) );
#2998 =( NAMED_UNIT ( * ) PLANE_ANGLE_UNIT ( ) SI_UNIT ( $, .RADIAN. ) );
#2999 =( CONVERSION_BASED_UNIT ( 'INCH', #3000 ) LENGTH_UNIT ( ) NAMED_UNIT ( #3001 ) );
#3000 = LENGTH_MEASURE_WITH_UNIT ( LENGTH_MEASURE( 0.02539999999999999900 ), #3002 );
#3001 = DIMENSIONAL_EXPONENTS ( 1.000000000000000000, 0.0000000000000000000, 0.0000000000000000000, 0.0000000000000000000, 0.0000000000000000000, 0.0000000000000000000, 0.0000000000000000000 ) ;
#3002 =( LENGTH_UNIT ( ) NAMED_UNIT ( * ) SI_UNIT ( $, .METRE. ) );
#3003 = MECHANICAL_DESIGN_GEOMETRIC_PRESENTATION_REPRESENTATION (  '', ( #3005 ), #2953 ) ;
#3004 = PRESENTATION_LAYER_ASSIGNMENT (  '', '', ( #3005 ) ) ;
#3005 = STYLED_ITEM ( 'NONE', ( #3006 ), #465 ) ;
#3006 = PRESENTATION_STYLE_ASSIGNMENT (( #3007 ) ) ;
#3007 = SURFACE_STYLE_USAGE ( .BOTH. , #3008 ) ;
#3008 = SURFACE_SIDE_STYLE ('',( #3009 ) ) ;
#3009 = SURFACE_STYLE_FILL_AREA ( #3010 ) ;
#3010 = FILL_AREA_STYLE ('',( #3017 ) ) ;
#3011 = COLOUR_RGB ( '',0.9882352941176471000, 1.000000000000000000, 0.9882352941176471000 ) ;
#3012 = FACE_OUTER_BOUND ( 'NONE', #95, .T. ) ;
#3013 = DIRECTION ( 'NONE',  ( 0.0000000000000000000, 0.6946583704589981400, -0.7193398003386501900 ) ) ;
#3014 = VECTOR ( 'NONE', #3013, 39.37007874015748900 ) ;
#3015 = CARTESIAN_POINT ( 'NONE',  ( -0.04634452331323964800, 0.03957718354096541300, -0.2130016660197238100 ) ) ;
#3016 = LINE ( 'NONE', #3015, #3014 ) ;
#3017 = FILL_AREA_STYLE_COLOUR ( '', #3011 ) ;
#3018 = CARTESIAN_POINT ( 'NONE',  ( -0.04634452331323965500, 0.04166115865234240600, -0.2151596854207397700 ) ) ;
#3019 = DIRECTION ( 'NONE',  ( 0.0000000000000000000, 0.7193398003386495300, 0.6946583704589989200 ) ) ;
#3020 = VECTOR ( 'NONE', #3019, 39.37007874015748900 ) ;
#3021 = CARTESIAN_POINT ( 'NONE',  ( -0.005712583075000198100, 0.03957718354096541300, -0.2130016660197238100 ) ) ;
#3022 = LINE ( 'NONE', #3021, #3020 ) ;
#3023 = DIRECTION ( 'NONE',  ( 0.0000000000000000000, -0.0000000000000000000, 1.000000000000000000 ) ) ;
#3024 = DIRECTION ( 'NONE',  ( 0.0000000000000000000, 1.000000000000000000, 0.0000000000000000000 ) ) ;
#3025 = CARTESIAN_POINT ( 'NONE',  ( 0.1875000000000000300, 0.1280000000000000000, -0.1879999999999999700 ) ) ;
#3026 = AXIS2_PLACEMENT_3D ( 'NONE', #3025, #3024, #3023 ) ;
#3027 = PLANE ( 'NONE',  #3026 ) ;
#3028 =( GEOMETRIC_REPRESENTATION_CONTEXT ( 3 ) GLOBAL_UNCERTAINTY_ASSIGNED_CONTEXT ( ( #3029 ) ) GLOBAL_UNIT_ASSIGNED_CONTEXT ( ( #3032, #3031, #3030 ) ) REPRESENTATION_CONTEXT ( 'NONE', 'WORKASPACE' ) );
#3029 = UNCERTAINTY_MEASURE_WITH_UNIT (LENGTH_MEASURE( 1.000000000000000100E-005 ), #3032, 'distance_accuracy_value', 'NONE');
#3030 =( NAMED_UNIT ( * ) SI_UNIT ( $, .STERADIAN. ) SOLID_ANGLE_UNIT ( ) );
#3031 =( NAMED_UNIT ( * ) PLANE_ANGLE_UNIT ( ) SI_UNIT ( $, .RADIAN. ) );
#3032 =( CONVERSION_BASED_UNIT ( 'INCH', #3033 ) LENGTH_UNIT ( ) NAMED_UNIT ( #3034 ) );
#3033 = LENGTH_MEASURE_WITH_UNIT ( LENGTH_MEASURE( 0.02539999999999999900 ), #3035 );
#3034 = DIMENSIONAL_EXPONENTS ( 1.000000000000000000, 0.0000000000000000000, 0.0000000000000000000, 0.0000000000000000000, 0.0000000000000000000, 0.0000000000000000000, 0.0000000000000000000 ) ;
#3035 =( LENGTH_UNIT ( ) NAMED_UNIT ( * ) SI_UNIT ( $, .METRE. ) );
#3036 = MECHANICAL_DESIGN_GEOMETRIC_PRESENTATION_REPRESENTATION (  '', ( #3038 ), #3028 ) ;
#3037 = PRESENTATION_LAYER_ASSIGNMENT (  '', '', ( #3038 ) ) ;
#3038 = STYLED_ITEM ( 'NONE', ( #3039 ), #541 ) ;
#3039 = PRESENTATION_STYLE_ASSIGNMENT (( #3040 ) ) ;
#3040 = SURFACE_STYLE_USAGE ( .BOTH. , #3041 ) ;
#3041 = SURFACE_SIDE_STYLE ('',( #3042 ) ) ;
#3042 = SURFACE_STYLE_FILL_AREA ( #3043 ) ;
#3043 = FILL_AREA_STYLE ('',( #2968 ) ) ;
#3044 = COLOUR_RGB ( '',0.9882352941176471000, 1.000000000000000000, 0.9882352941176471000 ) ;
#3045 = FACE_OUTER_BOUND ( 'NONE', #542, .T. ) ;
#3046 = DIRECTION ( 'NONE',  ( -1.000000000000000000, -0.0000000000000000000, 0.0000000000000000000 ) ) ;
#3047 = VECTOR ( 'NONE', #3046, 39.37007874015748100 ) ;
#3048 = CARTESIAN_POINT ( 'NONE',  ( 0.0000000000000000000, 0.1250000000000000300, -0.3320000000000000200 ) ) ;
#3049 = DIRECTION ( 'NONE',  ( 1.000000000000000000, 0.0000000000000000000, 0.0000000000000000000 ) ) ;
#3050 = CARTESIAN_POINT ( 'NONE',  ( 0.0000000000000000000, 0.2350083767663984600, 0.4508305544266259500 ) ) ;
#3051 = AXIS2_PLACEMENT_3D ( 'NONE', #3050, #3049, #3138 ) ;
#3052 = CYLINDRICAL_SURFACE ( 'NONE', #3051, 0.04000000023921650900 ) ;
#3053 =( GEOMETRIC_REPRESENTATION_CONTEXT ( 3 ) GLOBAL_UNCERTAINTY_ASSIGNED_CONTEXT ( ( #3054 ) ) GLOBAL_UNIT_ASSIGNED_CONTEXT ( ( #3057, #3056, #3055 ) ) REPRESENTATION_CONTEXT ( 'NONE', 'WORKASPACE' ) );
#3054 = UNCERTAINTY_MEASURE_WITH_UNIT (LENGTH_MEASURE( 1.000000000000000100E-005 ), #3057, 'distance_accuracy_value', 'NONE');
#3055 =( NAMED_UNIT ( * ) SI_UNIT ( $, .STERADIAN. ) SOLID_ANGLE_UNIT ( ) );
#3056 =( NAMED_UNIT ( * ) PLANE_ANGLE_UNIT ( ) SI_UNIT ( $, .RADIAN. ) );
#3057 =( CONVERSION_BASED_UNIT ( 'INCH', #3058 ) LENGTH_UNIT ( ) NAMED_UNIT ( #3059 ) );
#3058 = LENGTH_MEASURE_WITH_UNIT ( LENGTH_MEASURE( 0.02539999999999999900 ), #3060 );
#3059 = DIMENSIONAL_EXPONENTS ( 1.000000000000000000, 0.0000000000000000000, 0.0000000000000000000, 0.0000000000000000000, 0.0000000000000000000, 0.0000000000000000000, 0.0000000000000000000 ) ;
#3060 =( LENGTH_UNIT ( ) NAMED_UNIT ( * ) SI_UNIT ( $, .METRE. ) );
#3061 = MECHANICAL_DESIGN_GEOMETRIC_PRESENTATION_REPRESENTATION (  '', ( #3063 ), #3053 ) ;
#3062 = PRESENTATION_LAYER_ASSIGNMENT (  '', '', ( #3063 ) ) ;
#3063 = STYLED_ITEM ( 'NONE', ( #3064 ), #490 ) ;
#3064 = PRESENTATION_STYLE_ASSIGNMENT (( #3065 ) ) ;
#3065 = SURFACE_STYLE_USAGE ( .BOTH. , #3066 ) ;
#3066 = SURFACE_SIDE_STYLE ('',( #3067 ) ) ;
#3067 = SURFACE_STYLE_FILL_AREA ( #3068 ) ;
#3068 = FILL_AREA_STYLE ('',( #3069 ) ) ;
#3069 = FILL_AREA_STYLE_COLOUR ( '', #3070 ) ;
#3070 = COLOUR_RGB ( '',0.9882352941176471000, 1.000000000000000000, 0.9882352941176471000 ) ;
#3071 = FACE_OUTER_BOUND ( 'NONE', #491, .T. ) ;
#3072 = CARTESIAN_POINT ( 'NONE',  ( 0.01600000000000001400, 0.01499999999999999900, 0.6588305537887144700 ) ) ;
#3073 = CARTESIAN_POINT ( 'NONE',  ( 0.06749999999999997700, 0.2560000000000000100, 0.5258305537887145700 ) ) ;
#3074 = VECTOR ( 'NONE', #3139, 39.37007874015748100 ) ;
#3075 = CARTESIAN_POINT ( 'NONE',  ( 0.006653659606203124300, 0.03043568429449266700, -0.2259999999999999500 ) ) ;
#3076 = CARTESIAN_POINT ( 'NONE',  ( 0.006653659606203124300, 0.02611701467561549500, -0.2259999999999999500 ) ) ;
#3077 = DIRECTION ( 'NONE',  ( 1.000000000000000000, 0.0000000000000000000, 0.0000000000000000000 ) ) ;
#3078 = VECTOR ( 'NONE', #3077, 39.37007874015748100 ) ;
#3079 = CARTESIAN_POINT ( 'NONE',  ( -0.1688427527050620500, 0.02000000000000000000, -0.2259999999999999500 ) ) ;
#3080 = LINE ( 'NONE', #3079, #3078 ) ;
#3081 = CARTESIAN_POINT ( 'NONE',  ( 0.06249999999999999300, 0.01500000000000000600, 0.7688305537887146800 ) ) ;
#3082 = CARTESIAN_POINT ( 'NONE',  ( -0.06249999999999999300, 0.01500000000000000600, 0.7688305537887146800 ) ) ;
#3083 = DIRECTION ( 'NONE',  ( -1.000000000000000000, 0.0000000000000000000, -0.0000000000000000000 ) ) ;
#3084 = VECTOR ( 'NONE', #3083, 39.37007874015748100 ) ;
#3085 = CARTESIAN_POINT ( 'NONE',  ( -0.005712583075000198100, 0.03043568429449266000, -0.2259999999999999500 ) ) ;
#3086 = LINE ( 'NONE', #3085, #3084 ) ;
#3087 = CARTESIAN_POINT ( 'NONE',  ( 0.04728559984444259000, 0.03957718354096541300, -0.2130016660197238100 ) ) ;
#3088 = CARTESIAN_POINT ( 'NONE',  ( -0.01600000000000000000, 0.01499999999999999900, 0.7208305537887146300 ) ) ;
#3089 = DIRECTION ( 'NONE',  ( -3.442348782339032200E-016, -0.0000000000000000000, 1.000000000000000000 ) ) ;
#3090 = VECTOR ( 'NONE', #3089, 39.37007874015748100 ) ;
#3091 = CARTESIAN_POINT ( 'NONE',  ( 0.01600000000000002100, 0.01499999999999999900, 0.6588305537887144700 ) ) ;
#3092 = LINE ( 'NONE', #3091, #3090 ) ;
#3093 = DIRECTION ( 'NONE',  ( 1.000000000000000000, -0.0000000000000000000, 0.0000000000000000000 ) ) ;
#3094 = VECTOR ( 'NONE', #3093, 39.37007874015748100 ) ;
#3095 = CARTESIAN_POINT ( 'NONE',  ( -0.01600000000000002100, 0.01499999999999999900, 0.6588305537887144700 ) ) ;
#3096 = LINE ( 'NONE', #3095, #3094 ) ;
#3097 = DIRECTION ( 'NONE',  ( 0.0000000000000000000, -0.0000000000000000000, -1.000000000000000000 ) ) ;
#3098 = VECTOR ( 'NONE', #3097, 39.37007874015748100 ) ;
#3099 = CARTESIAN_POINT ( 'NONE',  ( -0.07499999999999988600, 0.02000000000000000000, -0.2109999999999999400 ) ) ;
#3100 = LINE ( 'NONE', #3099, #3098 ) ;
#3101 = DIRECTION ( 'NONE',  ( -0.0000000000000000000, -0.0000000000000000000, 1.000000000000000000 ) ) ;
#3102 = VECTOR ( 'NONE', #3101, 39.37007874015748100 ) ;
#3103 = CARTESIAN_POINT ( 'NONE',  ( -0.06250000000000000000, 0.01500000000000001200, 0.5228305537887147900 ) ) ;
#3104 = LINE ( 'NONE', #3103, #3102 ) ;
#3105 = CARTESIAN_POINT ( 'NONE',  ( -0.1325000000000000600, 0.2440000000000000200, 0.4908305537887147600 ) ) ;
#3106 = AXIS2_PLACEMENT_3D ( 'NONE', #3105, #2995, #2994 ) ;
#3107 = PLANE ( 'NONE',  #3106 ) ;
#3108 = FACE_OUTER_BOUND ( 'NONE', #515, .T. ) ;
#3109 = CARTESIAN_POINT ( 'NONE',  ( 0.2185000000000000000, 0.1250000000000000300, -0.3320000000000000200 ) ) ;
#3110 = DIRECTION ( 'NONE',  ( -0.5497551254996393400, 0.0000000000000000000, 0.8353258657475389800 ) ) ;
#3111 = VECTOR ( 'NONE', #3110, 39.37007874015748900 ) ;
#3112 = CARTESIAN_POINT ( 'NONE',  ( 0.2188025399488205700, 0.1250000000000000300, -0.3324596945675442600 ) ) ;
#3113 = LINE ( 'NONE', #3112, #3111 ) ;
#3114 = DIRECTION ( 'NONE',  ( 0.0000000000000000000, 0.0000000000000000000, 1.000000000000000000 ) ) ;
#3115 = DIRECTION ( 'NONE',  ( 0.0000000000000000000, 1.000000000000000000, 0.0000000000000000000 ) ) ;
#3116 = CARTESIAN_POINT ( 'NONE',  ( 0.0000000000000000000, 0.1250000000000000300, 0.0000000000000000000 ) ) ;
#3117 = AXIS2_PLACEMENT_3D ( 'NONE', #3116, #3115, #3114 ) ;
#3118 = CIRCLE ( 'NONE', #3117, 0.3980000000000000200 ) ;
#3119 = DIRECTION ( 'NONE',  ( -0.5497551254996393400, 0.0000000000000000000, -0.8353258657475389800 ) ) ;
#3120 = VECTOR ( 'NONE', #3119, 39.37007874015748900 ) ;
#3121 = CARTESIAN_POINT ( 'NONE',  ( -0.2184999999999999700, 0.1250000000000000300, -0.3320000000000000200 ) ) ;
#3122 = LINE ( 'NONE', #3121, #3120 ) ;
#3123 = DIRECTION ( 'NONE',  ( 0.0000000000000000000, 0.0000000000000000000, -1.000000000000000000 ) ) ;
#3124 = VECTOR ( 'NONE', #3123, 39.37007874015748100 ) ;
#3125 = CARTESIAN_POINT ( 'NONE',  ( 0.1325000000000000600, 0.2440000000000000200, 0.4908305537887147600 ) ) ;
#3126 = LINE ( 'NONE', #3125, #3124 ) ;
#3127 = DIRECTION ( 'NONE',  ( 1.000000000000000000, 0.0000000000000000000, -0.0000000000000000000 ) ) ;
#3128 = DIRECTION ( 'NONE',  ( 0.0000000000000000000, 0.0000000000000000000, 1.000000000000000000 ) ) ;
#3129 = CARTESIAN_POINT ( 'NONE',  ( 0.1325000000000000600, 0.06200000000000001300, 0.5258305537887145700 ) ) ;
#3130 = AXIS2_PLACEMENT_3D ( 'NONE', #3129, #3128, #3127 ) ;
#3131 = PLANE ( 'NONE',  #3130 ) ;
#3132 = FACE_OUTER_BOUND ( 'NONE', #544, .T. ) ;
#3133 = CARTESIAN_POINT ( 'NONE',  ( 0.1249999999999999900, 0.2439999999999999700, 0.4908305543734664500 ) ) ;
#3134 = DIRECTION ( 'NONE',  ( 1.000000000000000000, 0.0000000000000000000, -0.0000000000000000000 ) ) ;
#3135 = VECTOR ( 'NONE', #3134, 39.37007874015748100 ) ;
#3136 = CARTESIAN_POINT ( 'NONE',  ( -0.1325000000000000600, 0.2440000000000000200, 0.4898068386359021300 ) ) ;
#3137 = LINE ( 'NONE', #3136, #3135 ) ;
#3138 = DIRECTION ( 'NONE',  ( 0.0000000000000000000, 0.0000000000000000000, -1.000000000000000000 ) ) ;
#3139 = DIRECTION ( 'NONE',  ( -0.0000000000000000000, -1.000000000000000000, -0.0000000000000000000 ) ) ;
#3140 = CARTESIAN_POINT ( 'NONE',  ( 0.1325000000000000600, 0.06200000000000001300, 0.5258305537887145700 ) ) ;
#3141 = LINE ( 'NONE', #3140, #3074 ) ;
#3142 = CARTESIAN_POINT ( 'NONE',  ( -0.1924999999999998700, 0.1250000000000000300, 0.3079999999999999400 ) ) ;
#3143 = CARTESIAN_POINT ( 'NONE',  ( 0.1925000000000000600, 0.1250000000000000300, 0.3079999999999999400 ) ) ;
#3144 = DIRECTION ( 'NONE',  ( -0.0000000000000000000, -0.0000000000000000000, 1.000000000000000000 ) ) ;
#3145 = VECTOR ( 'NONE', #3144, 39.37007874015748100 ) ;
#3146 = CARTESIAN_POINT ( 'NONE',  ( 0.1925000000000000600, 0.1250000000000000300, 0.3079999999999999400 ) ) ;
#3147 = LINE ( 'NONE', #3146, #3145 ) ;
#3148 = CARTESIAN_POINT ( 'NONE',  ( -0.1925000000000001400, 0.1250000000000000300, -0.3319999999999999600 ) ) ;
#3149 = DIRECTION ( 'NONE',  ( -5.335640612625514600E-016, -0.0000000000000000000, -1.000000000000000000 ) ) ;
#3150 = VECTOR ( 'NONE', #3149, 39.37007874015748100 ) ;
#3151 = CARTESIAN_POINT ( 'NONE',  ( -0.1924999999999998700, 0.1250000000000000300, 0.3079999999999999400 ) ) ;
#3152 = LINE ( 'NONE', #3151, #3150 ) ;
#3153 = CARTESIAN_POINT ( 'NONE',  ( -0.06749999999999999100, 0.03200000000000001500, 0.6008305537887146400 ) ) ;
#3154 = DIRECTION ( 'NONE',  ( 0.0000000000000000000, 1.000000000000000000, 0.0000000000000000000 ) ) ;
#3155 = VECTOR ( 'NONE', #3154, 39.37007874015748100 ) ;
#3156 = CARTESIAN_POINT ( 'NONE',  ( -0.06749999999999999100, 0.06200000000000001300, 0.6008305537887146400 ) ) ;
#3157 = DIRECTION ( 'NONE',  ( -1.000000000000000000, 0.0000000000000000000, 1.821231995776175500E-016 ) ) ;
#3158 = DIRECTION ( 'NONE',  ( -1.821231995776175500E-016, 0.0000000000000000000, -1.000000000000000000 ) ) ;
#3159 = CARTESIAN_POINT ( 'NONE',  ( -0.1874999999999999400, 0.2560000000000000100, 0.6008305537887147500 ) ) ;
#3160 = AXIS2_PLACEMENT_3D ( 'NONE', #3159, #3158, #3157 ) ;
#3161 = PLANE ( 'NONE',  #3160 ) ;
#3162 = LINE ( 'NONE', #3156, #3155 ) ;
#3163 = FACE_OUTER_BOUND ( 'NONE', #474, .T. ) ;
#3164 = DIRECTION ( 'NONE',  ( -0.0000000000000000000, 0.0000000000000000000, -1.000000000000000000 ) ) ;
#3165 = VECTOR ( 'NONE', #3164, 39.37007874015748100 ) ;
#3166 = CARTESIAN_POINT ( 'NONE',  ( -0.1325000000000000600, 0.2560000000000000100, 0.0000000000000000000 ) ) ;
#3167 = LINE ( 'NONE', #3166, #3165 ) ;
#3168 = CARTESIAN_POINT ( 'NONE',  ( -0.1325000000000000900, 0.2560000000000000100, 0.3752968824810565800 ) ) ;
#3169 = CARTESIAN_POINT ( 'NONE',  ( 0.1325000000000000600, 0.2439999999999999700, 0.4908305537887147100 ) ) ;
#3170 =( GEOMETRIC_REPRESENTATION_CONTEXT ( 3 ) GLOBAL_UNCERTAINTY_ASSIGNED_CONTEXT ( ( #3171 ) ) GLOBAL_UNIT_ASSIGNED_CONTEXT ( ( #3220, #3173, #3172 ) ) REPRESENTATION_CONTEXT ( 'NONE', 'WORKASPACE' ) );
#3171 = UNCERTAINTY_MEASURE_WITH_UNIT (LENGTH_MEASURE( 1.000000000000000100E-005 ), #3220, 'distance_accuracy_value', 'NONE');
#3172 =( NAMED_UNIT ( * ) SI_UNIT ( $, .STERADIAN. ) SOLID_ANGLE_UNIT ( ) );
#3173 =( NAMED_UNIT ( * ) PLANE_ANGLE_UNIT ( ) SI_UNIT ( $, .RADIAN. ) );
#3174 = PLANE ( 'NONE',  #3176 ) ;
#3175 = CARTESIAN_POINT ( 'NONE',  ( -0.1250000000000000000, 0.06199999999999997900, 0.4908305537887148700 ) ) ;
#3176 = AXIS2_PLACEMENT_3D ( 'NONE', #3175, #3385, #3384 ) ;
#3177 =( GEOMETRIC_REPRESENTATION_CONTEXT ( 3 ) GLOBAL_UNCERTAINTY_ASSIGNED_CONTEXT ( ( #3178 ) ) GLOBAL_UNIT_ASSIGNED_CONTEXT ( ( #3181, #3180, #3179 ) ) REPRESENTATION_CONTEXT ( 'NONE', 'WORKASPACE' ) );
#3178 = UNCERTAINTY_MEASURE_WITH_UNIT (LENGTH_MEASURE( 1.000000000000000100E-005 ), #3181, 'distance_accuracy_value', 'NONE');
#3179 =( NAMED_UNIT ( * ) SI_UNIT ( $, .STERADIAN. ) SOLID_ANGLE_UNIT ( ) );
#3180 =( NAMED_UNIT ( * ) PLANE_ANGLE_UNIT ( ) SI_UNIT ( $, .RADIAN. ) );
#3181 =( CONVERSION_BASED_UNIT ( 'INCH', #3182 ) LENGTH_UNIT ( ) NAMED_UNIT ( #3183 ) );
#3182 = LENGTH_MEASURE_WITH_UNIT ( LENGTH_MEASURE( 0.02539999999999999900 ), #3185 );
#3183 = DIMENSIONAL_EXPONENTS ( 1.000000000000000000, 0.0000000000000000000, 0.0000000000000000000, 0.0000000000000000000, 0.0000000000000000000, 0.0000000000000000000, 0.0000000000000000000 ) ;
#3184 = LINE ( 'NONE', #3249, #3248 ) ;
#3185 =( LENGTH_UNIT ( ) NAMED_UNIT ( * ) SI_UNIT ( $, .METRE. ) );
#3186 = MECHANICAL_DESIGN_GEOMETRIC_PRESENTATION_REPRESENTATION (  '', ( #3188 ), #3177 ) ;
#3187 = PRESENTATION_LAYER_ASSIGNMENT (  '', '', ( #3188 ) ) ;
#3188 = STYLED_ITEM ( 'NONE', ( #3189 ), #564 ) ;
#3189 = PRESENTATION_STYLE_ASSIGNMENT (( #3190 ) ) ;
#3190 = SURFACE_STYLE_USAGE ( .BOTH. , #3191 ) ;
#3191 = SURFACE_SIDE_STYLE ('',( #3192 ) ) ;
#3192 = SURFACE_STYLE_FILL_AREA ( #3193 ) ;
#3193 = FILL_AREA_STYLE ('',( #3194 ) ) ;
#3194 = FILL_AREA_STYLE_COLOUR ( '', #3195 ) ;
#3195 = COLOUR_RGB ( '',0.9882352941176471000, 1.000000000000000000, 0.9882352941176471000 ) ;
#3196 = FACE_OUTER_BOUND ( 'NONE', #455, .T. ) ;
#3197 = CARTESIAN_POINT ( 'NONE',  ( -0.08969693845669905700, 0.03199999999999999400, -0.2259999999999999500 ) ) ;
#3198 = CARTESIAN_POINT ( 'NONE',  ( -0.1249999999999999900, 0.06200000000000001300, 0.4908305537887147100 ) ) ;
#3199 = CARTESIAN_POINT ( 'NONE',  ( -0.1725000000000000100, 0.1280000000000000000, -0.1879999999999999700 ) ) ;
#3200 = DIRECTION ( 'NONE',  ( 1.000000000000000000, -0.0000000000000000000, 0.0000000000000000000 ) ) ;
#3201 = VECTOR ( 'NONE', #3200, 39.37007874015748100 ) ;
#3202 = CARTESIAN_POINT ( 'NONE',  ( -0.1875000000000000300, 0.1280000000000000000, -0.1879999999999999700 ) ) ;
#3203 = DIRECTION ( 'NONE',  ( 0.0000000000000000000, -0.0000000000000000000, 1.000000000000000000 ) ) ;
#3204 = DIRECTION ( 'NONE',  ( 0.0000000000000000000, 1.000000000000000000, 0.0000000000000000000 ) ) ;
#3205 = CARTESIAN_POINT ( 'NONE',  ( 0.0000000000000000000, 0.1250000000000000300, 0.0000000000000000000 ) ) ;
#3206 = LINE ( 'NONE', #3202, #3201 ) ;
#3207 = AXIS2_PLACEMENT_3D ( 'NONE', #3205, #3204, #3203 ) ;
#3208 = PLANE ( 'NONE',  #3207 ) ;
#3209 = FACE_OUTER_BOUND ( 'NONE', #521, .T. ) ;
#3210 = DIRECTION ( 'NONE',  ( -1.000000000000000000, -0.0000000000000000000, 0.0000000000000000000 ) ) ;
#3211 = VECTOR ( 'NONE', #3210, 39.37007874015748100 ) ;
#3212 = CARTESIAN_POINT ( 'NONE',  ( -0.1924999999999998700, 0.1250000000000000300, 0.3079999999999999400 ) ) ;
#3213 = LINE ( 'NONE', #3212, #3211 ) ;
#3214 = CARTESIAN_POINT ( 'NONE',  ( -0.1325000000000000900, 0.2440000000000000200, 0.3752968824810565800 ) ) ;
#3215 = CARTESIAN_POINT ( 'NONE',  ( 0.1925000000000000600, 0.1250000000000000300, -0.3320000000000000200 ) ) ;
#3216 = DIRECTION ( 'NONE',  ( -1.000000000000000000, -0.0000000000000000000, 0.0000000000000000000 ) ) ;
#3217 = VECTOR ( 'NONE', #3216, 39.37007874015748100 ) ;
#3218 = CARTESIAN_POINT ( 'NONE',  ( 0.1325000000000000600, 0.2560000000000000100, 0.5258305537887145700 ) ) ;
#3219 = LINE ( 'NONE', #3218, #3217 ) ;
#3220 =( CONVERSION_BASED_UNIT ( 'INCH', #3221 ) LENGTH_UNIT ( ) NAMED_UNIT ( #3222 ) );
#3221 = LENGTH_MEASURE_WITH_UNIT ( LENGTH_MEASURE( 0.02539999999999999900 ), #3223 );
#3222 = DIMENSIONAL_EXPONENTS ( 1.000000000000000000, 0.0000000000000000000, 0.0000000000000000000, 0.0000000000000000000, 0.0000000000000000000, 0.0000000000000000000, 0.0000000000000000000 ) ;
#3223 =( LENGTH_UNIT ( ) NAMED_UNIT ( * ) SI_UNIT ( $, .METRE. ) );
#3224 = MECHANICAL_DESIGN_GEOMETRIC_PRESENTATION_REPRESENTATION (  '', ( #3226 ), #3170 ) ;
#3225 = PRESENTATION_LAYER_ASSIGNMENT (  '', '', ( #3226 ) ) ;
#3226 = STYLED_ITEM ( 'NONE', ( #3227 ), #635 ) ;
#3227 = PRESENTATION_STYLE_ASSIGNMENT (( #3228 ) ) ;
#3228 = SURFACE_STYLE_USAGE ( .BOTH. , #3229 ) ;
#3229 = SURFACE_SIDE_STYLE ('',( #3230 ) ) ;
#3230 = SURFACE_STYLE_FILL_AREA ( #3231 ) ;
#3231 = FILL_AREA_STYLE ('',( #3239 ) ) ;
#3232 = COLOUR_RGB ( '',0.9882352941176471000, 1.000000000000000000, 0.9882352941176471000 ) ;
#3233 = FACE_OUTER_BOUND ( 'NONE', #676, .T. ) ;
#3234 = DIRECTION ( 'NONE',  ( 0.0000000000000000000, 0.0000000000000000000, 1.000000000000000000 ) ) ;
#3235 = DIRECTION ( 'NONE',  ( 1.000000000000000000, 0.0000000000000000000, 0.0000000000000000000 ) ) ;
#3236 = CARTESIAN_POINT ( 'NONE',  ( -0.06250000000000000000, 0.03200000000000000100, 0.5228305537887147900 ) ) ;
#3237 = AXIS2_PLACEMENT_3D ( 'NONE', #3236, #3235, #3234 ) ;
#3238 = CIRCLE ( 'NONE', #3237, 0.03200000000000002800 ) ;
#3239 = FILL_AREA_STYLE_COLOUR ( '', #3232 ) ;
#3240 = CARTESIAN_POINT ( 'NONE',  ( -0.06250000000000000000, 0.03200000000000000100, 0.4908305537887147600 ) ) ;
#3241 = DIRECTION ( 'NONE',  ( 0.0000000000000000000, 1.000000000000000000, 0.0000000000000000000 ) ) ;
#3242 = VECTOR ( 'NONE', #3241, 39.37007874015748100 ) ;
#3243 = CARTESIAN_POINT ( 'NONE',  ( -0.06250000000000000000, 0.03200000000000000100, 0.4908305537887147600 ) ) ;
#3244 = LINE ( 'NONE', #3243, #3242 ) ;
#3245 = CARTESIAN_POINT ( 'NONE',  ( -0.06250000000000000000, 0.06200000000000000000, 0.4908305537887147600 ) ) ;
#3246 = VECTOR ( 'NONE', #3250, 39.37007874015748100 ) ;
#3247 = DIRECTION ( 'NONE',  ( 0.0000000000000000000, 1.000000000000000000, 0.0000000000000000000 ) ) ;
#3248 = VECTOR ( 'NONE', #3247, 39.37007874015748100 ) ;
#3249 = CARTESIAN_POINT ( 'NONE',  ( 0.06749999999999999100, 0.06200000000000001300, 0.5258305537887145700 ) ) ;
#3250 = DIRECTION ( 'NONE',  ( -0.0000000000000000000, -0.0000000000000000000, 1.000000000000000000 ) ) ;
#3251 = CARTESIAN_POINT ( 'NONE',  ( -0.06250000000000000000, 0.06200000000000000000, 0.5228305537887147900 ) ) ;
#3252 = LINE ( 'NONE', #3251, #3246 ) ;
#3253 = CARTESIAN_POINT ( 'NONE',  ( -0.01600000000000001400, 0.0000000000000000000, 0.6588305537887144700 ) ) ;
#3254 = DIRECTION ( 'NONE',  ( 1.000000000000000000, 0.0000000000000000000, -0.0000000000000000000 ) ) ;
#3255 = VECTOR ( 'NONE', #3254, 39.37007874015748100 ) ;
#3256 = CARTESIAN_POINT ( 'NONE',  ( 0.06250000000000000000, 0.0000000000000000000, 0.6588305537887144700 ) ) ;
#3257 = LINE ( 'NONE', #3256, #3255 ) ;
#3258 = DIRECTION ( 'NONE',  ( -0.0000000000000000000, 0.0000000000000000000, -1.000000000000000000 ) ) ;
#3259 = VECTOR ( 'NONE', #3258, 39.37007874015748100 ) ;
#3260 = CARTESIAN_POINT ( 'NONE',  ( -0.01599999999999999700, 0.0000000000000000000, 0.7688305537887146800 ) ) ;
#3261 = LINE ( 'NONE', #3260, #3259 ) ;
#3262 = CARTESIAN_POINT ( 'NONE',  ( 0.06249999999999999300, 0.0000000000000000000, 0.7688305537887146800 ) ) ;
#3263 = DIRECTION ( 'NONE',  ( -1.000000000000000000, 0.0000000000000000000, -0.0000000000000000000 ) ) ;
#3264 = DIRECTION ( 'NONE',  ( 0.0000000000000000000, 0.0000000000000000000, -1.000000000000000000 ) ) ;
#3265 = CARTESIAN_POINT ( 'NONE',  ( -0.1325000000000000600, 0.06200000000000001300, 0.4908305537887147600 ) ) ;
#3266 = AXIS2_PLACEMENT_3D ( 'NONE', #3265, #3264, #3263 ) ;
#3267 = PLANE ( 'NONE',  #3266 ) ;
#3268 = FACE_OUTER_BOUND ( 'NONE', #611, .T. ) ;
#3269 = DIRECTION ( 'NONE',  ( -1.000000000000000000, 0.0000000000000000000, -0.0000000000000000000 ) ) ;
#3270 =( GEOMETRIC_REPRESENTATION_CONTEXT ( 3 ) GLOBAL_UNCERTAINTY_ASSIGNED_CONTEXT ( ( #3271 ) ) GLOBAL_UNIT_ASSIGNED_CONTEXT ( ( #3274, #3273, #3272 ) ) REPRESENTATION_CONTEXT ( 'NONE', 'WORKASPACE' ) );
#3271 = UNCERTAINTY_MEASURE_WITH_UNIT (LENGTH_MEASURE( 1.000000000000000100E-005 ), #3274, 'distance_accuracy_value', 'NONE');
#3272 =( NAMED_UNIT ( * ) SI_UNIT ( $, .STERADIAN. ) SOLID_ANGLE_UNIT ( ) );
#3273 =( NAMED_UNIT ( * ) PLANE_ANGLE_UNIT ( ) SI_UNIT ( $, .RADIAN. ) );
#3274 =( CONVERSION_BASED_UNIT ( 'INCH', #3275 ) LENGTH_UNIT ( ) NAMED_UNIT ( #3276 ) );
#3275 = LENGTH_MEASURE_WITH_UNIT ( LENGTH_MEASURE( 0.02539999999999999900 ), #3277 );
#3276 = DIMENSIONAL_EXPONENTS ( 1.000000000000000000, 0.0000000000000000000, 0.0000000000000000000, 0.0000000000000000000, 0.0000000000000000000, 0.0000000000000000000, 0.0000000000000000000 ) ;
#3277 =( LENGTH_UNIT ( ) NAMED_UNIT ( * ) SI_UNIT ( $, .METRE. ) );
#3278 = MECHANICAL_DESIGN_GEOMETRIC_PRESENTATION_REPRESENTATION (  '', ( #3280 ), #3270 ) ;
#3279 = PRESENTATION_LAYER_ASSIGNMENT (  '', '', ( #3280 ) ) ;
#3280 = STYLED_ITEM ( 'NONE', ( #3281 ), #593 ) ;
#3281 = PRESENTATION_STYLE_ASSIGNMENT (( #3282 ) ) ;
#3282 = SURFACE_STYLE_USAGE ( .BOTH. , #3283 ) ;
#3283 = SURFACE_SIDE_STYLE ('',( #3284 ) ) ;
#3284 = SURFACE_STYLE_FILL_AREA ( #3285 ) ;
#3285 = FILL_AREA_STYLE ('',( #3290 ) ) ;
#3286 = COLOUR_RGB ( '',0.9882352941176471000, 1.000000000000000000, 0.9882352941176471000 ) ;
#3287 = FACE_OUTER_BOUND ( 'NONE', #487, .T. ) ;
#3288 = DIRECTION ( 'NONE',  ( 0.0000000000000000000, -0.0000000000000000000, -1.000000000000000000 ) ) ;
#3289 = VECTOR ( 'NONE', #3288, 39.37007874015748100 ) ;
#3290 = FILL_AREA_STYLE_COLOUR ( '', #3286 ) ;
#3291 = CARTESIAN_POINT ( 'NONE',  ( 0.1250000000000000000, 0.06200000000000001300, 0.5258305537887145700 ) ) ;
#3292 = CARTESIAN_POINT ( 'NONE',  ( 0.1249999999999999900, 0.2440000000000000200, 0.4898068386359021300 ) ) ;
#3293 = LINE ( 'NONE', #3291, #3289 ) ;
#3294 = DIRECTION ( 'NONE',  ( 0.0000000000000000000, 0.0000000000000000000, -1.000000000000000000 ) ) ;
#3295 = VECTOR ( 'NONE', #3294, 39.37007874015748100 ) ;
#3296 = CARTESIAN_POINT ( 'NONE',  ( 0.1250000000000000000, 0.2440000000000000200, 0.4908305537887148700 ) ) ;
#3297 = LINE ( 'NONE', #3296, #3295 ) ;
#3298 = DIRECTION ( 'NONE',  ( 1.000000000000000000, -0.0000000000000000000, 0.0000000000000000000 ) ) ;
#3299 = VECTOR ( 'NONE', #3298, 39.37007874015748100 ) ;
#3300 = CARTESIAN_POINT ( 'NONE',  ( 0.06250000000000000000, 0.01499999999999999900, 0.7688305537887146800 ) ) ;
#3301 = LINE ( 'NONE', #3300, #3299 ) ;
#3302 = CARTESIAN_POINT ( 'NONE',  ( -0.1249999999999999900, 0.2439999999999999700, 0.4908305537887147100 ) ) ;
#3303 = DIRECTION ( 'NONE',  ( 0.0000000000000000000, 0.0000000000000000000, 1.000000000000000000 ) ) ;
#3304 = VECTOR ( 'NONE', #3303, 39.37007874015748100 ) ;
#3305 = CARTESIAN_POINT ( 'NONE',  ( -0.1250000000000000000, 0.2440000000000000200, 0.4908305537887148700 ) ) ;
#3306 = LINE ( 'NONE', #3305, #3304 ) ;
#3307 = VECTOR ( 'NONE', #3269, 39.37007874015748100 ) ;
#3308 = CARTESIAN_POINT ( 'NONE',  ( -0.1325000000000000600, 0.06200000000000001300, 0.4908305537887147600 ) ) ;
#3309 = LINE ( 'NONE', #3308, #3307 ) ;
#3310 = DIRECTION ( 'NONE',  ( 0.0000000000000000000, 0.0000000000000000000, -1.000000000000000000 ) ) ;
#3311 = VECTOR ( 'NONE', #3310, 39.37007874015748100 ) ;
#3312 = CARTESIAN_POINT ( 'NONE',  ( 0.1325000000000000600, 0.06200000000000001300, 0.4908305537887147600 ) ) ;
#3313 = LINE ( 'NONE', #3312, #3311 ) ;
#3314 = DIRECTION ( 'NONE',  ( 0.0000000000000000000, 1.000000000000000000, 0.0000000000000000000 ) ) ;
#3315 = VECTOR ( 'NONE', #3314, 39.37007874015748100 ) ;
#3316 = CARTESIAN_POINT ( 'NONE',  ( 0.06250000000000000000, 0.03200000000000000100, 0.4908305537887147600 ) ) ;
#3317 = LINE ( 'NONE', #3316, #3315 ) ;
#3318 = CARTESIAN_POINT ( 'NONE',  ( 0.06250000000000000000, 0.03200000000000000100, 0.4908305537887147600 ) ) ;
#3319 = DIRECTION ( 'NONE',  ( 0.0000000000000000000, 0.0000000000000000000, 1.000000000000000000 ) ) ;
#3320 = DIRECTION ( 'NONE',  ( 1.000000000000000000, 0.0000000000000000000, 0.0000000000000000000 ) ) ;
#3321 = CARTESIAN_POINT ( 'NONE',  ( 0.06250000000000000000, 0.03200000000000000100, 0.5228305537887147900 ) ) ;
#3322 = AXIS2_PLACEMENT_3D ( 'NONE', #3321, #3320, #3319 ) ;
#3323 = CIRCLE ( 'NONE', #3322, 0.03200000000000002800 ) ;
#3324 = CARTESIAN_POINT ( 'NONE',  ( 0.06250000000000000000, -1.280553747030123400E-017, 0.5228305537887147900 ) ) ;
#3325 = DIRECTION ( 'NONE',  ( 0.0000000000000000000, 1.000000000000000000, 0.0000000000000000000 ) ) ;
#3326 = VECTOR ( 'NONE', #3325, 39.37007874015748100 ) ;
#3327 = CARTESIAN_POINT ( 'NONE',  ( -0.01600000000000002100, 0.0000000000000000000, 0.6588305537887144700 ) ) ;
#3328 = LINE ( 'NONE', #3327, #3326 ) ;
#3329 = DIRECTION ( 'NONE',  ( -1.000000000000000000, 0.0000000000000000000, -0.0000000000000000000 ) ) ;
#3330 = DIRECTION ( 'NONE',  ( 0.0000000000000000000, 0.0000000000000000000, -1.000000000000000000 ) ) ;
#3331 = CARTESIAN_POINT ( 'NONE',  ( 0.06250000000000000000, 0.01499999999999999900, 0.7688305537887146800 ) ) ;
#3332 = AXIS2_PLACEMENT_3D ( 'NONE', #3331, #3330, #3329 ) ;
#3333 = PLANE ( 'NONE',  #3332 ) ;
#3334 = DIRECTION ( 'NONE',  ( 1.000000000000000000, 0.0000000000000000000, -0.0000000000000000000 ) ) ;
#3335 = VECTOR ( 'NONE', #3334, 39.37007874015748100 ) ;
#3336 = CARTESIAN_POINT ( 'NONE',  ( -0.1325000000000000600, 0.2440000000000000200, 0.4908305537887147600 ) ) ;
#3337 = LINE ( 'NONE', #3336, #3335 ) ;
#3338 =( GEOMETRIC_REPRESENTATION_CONTEXT ( 3 ) GLOBAL_UNCERTAINTY_ASSIGNED_CONTEXT ( ( #3339 ) ) GLOBAL_UNIT_ASSIGNED_CONTEXT ( ( #3342, #3341, #3340 ) ) REPRESENTATION_CONTEXT ( 'NONE', 'WORKASPACE' ) );
#3339 = UNCERTAINTY_MEASURE_WITH_UNIT (LENGTH_MEASURE( 1.000000000000000100E-005 ), #3342, 'distance_accuracy_value', 'NONE');
#3340 =( NAMED_UNIT ( * ) SI_UNIT ( $, .STERADIAN. ) SOLID_ANGLE_UNIT ( ) );
#3341 =( NAMED_UNIT ( * ) PLANE_ANGLE_UNIT ( ) SI_UNIT ( $, .RADIAN. ) );
#3342 =( CONVERSION_BASED_UNIT ( 'INCH', #3343 ) LENGTH_UNIT ( ) NAMED_UNIT ( #3344 ) );
#3343 = LENGTH_MEASURE_WITH_UNIT ( LENGTH_MEASURE( 0.02539999999999999900 ), #3345 );
#3344 = DIMENSIONAL_EXPONENTS ( 1.000000000000000000, 0.0000000000000000000, 0.0000000000000000000, 0.0000000000000000000, 0.0000000000000000000, 0.0000000000000000000, 0.0000000000000000000 ) ;
#3345 =( LENGTH_UNIT ( ) NAMED_UNIT ( * ) SI_UNIT ( $, .METRE. ) );
#3346 = MECHANICAL_DESIGN_GEOMETRIC_PRESENTATION_REPRESENTATION (  '', ( #3348 ), #3338 ) ;
#3347 = PRESENTATION_LAYER_ASSIGNMENT (  '', '', ( #3348 ) ) ;
#3348 = STYLED_ITEM ( 'NONE', ( #3349 ), #596 ) ;
#3349 = PRESENTATION_STYLE_ASSIGNMENT (( #3350 ) ) ;
#3350 = SURFACE_STYLE_USAGE ( .BOTH. , #3351 ) ;
#3351 = SURFACE_SIDE_STYLE ('',( #3352 ) ) ;
#3352 = SURFACE_STYLE_FILL_AREA ( #3353 ) ;
#3353 = FILL_AREA_STYLE ('',( #3361 ) ) ;
#3354 = COLOUR_RGB ( '',0.9882352941176471000, 1.000000000000000000, 0.9882352941176471000 ) ;
#3355 = DIRECTION ( 'NONE',  ( 0.0000000000000000000, 0.0000000000000000000, -1.000000000000000000 ) ) ;
#3356 = DIRECTION ( 'NONE',  ( 1.000000000000000000, -0.0000000000000000000, 0.0000000000000000000 ) ) ;
#3357 = CARTESIAN_POINT ( 'NONE',  ( 0.1250000000000000000, 0.06199999999999997900, 0.4908305537887148700 ) ) ;
#3358 = AXIS2_PLACEMENT_3D ( 'NONE', #3357, #3356, #3355 ) ;
#3359 = PLANE ( 'NONE',  #3358 ) ;
#3360 = FACE_OUTER_BOUND ( 'NONE', #597, .T. ) ;
#3361 = FILL_AREA_STYLE_COLOUR ( '', #3354 ) ;
#3362 = DIRECTION ( 'NONE',  ( 0.0000000000000000000, 0.0000000000000000000, -1.000000000000000000 ) ) ;
#3363 = DIRECTION ( 'NONE',  ( 1.000000000000000000, 0.0000000000000000000, 0.0000000000000000000 ) ) ;
#3364 = CARTESIAN_POINT ( 'NONE',  ( -0.1249999999999999900, 0.2350083767663984600, 0.4508305544266259500 ) ) ;
#3365 = AXIS2_PLACEMENT_3D ( 'NONE', #3364, #3363, #3362 ) ;
#3366 = CIRCLE ( 'NONE', #3365, 0.04000000023921650900 ) ;
#3367 = CARTESIAN_POINT ( 'NONE',  ( 0.08969693845669905700, 0.03200000000000000100, -0.2259999999999999500 ) ) ;
#3368 = DIRECTION ( 'NONE',  ( 0.0000000000000000000, 0.7193398003386495300, 0.6946583704589989200 ) ) ;
#3369 = VECTOR ( 'NONE', #3368, 39.37007874015748900 ) ;
#3370 = CARTESIAN_POINT ( 'NONE',  ( -0.005712583075000223300, 0.04166115865234240600, -0.2151596854207397700 ) ) ;
#3371 = LINE ( 'NONE', #3370, #3369 ) ;
#3372 = DIRECTION ( 'NONE',  ( 0.0000000000000000000, 1.000000000000000000, 0.0000000000000000000 ) ) ;
#3373 = VECTOR ( 'NONE', #3372, 39.37007874015748100 ) ;
#3374 = CARTESIAN_POINT ( 'NONE',  ( 0.006653659606203128600, 0.1100000000000000300, -0.2259999999999999500 ) ) ;
#3375 = LINE ( 'NONE', #3374, #3373 ) ;
#3376 = DIRECTION ( 'NONE',  ( -1.000000000000000000, 0.0000000000000000000, 0.0000000000000000000 ) ) ;
#3377 = VECTOR ( 'NONE', #3376, 39.37007874015748100 ) ;
#3378 = CARTESIAN_POINT ( 'NONE',  ( 0.1875000000000000300, 0.09800000000000001800, -0.2259999999999999500 ) ) ;
#3379 = LINE ( 'NONE', #3378, #3377 ) ;
#3380 = CARTESIAN_POINT ( 'NONE',  ( 0.06749999999999997700, 0.03199999999999999400, -0.2259999999999999200 ) ) ;
#3381 = DIRECTION ( 'NONE',  ( -0.0000000000000000000, -0.0000000000000000000, 1.000000000000000000 ) ) ;
#3382 = VECTOR ( 'NONE', #3381, 39.37007874015748100 ) ;
#3383 = CARTESIAN_POINT ( 'NONE',  ( 0.06250000000000000000, 0.01500000000000001200, 0.5228305537887147900 ) ) ;
#3384 = DIRECTION ( 'NONE',  ( 0.0000000000000000000, 0.0000000000000000000, 1.000000000000000000 ) ) ;
#3385 = DIRECTION ( 'NONE',  ( -1.000000000000000000, 0.0000000000000000000, 0.0000000000000000000 ) ) ;
#3386 = LINE ( 'NONE', #3383, #3382 ) ;
#3387 = DIRECTION ( 'NONE',  ( 1.000000000000000000, -0.0000000000000000000, 0.0000000000000000000 ) ) ;
#3388 = CARTESIAN_POINT ( 'NONE',  ( 0.06250000000000000000, 0.03200000000000000100, 0.5228305537887147900 ) ) ;
#3389 = AXIS2_PLACEMENT_3D ( 'NONE', #3388, #3387, #3446 ) ;
#3390 = PLANE ( 'NONE',  #3389 ) ;
#3391 =( GEOMETRIC_REPRESENTATION_CONTEXT ( 3 ) GLOBAL_UNCERTAINTY_ASSIGNED_CONTEXT ( ( #3392 ) ) GLOBAL_UNIT_ASSIGNED_CONTEXT ( ( #3395, #3394, #3393 ) ) REPRESENTATION_CONTEXT ( 'NONE', 'WORKASPACE' ) );
#3392 = UNCERTAINTY_MEASURE_WITH_UNIT (LENGTH_MEASURE( 1.000000000000000100E-005 ), #3395, 'distance_accuracy_value', 'NONE');
#3393 =( NAMED_UNIT ( * ) SI_UNIT ( $, .STERADIAN. ) SOLID_ANGLE_UNIT ( ) );
#3394 =( NAMED_UNIT ( * ) PLANE_ANGLE_UNIT ( ) SI_UNIT ( $, .RADIAN. ) );
#3395 =( CONVERSION_BASED_UNIT ( 'INCH', #3396 ) LENGTH_UNIT ( ) NAMED_UNIT ( #3397 ) );
#3396 = LENGTH_MEASURE_WITH_UNIT ( LENGTH_MEASURE( 0.02539999999999999900 ), #3398 );
#3397 = DIMENSIONAL_EXPONENTS ( 1.000000000000000000, 0.0000000000000000000, 0.0000000000000000000, 0.0000000000000000000, 0.0000000000000000000, 0.0000000000000000000, 0.0000000000000000000 ) ;
#3398 =( LENGTH_UNIT ( ) NAMED_UNIT ( * ) SI_UNIT ( $, .METRE. ) );
#3399 = MECHANICAL_DESIGN_GEOMETRIC_PRESENTATION_REPRESENTATION (  '', ( #3401 ), #3391 ) ;
#3400 = PRESENTATION_LAYER_ASSIGNMENT (  '', '', ( #3401 ) ) ;
#3401 = STYLED_ITEM ( 'NONE', ( #3402 ), #667 ) ;
#3402 = PRESENTATION_STYLE_ASSIGNMENT (( #3403 ) ) ;
#3403 = SURFACE_STYLE_USAGE ( .BOTH. , #3404 ) ;
#3404 = SURFACE_SIDE_STYLE ('',( #3405 ) ) ;
#3405 = SURFACE_STYLE_FILL_AREA ( #3406 ) ;
#3406 = FILL_AREA_STYLE ('',( #3408 ) ) ;
#3407 = COLOUR_RGB ( '',0.9882352941176471000, 1.000000000000000000, 0.9882352941176471000 ) ;
#3408 = FILL_AREA_STYLE_COLOUR ( '', #3407 ) ;
#3409 = FACE_OUTER_BOUND ( 'NONE', #646, .T. ) ;
#3410 = CARTESIAN_POINT ( 'NONE',  ( 0.1249999999999999900, 0.06200000000000001300, 0.4908305537887147100 ) ) ;
#3411 = DIRECTION ( 'NONE',  ( -3.442348782339032200E-016, -0.0000000000000000000, -1.000000000000000000 ) ) ;
#3412 = VECTOR ( 'NONE', #3411, 39.37007874015748100 ) ;
#3413 = CARTESIAN_POINT ( 'NONE',  ( -0.01600000000000002100, 0.01499999999999999900, 0.6588305537887144700 ) ) ;
#3414 = LINE ( 'NONE', #3413, #3412 ) ;
#3415 = AXIS2_PLACEMENT_3D ( 'NONE', #3610, #3609, #3608 ) ;
#3416 = PLANE ( 'NONE',  #3415 ) ;
#3417 = DIRECTION ( 'NONE',  ( 0.0000000000000000000, -0.0000000000000000000, 1.000000000000000000 ) ) ;
#3418 = VECTOR ( 'NONE', #3417, 39.37007874015748100 ) ;
#3419 = CARTESIAN_POINT ( 'NONE',  ( -0.06250000000000000000, 0.0000000000000000000, 0.7688305537887146800 ) ) ;
#3420 = LINE ( 'NONE', #3419, #3418 ) ;
#3421 = CARTESIAN_POINT ( 'NONE',  ( -0.06250000000000000000, -1.280553747030123400E-017, 0.5228305537887147900 ) ) ;
#3422 = CARTESIAN_POINT ( 'NONE',  ( 0.1325000000000000600, 0.06200000000000001300, 0.4908305537887147100 ) ) ;
#3423 = DIRECTION ( 'NONE',  ( 1.000000000000000000, 0.0000000000000000000, -0.0000000000000000000 ) ) ;
#3424 = VECTOR ( 'NONE', #3423, 39.37007874015748100 ) ;
#3425 = CARTESIAN_POINT ( 'NONE',  ( 0.1325000000000000600, 0.06200000000000001300, 0.5258305537887145700 ) ) ;
#3426 = LINE ( 'NONE', #3425, #3424 ) ;
#3427 = DIRECTION ( 'NONE',  ( -0.0000000000000000000, -1.000000000000000000, -0.0000000000000000000 ) ) ;
#3428 = VECTOR ( 'NONE', #3427, 39.37007874015748100 ) ;
#3429 = CARTESIAN_POINT ( 'NONE',  ( 0.06250000000000000000, 0.03200000000000000100, 0.7688305537887146800 ) ) ;
#3430 = LINE ( 'NONE', #3429, #3428 ) ;
#3431 = CARTESIAN_POINT ( 'NONE',  ( -0.06249999999999999300, 0.0000000000000000000, 0.7688305537887146800 ) ) ;
#3432 = DIRECTION ( 'NONE',  ( 1.000000000000000000, 0.0000000000000000000, -0.0000000000000000000 ) ) ;
#3433 = VECTOR ( 'NONE', #3432, 39.37007874015748100 ) ;
#3434 = CARTESIAN_POINT ( 'NONE',  ( 0.06250000000000000000, 0.0000000000000000000, 0.7688305537887146800 ) ) ;
#3435 = LINE ( 'NONE', #3434, #3433 ) ;
#3436 = DIRECTION ( 'NONE',  ( -0.0000000000000000000, 0.0000000000000000000, -1.000000000000000000 ) ) ;
#3437 = VECTOR ( 'NONE', #3436, 39.37007874015748100 ) ;
#3438 = CARTESIAN_POINT ( 'NONE',  ( 0.06250000000000000000, 0.0000000000000000000, 0.7688305537887146800 ) ) ;
#3439 = LINE ( 'NONE', #3438, #3437 ) ;
#3440 = CARTESIAN_POINT ( 'NONE',  ( 0.1325000000000000600, 0.06200000000000001300, 0.5258305537887145700 ) ) ;
#3441 = CARTESIAN_POINT ( 'NONE',  ( 0.06749999999999997700, 0.06200000000000001300, 0.5258305537887145700 ) ) ;
#3442 = DIRECTION ( 'NONE',  ( 0.0000000000000000000, -0.0000000000000000000, -1.000000000000000000 ) ) ;
#3443 = VECTOR ( 'NONE', #3442, 39.37007874015748100 ) ;
#3444 = CARTESIAN_POINT ( 'NONE',  ( 0.06749999999999999100, 0.06200000000000001300, 0.5258305537887145700 ) ) ;
#3445 = LINE ( 'NONE', #3444, #3443 ) ;
#3446 = DIRECTION ( 'NONE',  ( 0.0000000000000000000, 0.0000000000000000000, -1.000000000000000000 ) ) ;
#3447 =( NAMED_UNIT ( * ) PLANE_ANGLE_UNIT ( ) SI_UNIT ( $, .RADIAN. ) );
#3448 =( CONVERSION_BASED_UNIT ( 'INCH', #3449 ) LENGTH_UNIT ( ) NAMED_UNIT ( #3450 ) );
#3449 = LENGTH_MEASURE_WITH_UNIT ( LENGTH_MEASURE( 0.02539999999999999900 ), #3451 );
#3450 = DIMENSIONAL_EXPONENTS ( 1.000000000000000000, 0.0000000000000000000, 0.0000000000000000000, 0.0000000000000000000, 0.0000000000000000000, 0.0000000000000000000, 0.0000000000000000000 ) ;
#3451 =( LENGTH_UNIT ( ) NAMED_UNIT ( * ) SI_UNIT ( $, .METRE. ) );
#3452 = MECHANICAL_DESIGN_GEOMETRIC_PRESENTATION_REPRESENTATION (  '', ( #3454 ), #3628 ) ;
#3453 = PRESENTATION_LAYER_ASSIGNMENT (  '', '', ( #3454 ) ) ;
#3454 = STYLED_ITEM ( 'NONE', ( #3455 ), #711 ) ;
#3455 = PRESENTATION_STYLE_ASSIGNMENT (( #3456 ) ) ;
#3456 = SURFACE_STYLE_USAGE ( .BOTH. , #3457 ) ;
#3457 = SURFACE_SIDE_STYLE ('',( #3458 ) ) ;
#3458 = SURFACE_STYLE_FILL_AREA ( #3459 ) ;
#3459 = FILL_AREA_STYLE ('',( #3465 ) ) ;
#3460 = COLOUR_RGB ( '',0.9882352941176471000, 1.000000000000000000, 0.9882352941176471000 ) ;
#3461 = FACE_OUTER_BOUND ( 'NONE', #712, .T. ) ;
#3462 = DIRECTION ( 'NONE',  ( 0.0000000000000000000, 1.000000000000000000, 0.0000000000000000000 ) ) ;
#3463 = VECTOR ( 'NONE', #3462, 39.37007874015748100 ) ;
#3464 = CARTESIAN_POINT ( 'NONE',  ( 0.1250000000000000000, 0.06200000000000001300, 0.4908305537887147600 ) ) ;
#3465 = FILL_AREA_STYLE_COLOUR ( '', #3460 ) ;
#3466 = LINE ( 'NONE', #3464, #3463 ) ;
#3467 = DIRECTION ( 'NONE',  ( -0.0000000000000000000, 0.6946583704589989200, -0.7193398003386495300 ) ) ;
#3468 = VECTOR ( 'NONE', #3467, 39.37007874015748900 ) ;
#3469 = CARTESIAN_POINT ( 'NONE',  ( -0.005712583075000180800, 0.03957718354096541300, -0.2130016660197238100 ) ) ;
#3470 = LINE ( 'NONE', #3469, #3468 ) ;
#3471 = DIRECTION ( 'NONE',  ( -1.000000000000000000, 0.0000000000000000000, -0.0000000000000000000 ) ) ;
#3472 = DIRECTION ( 'NONE',  ( 0.0000000000000000000, 0.0000000000000000000, -1.000000000000000000 ) ) ;
#3473 = CARTESIAN_POINT ( 'NONE',  ( -0.08999999999999999700, 0.1100000000000000300, -0.2259999999999999500 ) ) ;
#3474 = AXIS2_PLACEMENT_3D ( 'NONE', #3473, #3472, #3471 ) ;
#3475 = CARTESIAN_POINT ( 'NONE',  ( 0.06250000000000000000, 0.06200000000000000000, 0.4908305537887147600 ) ) ;
#3476 = DIRECTION ( 'NONE',  ( -1.000000000000000000, -0.0000000000000000000, 0.0000000000000000000 ) ) ;
#3477 = VECTOR ( 'NONE', #3476, 39.37007874015748100 ) ;
#3478 = CARTESIAN_POINT ( 'NONE',  ( 0.06250000000000000000, 0.0000000000000000000, 0.7208305537887146300 ) ) ;
#3479 = LINE ( 'NONE', #3478, #3477 ) ;
#3480 = DIRECTION ( 'NONE',  ( 0.0000000000000000000, 0.0000000000000000000, -1.000000000000000000 ) ) ;
#3481 = DIRECTION ( 'NONE',  ( 1.000000000000000000, -0.0000000000000000000, 0.0000000000000000000 ) ) ;
#3482 = CARTESIAN_POINT ( 'NONE',  ( -0.06250000000000000000, 0.03200000000000000100, 0.5228305537887147900 ) ) ;
#3483 = AXIS2_PLACEMENT_3D ( 'NONE', #3482, #3481, #3480 ) ;
#3484 = PLANE ( 'NONE',  #3483 ) ;
#3485 =( GEOMETRIC_REPRESENTATION_CONTEXT ( 3 ) GLOBAL_UNCERTAINTY_ASSIGNED_CONTEXT ( ( #3486 ) ) GLOBAL_UNIT_ASSIGNED_CONTEXT ( ( #3489, #3488, #3487 ) ) REPRESENTATION_CONTEXT ( 'NONE', 'WORKASPACE' ) );
#3486 = UNCERTAINTY_MEASURE_WITH_UNIT (LENGTH_MEASURE( 1.000000000000000100E-005 ), #3489, 'distance_accuracy_value', 'NONE');
#3487 =( NAMED_UNIT ( * ) SI_UNIT ( $, .STERADIAN. ) SOLID_ANGLE_UNIT ( ) );
#3488 =( NAMED_UNIT ( * ) PLANE_ANGLE_UNIT ( ) SI_UNIT ( $, .RADIAN. ) );
#3489 =( CONVERSION_BASED_UNIT ( 'INCH', #3490 ) LENGTH_UNIT ( ) NAMED_UNIT ( #3499 ) );
#3490 = LENGTH_MEASURE_WITH_UNIT ( LENGTH_MEASURE( 0.02539999999999999900 ), #3500 );
#3491 = DIRECTION ( 'NONE',  ( 0.0000000000000000000, 8.537024929145890000E-016, -1.000000000000000000 ) ) ;
#3492 = DIRECTION ( 'NONE',  ( -1.000000000000000000, -0.0000000000000000000, -0.0000000000000000000 ) ) ;
#3493 = CARTESIAN_POINT ( 'NONE',  ( 0.1249999999999999600, 0.2350083767663984600, 0.4508305544266259500 ) ) ;
#3494 = AXIS2_PLACEMENT_3D ( 'NONE', #3493, #3492, #3491 ) ;
#3495 = CIRCLE ( 'NONE', #3494, 0.04000000023921650900 ) ;
#3496 = DIRECTION ( 'NONE',  ( -1.000000000000000000, -0.0000000000000000000, 0.0000000000000000000 ) ) ;
#3497 = VECTOR ( 'NONE', #3496, 39.37007874015748100 ) ;
#3498 = CARTESIAN_POINT ( 'NONE',  ( 0.1875000000000000300, 0.1280000000000000000, -0.1959999999999999800 ) ) ;
#3499 = DIMENSIONAL_EXPONENTS ( 1.000000000000000000, 0.0000000000000000000, 0.0000000000000000000, 0.0000000000000000000, 0.0000000000000000000, 0.0000000000000000000, 0.0000000000000000000 ) ;
#3500 =( LENGTH_UNIT ( ) NAMED_UNIT ( * ) SI_UNIT ( $, .METRE. ) );
#3501 = MECHANICAL_DESIGN_GEOMETRIC_PRESENTATION_REPRESENTATION (  '', ( #3503 ), #3485 ) ;
#3502 = PRESENTATION_LAYER_ASSIGNMENT (  '', '', ( #3503 ) ) ;
#3503 = STYLED_ITEM ( 'NONE', ( #3504 ), #642 ) ;
#3504 = PRESENTATION_STYLE_ASSIGNMENT (( #3583 ) ) ;
#3505 = LINE ( 'NONE', #3498, #3497 ) ;
#3506 = CARTESIAN_POINT ( 'NONE',  ( -0.08999999999999998300, 0.1280000000000000000, -0.1959999999999999800 ) ) ;
#3507 = DIRECTION ( 'NONE',  ( 0.0000000000000000000, 0.0000000000000000000, 1.000000000000000000 ) ) ;
#3508 = DIRECTION ( 'NONE',  ( 1.000000000000000000, -0.0000000000000000000, -0.0000000000000000000 ) ) ;
#3509 = CARTESIAN_POINT ( 'NONE',  ( -0.08999999999999999700, 0.09800000000000000400, -0.1959999999999999800 ) ) ;
#3510 = AXIS2_PLACEMENT_3D ( 'NONE', #3509, #3508, #3507 ) ;
#3511 = CIRCLE ( 'NONE', #3510, 0.02999999999999998800 ) ;
#3512 = CARTESIAN_POINT ( 'NONE',  ( -0.08999999999999999700, 0.1130000000000000200, -0.2219807621135331300 ) ) ;
#3513 = DIRECTION ( 'NONE',  ( -1.000000000000000000, 0.0000000000000000000, 0.0000000000000000000 ) ) ;
#3514 = VECTOR ( 'NONE', #3513, 39.37007874015748100 ) ;
#3515 = CARTESIAN_POINT ( 'NONE',  ( 0.1875000000000000300, 0.1130000000000000200, -0.2219807621135331300 ) ) ;
#3516 = LINE ( 'NONE', #3515, #3514 ) ;
#3517 = CARTESIAN_POINT ( 'NONE',  ( 0.01600000000000000000, 0.01499999999999999900, 0.7208305537887146300 ) ) ;
#3518 = DIRECTION ( 'NONE',  ( -1.000000000000000000, -0.0000000000000000000, 0.0000000000000000000 ) ) ;
#3519 = VECTOR ( 'NONE', #3518, 39.37007874015748100 ) ;
#3520 = CARTESIAN_POINT ( 'NONE',  ( 0.01600000000000000000, 0.01499999999999999900, 0.7208305537887146300 ) ) ;
#3521 = LINE ( 'NONE', #3520, #3519 ) ;
#3522 = CARTESIAN_POINT ( 'NONE',  ( -0.01600000000000001800, 0.01499999999999999900, 0.6588305537887144700 ) ) ;
#3523 = DIRECTION ( 'NONE',  ( 0.0000000000000000000, 1.000000000000000000, -0.0000000000000000000 ) ) ;
#3524 = VECTOR ( 'NONE', #3523, 39.37007874015748100 ) ;
#3525 = CARTESIAN_POINT ( 'NONE',  ( -0.01600000000000000000, 0.0000000000000000000, 0.7208305537887146300 ) ) ;
#3526 = LINE ( 'NONE', #3525, #3524 ) ;
#3527 = DIRECTION ( 'NONE',  ( 3.442348782339032200E-016, 0.0000000000000000000, 1.000000000000000000 ) ) ;
#3528 = DIRECTION ( 'NONE',  ( -1.000000000000000000, 0.0000000000000000000, 3.442348782339032200E-016 ) ) ;
#3529 = CARTESIAN_POINT ( 'NONE',  ( -0.01600000000000002100, 0.0000000000000000000, 0.6588305537887144700 ) ) ;
#3530 = AXIS2_PLACEMENT_3D ( 'NONE', #3529, #3528, #3527 ) ;
#3531 = PLANE ( 'NONE',  #3530 ) ;
#3532 =( GEOMETRIC_REPRESENTATION_CONTEXT ( 3 ) GLOBAL_UNCERTAINTY_ASSIGNED_CONTEXT ( ( #3533 ) ) GLOBAL_UNIT_ASSIGNED_CONTEXT ( ( #3536, #3535, #3534 ) ) REPRESENTATION_CONTEXT ( 'NONE', 'WORKASPACE' ) );
#3533 = UNCERTAINTY_MEASURE_WITH_UNIT (LENGTH_MEASURE( 1.000000000000000100E-005 ), #3536, 'distance_accuracy_value', 'NONE');
#3534 =( NAMED_UNIT ( * ) SI_UNIT ( $, .STERADIAN. ) SOLID_ANGLE_UNIT ( ) );
#3535 =( NAMED_UNIT ( * ) PLANE_ANGLE_UNIT ( ) SI_UNIT ( $, .RADIAN. ) );
#3536 =( CONVERSION_BASED_UNIT ( 'INCH', #3537 ) LENGTH_UNIT ( ) NAMED_UNIT ( #3538 ) );
#3537 = LENGTH_MEASURE_WITH_UNIT ( LENGTH_MEASURE( 0.02539999999999999900 ), #3539 );
#3538 = DIMENSIONAL_EXPONENTS ( 1.000000000000000000, 0.0000000000000000000, 0.0000000000000000000, 0.0000000000000000000, 0.0000000000000000000, 0.0000000000000000000, 0.0000000000000000000 ) ;
#3539 =( LENGTH_UNIT ( ) NAMED_UNIT ( * ) SI_UNIT ( $, .METRE. ) );
#3540 = MECHANICAL_DESIGN_GEOMETRIC_PRESENTATION_REPRESENTATION (  '', ( #3542 ), #3532 ) ;
#3541 = PRESENTATION_LAYER_ASSIGNMENT (  '', '', ( #3542 ) ) ;
#3542 = STYLED_ITEM ( 'NONE', ( #3543 ), #648 ) ;
#3543 = PRESENTATION_STYLE_ASSIGNMENT (( #3544 ) ) ;
#3544 = SURFACE_STYLE_USAGE ( .BOTH. , #3545 ) ;
#3545 = SURFACE_SIDE_STYLE ('',( #3546 ) ) ;
#3546 = SURFACE_STYLE_FILL_AREA ( #3547 ) ;
#3547 = FILL_AREA_STYLE ('',( #3548 ) ) ;
#3548 = FILL_AREA_STYLE_COLOUR ( '', #3549 ) ;
#3549 = COLOUR_RGB ( '',0.9882352941176471000, 1.000000000000000000, 0.9882352941176471000 ) ;
#3550 = FACE_OUTER_BOUND ( 'NONE', #669, .T. ) ;
#3551 = CARTESIAN_POINT ( 'NONE',  ( -0.01599999999999999700, 0.0000000000000000000, 0.7208305537887146300 ) ) ;
#3552 = DIRECTION ( 'NONE',  ( -0.0000000000000000000, -1.000000000000000000, -0.0000000000000000000 ) ) ;
#3553 = VECTOR ( 'NONE', #3552, 39.37007874015748100 ) ;
#3554 = CARTESIAN_POINT ( 'NONE',  ( -0.06250000000000000000, 0.03200000000000000100, 0.7688305537887146800 ) ) ;
#3555 = LINE ( 'NONE', #3554, #3553 ) ;
#3556 = PLANE ( 'NONE',  #3474 ) ;
#3557 =( GEOMETRIC_REPRESENTATION_CONTEXT ( 3 ) GLOBAL_UNCERTAINTY_ASSIGNED_CONTEXT ( ( #3558 ) ) GLOBAL_UNIT_ASSIGNED_CONTEXT ( ( #3561, #3560, #3559 ) ) REPRESENTATION_CONTEXT ( 'NONE', 'WORKASPACE' ) );
#3558 = UNCERTAINTY_MEASURE_WITH_UNIT (LENGTH_MEASURE( 1.000000000000000100E-005 ), #3561, 'distance_accuracy_value', 'NONE');
#3559 =( NAMED_UNIT ( * ) SI_UNIT ( $, .STERADIAN. ) SOLID_ANGLE_UNIT ( ) );
#3560 =( NAMED_UNIT ( * ) PLANE_ANGLE_UNIT ( ) SI_UNIT ( $, .RADIAN. ) );
#3561 =( CONVERSION_BASED_UNIT ( 'INCH', #3562 ) LENGTH_UNIT ( ) NAMED_UNIT ( #3563 ) );
#3562 = LENGTH_MEASURE_WITH_UNIT ( LENGTH_MEASURE( 0.02539999999999999900 ), #3564 );
#3563 = DIMENSIONAL_EXPONENTS ( 1.000000000000000000, 0.0000000000000000000, 0.0000000000000000000, 0.0000000000000000000, 0.0000000000000000000, 0.0000000000000000000, 0.0000000000000000000 ) ;
#3564 =( LENGTH_UNIT ( ) NAMED_UNIT ( * ) SI_UNIT ( $, .METRE. ) );
#3565 = MECHANICAL_DESIGN_GEOMETRIC_PRESENTATION_REPRESENTATION (  '', ( #3567 ), #3557 ) ;
#3566 = PRESENTATION_LAYER_ASSIGNMENT (  '', '', ( #3567 ) ) ;
#3567 = STYLED_ITEM ( 'NONE', ( #3568 ), #705 ) ;
#3568 = PRESENTATION_STYLE_ASSIGNMENT (( #3569 ) ) ;
#3569 = SURFACE_STYLE_USAGE ( .BOTH. , #3570 ) ;
#3570 = SURFACE_SIDE_STYLE ('',( #3571 ) ) ;
#3571 = SURFACE_STYLE_FILL_AREA ( #3572 ) ;
#3572 = FILL_AREA_STYLE ('',( #3581 ) ) ;
#3573 = COLOUR_RGB ( '',0.9882352941176471000, 1.000000000000000000, 0.9882352941176471000 ) ;
#3574 = FACE_OUTER_BOUND ( 'NONE', #744, .T. ) ;
#3575 = FACE_BOUND ( 'NONE', #706, .T. ) ;
#3576 = DIRECTION ( 'NONE',  ( 0.0000000000000000000, 0.0000000000000000000, 1.000000000000000000 ) ) ;
#3577 = DIRECTION ( 'NONE',  ( 1.000000000000000000, -0.0000000000000000000, -0.0000000000000000000 ) ) ;
#3578 = CARTESIAN_POINT ( 'NONE',  ( -0.06749999999999999100, 0.09800000000000000400, -0.1959999999999999800 ) ) ;
#3579 = AXIS2_PLACEMENT_3D ( 'NONE', #3578, #3577, #3576 ) ;
#3580 = CIRCLE ( 'NONE', #3579, 0.02999999999999998800 ) ;
#3581 = FILL_AREA_STYLE_COLOUR ( '', #3573 ) ;
#3582 = DIRECTION ( 'NONE',  ( 0.0000000000000000000, 0.0000000000000000000, 1.000000000000000000 ) ) ;
#3583 = SURFACE_STYLE_USAGE ( .BOTH. , #3584 ) ;
#3584 = SURFACE_SIDE_STYLE ('',( #3585 ) ) ;
#3585 = SURFACE_STYLE_FILL_AREA ( #3586 ) ;
#3586 = FILL_AREA_STYLE ('',( #3593 ) ) ;
#3587 = COLOUR_RGB ( '',0.9882352941176471000, 1.000000000000000000, 0.9882352941176471000 ) ;
#3588 = FACE_OUTER_BOUND ( 'NONE', #643, .T. ) ;
#3589 = DIRECTION ( 'NONE',  ( -0.0000000000000000000, -0.0000000000000000000, 1.000000000000000000 ) ) ;
#3590 = VECTOR ( 'NONE', #3589, 39.37007874015748100 ) ;
#3591 = CARTESIAN_POINT ( 'NONE',  ( 0.06250000000000000000, 0.06200000000000000000, 0.5228305537887147900 ) ) ;
#3592 = LINE ( 'NONE', #3591, #3590 ) ;
#3593 = FILL_AREA_STYLE_COLOUR ( '', #3587 ) ;
#3594 = DIRECTION ( 'NONE',  ( -1.000000000000000000, 0.0000000000000000000, 0.0000000000000000000 ) ) ;
#3595 = CARTESIAN_POINT ( 'NONE',  ( 0.06749999999999999100, 0.09800000000000000400, -0.1959999999999999800 ) ) ;
#3596 = AXIS2_PLACEMENT_3D ( 'NONE', #3595, #3594, #3582 ) ;
#3597 = CIRCLE ( 'NONE', #3596, 0.02999999999999998800 ) ;
#3598 = DIRECTION ( 'NONE',  ( -1.000000000000000000, 0.0000000000000000000, 0.0000000000000000000 ) ) ;
#3599 = VECTOR ( 'NONE', #3598, 39.37007874015748100 ) ;
#3600 = CARTESIAN_POINT ( 'NONE',  ( 0.1875000000000000300, 0.1130000000000000200, -0.2219807621135331300 ) ) ;
#3601 = LINE ( 'NONE', #3600, #3599 ) ;
#3602 = DIRECTION ( 'NONE',  ( 0.0000000000000000000, -0.0000000000000000000, -1.000000000000000000 ) ) ;
#3603 = DIRECTION ( 'NONE',  ( 0.0000000000000000000, -1.000000000000000000, 0.0000000000000000000 ) ) ;
#3604 = CARTESIAN_POINT ( 'NONE',  ( 0.1325000000000000600, 0.06200000000000001300, 0.5258305537887145700 ) ) ;
#3605 = AXIS2_PLACEMENT_3D ( 'NONE', #3604, #3603, #3602 ) ;
#3606 = PLANE ( 'NONE',  #3605 ) ;
#3607 = FACE_OUTER_BOUND ( 'NONE', #696, .T. ) ;
#3608 = DIRECTION ( 'NONE',  ( -1.000000000000000000, 0.0000000000000000000, -0.0000000000000000000 ) ) ;
#3609 = DIRECTION ( 'NONE',  ( 0.0000000000000000000, 0.0000000000000000000, -1.000000000000000000 ) ) ;
#3610 = CARTESIAN_POINT ( 'NONE',  ( -0.01600000000000002100, 0.0000000000000000000, 0.6588305537887144700 ) ) ;
#3611 =( NAMED_UNIT ( * ) SI_UNIT ( $, .STERADIAN. ) SOLID_ANGLE_UNIT ( ) );
#3612 = PRESENTATION_STYLE_ASSIGNMENT (( #3613 ) ) ;
#3613 = SURFACE_STYLE_USAGE ( .BOTH. , #3614 ) ;
#3614 = SURFACE_SIDE_STYLE ('',( #3615 ) ) ;
#3615 = SURFACE_STYLE_FILL_AREA ( #3616 ) ;
#3616 = FILL_AREA_STYLE ('',( #3617 ) ) ;
#3617 = FILL_AREA_STYLE_COLOUR ( '', #3618 ) ;
#3618 = COLOUR_RGB ( '',0.9882352941176471000, 1.000000000000000000, 0.9882352941176471000 ) ;
#3619 = DIRECTION ( 'NONE',  ( 0.0000000000000000000, 0.0000000000000000000, 1.000000000000000000 ) ) ;
#3620 = DIRECTION ( 'NONE',  ( -0.0000000000000000000, -1.000000000000000000, -0.0000000000000000000 ) ) ;
#3621 = AXIS2_PLACEMENT_3D ( 'NONE', #3630, #3620, #3619 ) ;
#3622 = CIRCLE ( 'NONE', #3621, 0.01500000000000001200 ) ;
#3623 = FACE_OUTER_BOUND ( 'NONE', #783, .T. ) ;
#3624 = CARTESIAN_POINT ( 'NONE',  ( -0.06749999999999997700, 0.03199999999999999400, -0.2259999999999999200 ) ) ;
#3625 = CARTESIAN_POINT ( 'NONE',  ( -0.1250000000000000000, 0.2440000000000000200, 0.4898068386359021300 ) ) ;
#3626 = CARTESIAN_POINT ( 'NONE',  ( -0.07499999999999992800, 0.02000000000000000000, -0.2109999999999999400 ) ) ;
#3627 = CARTESIAN_POINT ( 'NONE',  ( 0.07499999999999995600, 0.02000000000000000000, -0.2109999999999999400 ) ) ;
#3628 =( GEOMETRIC_REPRESENTATION_CONTEXT ( 3 ) GLOBAL_UNCERTAINTY_ASSIGNED_CONTEXT ( ( #3629 ) ) GLOBAL_UNIT_ASSIGNED_CONTEXT ( ( #3448, #3447, #3611 ) ) REPRESENTATION_CONTEXT ( 'NONE', 'WORKASPACE' ) );
#3629 = UNCERTAINTY_MEASURE_WITH_UNIT (LENGTH_MEASURE( 1.000000000000000100E-005 ), #3448, 'distance_accuracy_value', 'NONE');
#3630 = CARTESIAN_POINT ( 'NONE',  ( 0.1725000000000000100, 0.1130000000000000200, -0.1729999999999999300 ) ) ;
#3631 = CARTESIAN_POINT ( 'NONE',  ( 0.1874999999999999700, 0.1130000000000000200, -0.1729999999999999300 ) ) ;
#3632 = DIRECTION ( 'NONE',  ( 0.0000000000000000000, 1.000000000000000000, 0.0000000000000000000 ) ) ;
#3633 = VECTOR ( 'NONE', #3632, 39.37007874015748100 ) ;
#3634 = CARTESIAN_POINT ( 'NONE',  ( 0.1875000000000000300, 0.1100000000000000300, -0.1729999999999999300 ) ) ;
#3635 = LINE ( 'NONE', #3634, #3633 ) ;
#3636 = DIRECTION ( 'NONE',  ( -1.000000000000000000, 0.0000000000000000000, 0.0000000000000000000 ) ) ;
#3637 = DIRECTION ( 'NONE',  ( 0.0000000000000000000, 0.0000000000000000000, -1.000000000000000000 ) ) ;
#3638 = CARTESIAN_POINT ( 'NONE',  ( 0.08999999999999998300, 0.03500000000000005200, -0.2259999999999999500 ) ) ;
#3639 =( GEOMETRIC_REPRESENTATION_CONTEXT ( 3 ) GLOBAL_UNCERTAINTY_ASSIGNED_CONTEXT ( ( #3640 ) ) GLOBAL_UNIT_ASSIGNED_CONTEXT ( ( #3643, #3642, #3641 ) ) REPRESENTATION_CONTEXT ( 'NONE', 'WORKASPACE' ) );
#3640 = UNCERTAINTY_MEASURE_WITH_UNIT (LENGTH_MEASURE( 1.000000000000000100E-005 ), #3643, 'distance_accuracy_value', 'NONE');
#3641 =( NAMED_UNIT ( * ) SI_UNIT ( $, .STERADIAN. ) SOLID_ANGLE_UNIT ( ) );
#3642 =( NAMED_UNIT ( * ) PLANE_ANGLE_UNIT ( ) SI_UNIT ( $, .RADIAN. ) );
#3643 =( CONVERSION_BASED_UNIT ( 'INCH', #3644 ) LENGTH_UNIT ( ) NAMED_UNIT ( #3645 ) );
#3644 = LENGTH_MEASURE_WITH_UNIT ( LENGTH_MEASURE( 0.02539999999999999900 ), #3646 );
#3645 = DIMENSIONAL_EXPONENTS ( 1.000000000000000000, 0.0000000000000000000, 0.0000000000000000000, 0.0000000000000000000, 0.0000000000000000000, 0.0000000000000000000, 0.0000000000000000000 ) ;
#3646 =( LENGTH_UNIT ( ) NAMED_UNIT ( * ) SI_UNIT ( $, .METRE. ) );
#3647 = MECHANICAL_DESIGN_GEOMETRIC_PRESENTATION_REPRESENTATION (  '', ( #3649 ), #3639 ) ;
#3648 = PRESENTATION_LAYER_ASSIGNMENT (  '', '', ( #3649 ) ) ;
#3649 = STYLED_ITEM ( 'NONE', ( #3650 ), #760 ) ;
#3650 = PRESENTATION_STYLE_ASSIGNMENT (( #3651 ) ) ;
#3651 = SURFACE_STYLE_USAGE ( .BOTH. , #3652 ) ;
#3652 = SURFACE_SIDE_STYLE ('',( #3653 ) ) ;
#3653 = SURFACE_STYLE_FILL_AREA ( #3654 ) ;
#3654 = FILL_AREA_STYLE ('',( #3724 ) ) ;
#3655 = COLOUR_RGB ( '',0.9882352941176471000, 1.000000000000000000, 0.9882352941176471000 ) ;
#3656 = CARTESIAN_POINT ( 'NONE',  ( 0.07499999999999999700, 0.03500000000000000300, -0.2109999999999999400 ) ) ;
#3657 = AXIS2_PLACEMENT_3D ( 'NONE', #3656, #3637, #3636 ) ;
#3658 = CYLINDRICAL_SURFACE ( 'NONE', #3657, 0.01500000000000000300 ) ;
#3659 =( GEOMETRIC_REPRESENTATION_CONTEXT ( 3 ) GLOBAL_UNCERTAINTY_ASSIGNED_CONTEXT ( ( #3660 ) ) GLOBAL_UNIT_ASSIGNED_CONTEXT ( ( #3663, #3662, #3661 ) ) REPRESENTATION_CONTEXT ( 'NONE', 'WORKASPACE' ) );
#3660 = UNCERTAINTY_MEASURE_WITH_UNIT (LENGTH_MEASURE( 1.000000000000000100E-005 ), #3663, 'distance_accuracy_value', 'NONE');
#3661 =( NAMED_UNIT ( * ) SI_UNIT ( $, .STERADIAN. ) SOLID_ANGLE_UNIT ( ) );
#3662 =( NAMED_UNIT ( * ) PLANE_ANGLE_UNIT ( ) SI_UNIT ( $, .RADIAN. ) );
#3663 =( CONVERSION_BASED_UNIT ( 'INCH', #3664 ) LENGTH_UNIT ( ) NAMED_UNIT ( #3665 ) );
#3664 = LENGTH_MEASURE_WITH_UNIT ( LENGTH_MEASURE( 0.02539999999999999900 ), #3666 );
#3665 = DIMENSIONAL_EXPONENTS ( 1.000000000000000000, 0.0000000000000000000, 0.0000000000000000000, 0.0000000000000000000, 0.0000000000000000000, 0.0000000000000000000, 0.0000000000000000000 ) ;
#3666 =( LENGTH_UNIT ( ) NAMED_UNIT ( * ) SI_UNIT ( $, .METRE. ) );
#3667 = MECHANICAL_DESIGN_GEOMETRIC_PRESENTATION_REPRESENTATION (  '', ( #3669 ), #3659 ) ;
#3668 = PRESENTATION_LAYER_ASSIGNMENT (  '', '', ( #3669 ) ) ;
#3669 = STYLED_ITEM ( 'NONE', ( #3670 ), #769 ) ;
#3670 = PRESENTATION_STYLE_ASSIGNMENT (( #3671 ) ) ;
#3671 = SURFACE_STYLE_USAGE ( .BOTH. , #3672 ) ;
#3672 = SURFACE_SIDE_STYLE ('',( #3673 ) ) ;
#3673 = SURFACE_STYLE_FILL_AREA ( #3674 ) ;
#3674 = FILL_AREA_STYLE ('',( #3680 ) ) ;
#3675 = COLOUR_RGB ( '',0.9882352941176471000, 1.000000000000000000, 0.9882352941176471000 ) ;
#3676 = FACE_OUTER_BOUND ( 'NONE', #770, .T. ) ;
#3677 = DIRECTION ( 'NONE',  ( 1.000000000000000000, 0.0000000000000000000, -0.0000000000000000000 ) ) ;
#3678 = VECTOR ( 'NONE', #3677, 39.37007874015748100 ) ;
#3679 = CARTESIAN_POINT ( 'NONE',  ( -0.1925000000000002000, 0.1130000000000000200, -0.1879999999999999700 ) ) ;
#3680 = FILL_AREA_STYLE_COLOUR ( '', #3675 ) ;
#3681 = LINE ( 'NONE', #3679, #3678 ) ;
#3682 = DIRECTION ( 'NONE',  ( -0.0000000000000000000, -1.000000000000000000, -0.0000000000000000000 ) ) ;
#3683 = VECTOR ( 'NONE', #3682, 39.37007874015748100 ) ;
#3684 = CARTESIAN_POINT ( 'NONE',  ( 0.08999999999999998300, 0.1100000000000000300, -0.1879999999999999700 ) ) ;
#3685 = LINE ( 'NONE', #3684, #3683 ) ;
#3686 = DIRECTION ( 'NONE',  ( -1.000000000000000000, 0.0000000000000000000, -0.0000000000000000000 ) ) ;
#3687 = DIRECTION ( 'NONE',  ( 0.0000000000000000000, 0.0000000000000000000, -1.000000000000000000 ) ) ;
#3688 = CARTESIAN_POINT ( 'NONE',  ( -0.1875000000000000300, 0.1100000000000000300, -0.1879999999999999700 ) ) ;
#3689 = AXIS2_PLACEMENT_3D ( 'NONE', #3688, #3687, #3686 ) ;
#3690 = PLANE ( 'NONE',  #3689 ) ;
#3691 = UNCERTAINTY_MEASURE_WITH_UNIT (LENGTH_MEASURE( 1.000000000000000100E-005 ), #3694, 'distance_accuracy_value', 'NONE');
#3692 =( NAMED_UNIT ( * ) SI_UNIT ( $, .STERADIAN. ) SOLID_ANGLE_UNIT ( ) );
#3693 =( NAMED_UNIT ( * ) PLANE_ANGLE_UNIT ( ) SI_UNIT ( $, .RADIAN. ) );
#3694 =( CONVERSION_BASED_UNIT ( 'INCH', #3695 ) LENGTH_UNIT ( ) NAMED_UNIT ( #3696 ) );
#3695 = LENGTH_MEASURE_WITH_UNIT ( LENGTH_MEASURE( 0.02539999999999999900 ), #3697 );
#3696 = DIMENSIONAL_EXPONENTS ( 1.000000000000000000, 0.0000000000000000000, 0.0000000000000000000, 0.0000000000000000000, 0.0000000000000000000, 0.0000000000000000000, 0.0000000000000000000 ) ;
#3697 =( LENGTH_UNIT ( ) NAMED_UNIT ( * ) SI_UNIT ( $, .METRE. ) );
#3698 = MECHANICAL_DESIGN_GEOMETRIC_PRESENTATION_REPRESENTATION (  '', ( #3700 ), #3795 ) ;
#3699 = PRESENTATION_LAYER_ASSIGNMENT (  '', '', ( #3700 ) ) ;
#3700 = STYLED_ITEM ( 'NONE', ( #3701 ), #731 ) ;
#3701 = PRESENTATION_STYLE_ASSIGNMENT (( #3702 ) ) ;
#3702 = SURFACE_STYLE_USAGE ( .BOTH. , #3703 ) ;
#3703 = SURFACE_SIDE_STYLE ('',( #3704 ) ) ;
#3704 = SURFACE_STYLE_FILL_AREA ( #3705 ) ;
#3705 = FILL_AREA_STYLE ('',( #3712 ) ) ;
#3706 = COLOUR_RGB ( '',0.9882352941176471000, 1.000000000000000000, 0.9882352941176471000 ) ;
#3707 = FACE_BOUND ( 'NONE', #589, .T. ) ;
#3708 = FACE_OUTER_BOUND ( 'NONE', #732, .T. ) ;
#3709 = DIRECTION ( 'NONE',  ( 0.0000000000000000000, 0.0000000000000000000, 1.000000000000000000 ) ) ;
#3710 = VECTOR ( 'NONE', #3709, 39.37007874015748100 ) ;
#3711 = CARTESIAN_POINT ( 'NONE',  ( -0.1250000000000000000, 0.06200000000000001300, 0.4908305537887148700 ) ) ;
#3712 = FILL_AREA_STYLE_COLOUR ( '', #3706 ) ;
#3713 = DIRECTION ( 'NONE',  ( -1.000000000000000000, 0.0000000000000000000, 0.0000000000000000000 ) ) ;
#3714 = DIRECTION ( 'NONE',  ( 0.0000000000000000000, 0.0000000000000000000, -1.000000000000000000 ) ) ;
#3715 = CARTESIAN_POINT ( 'NONE',  ( 0.07499999999999999700, 0.03500000000000000300, -0.2259999999999999500 ) ) ;
#3716 = AXIS2_PLACEMENT_3D ( 'NONE', #3715, #3714, #3713 ) ;
#3717 = CIRCLE ( 'NONE', #3716, 0.01500000000000000300 ) ;
#3718 = LINE ( 'NONE', #3711, #3710 ) ;
#3719 = CARTESIAN_POINT ( 'NONE',  ( 0.07499999999999995600, 0.02000000000000000000, -0.2259999999999999500 ) ) ;
#3720 = DIRECTION ( 'NONE',  ( -0.0000000000000000000, -1.000000000000000000, -0.0000000000000000000 ) ) ;
#3721 = VECTOR ( 'NONE', #3720, 39.37007874015748100 ) ;
#3722 = CARTESIAN_POINT ( 'NONE',  ( 0.06749999999999999100, 0.1100000000000000300, -0.2259999999999999500 ) ) ;
#3723 = LINE ( 'NONE', #3722, #3721 ) ;
#3724 = FILL_AREA_STYLE_COLOUR ( '', #3655 ) ;
#3725 = DIRECTION ( 'NONE',  ( 0.0000000000000000000, 0.0000000000000000000, 1.000000000000000000 ) ) ;
#3726 = DIRECTION ( 'NONE',  ( -0.0000000000000000000, -1.000000000000000000, -0.0000000000000000000 ) ) ;
#3727 = CARTESIAN_POINT ( 'NONE',  ( -0.1725000000000000100, 0.1130000000000000200, -0.1729999999999999600 ) ) ;
#3728 = AXIS2_PLACEMENT_3D ( 'NONE', #3727, #3726, #3725 ) ;
#3729 = CIRCLE ( 'NONE', #3728, 0.01500000000000001200 ) ;
#3730 = FACE_OUTER_BOUND ( 'NONE', #763, .T. ) ;
#3731 = CARTESIAN_POINT ( 'NONE',  ( -0.1725000000000000100, 0.1130000000000000200, -0.1879999999999999700 ) ) ;
#3732 = DIRECTION ( 'NONE',  ( 0.0000000000000000000, 1.000000000000000000, 0.0000000000000000000 ) ) ;
#3733 = VECTOR ( 'NONE', #3732, 39.37007874015748100 ) ;
#3734 = CARTESIAN_POINT ( 'NONE',  ( -0.1725000000000000100, 0.1100000000000000300, -0.1879999999999999700 ) ) ;
#3735 = LINE ( 'NONE', #3734, #3733 ) ;
#3736 = DIRECTION ( 'NONE',  ( 0.0000000000000000000, 0.0000000000000000000, 1.000000000000000000 ) ) ;
#3737 = DIRECTION ( 'NONE',  ( 0.0000000000000000000, 1.000000000000000000, 0.0000000000000000000 ) ) ;
#3738 = CARTESIAN_POINT ( 'NONE',  ( 0.1725000000000000100, 0.1100000000000000300, -0.1729999999999999300 ) ) ;
#3739 = AXIS2_PLACEMENT_3D ( 'NONE', #3738, #3737, #3736 ) ;
#3740 = CYLINDRICAL_SURFACE ( 'NONE', #3739, 0.01500000000000001200 ) ;
#3741 =( GEOMETRIC_REPRESENTATION_CONTEXT ( 3 ) GLOBAL_UNCERTAINTY_ASSIGNED_CONTEXT ( ( #3742 ) ) GLOBAL_UNIT_ASSIGNED_CONTEXT ( ( #3745, #3744, #3743 ) ) REPRESENTATION_CONTEXT ( 'NONE', 'WORKASPACE' ) );
#3742 = UNCERTAINTY_MEASURE_WITH_UNIT (LENGTH_MEASURE( 1.000000000000000100E-005 ), #3745, 'distance_accuracy_value', 'NONE');
#3743 =( NAMED_UNIT ( * ) SI_UNIT ( $, .STERADIAN. ) SOLID_ANGLE_UNIT ( ) );
#3744 =( NAMED_UNIT ( * ) PLANE_ANGLE_UNIT ( ) SI_UNIT ( $, .RADIAN. ) );
#3745 =( CONVERSION_BASED_UNIT ( 'INCH', #3746 ) LENGTH_UNIT ( ) NAMED_UNIT ( #3747 ) );
#3746 = LENGTH_MEASURE_WITH_UNIT ( LENGTH_MEASURE( 0.02539999999999999900 ), #3748 );
#3747 = DIMENSIONAL_EXPONENTS ( 1.000000000000000000, 0.0000000000000000000, 0.0000000000000000000, 0.0000000000000000000, 0.0000000000000000000, 0.0000000000000000000, 0.0000000000000000000 ) ;
#3748 =( LENGTH_UNIT ( ) NAMED_UNIT ( * ) SI_UNIT ( $, .METRE. ) );
#3749 = MECHANICAL_DESIGN_GEOMETRIC_PRESENTATION_REPRESENTATION (  '', ( #3751 ), #3741 ) ;
#3750 = PRESENTATION_LAYER_ASSIGNMENT (  '', '', ( #3751 ) ) ;
#3751 = STYLED_ITEM ( 'NONE', ( #3752 ), #752 ) ;
#3752 = PRESENTATION_STYLE_ASSIGNMENT (( #3753 ) ) ;
#3753 = SURFACE_STYLE_USAGE ( .BOTH. , #3754 ) ;
#3754 = SURFACE_SIDE_STYLE ('',( #3755 ) ) ;
#3755 = SURFACE_STYLE_FILL_AREA ( #3756 ) ;
#3756 = FILL_AREA_STYLE ('',( #3763 ) ) ;
#3757 = COLOUR_RGB ( '',0.9882352941176471000, 1.000000000000000000, 0.9882352941176471000 ) ;
#3758 = FACE_OUTER_BOUND ( 'NONE', #790, .T. ) ;
#3759 = DIRECTION ( 'NONE',  ( -0.0000000000000000000, -1.000000000000000000, -0.0000000000000000000 ) ) ;
#3760 = VECTOR ( 'NONE', #3759, 39.37007874015748100 ) ;
#3761 = CARTESIAN_POINT ( 'NONE',  ( -0.1250000000000000000, 0.06200000000000001300, 0.4908305537887147600 ) ) ;
#3762 = LINE ( 'NONE', #3761, #3760 ) ;
#3763 = FILL_AREA_STYLE_COLOUR ( '', #3757 ) ;
#3764 = DIRECTION ( 'NONE',  ( 1.000000000000000000, -0.0000000000000000000, 0.0000000000000000000 ) ) ;
#3765 = VECTOR ( 'NONE', #3764, 39.37007874015748100 ) ;
#3766 = CARTESIAN_POINT ( 'NONE',  ( -0.08999999999999999700, 0.03199999999999999400, -0.2259999999999999500 ) ) ;
#3767 = LINE ( 'NONE', #3766, #3765 ) ;
#3768 = DIRECTION ( 'NONE',  ( 0.0000000000000000000, 1.000000000000000000, 0.0000000000000000000 ) ) ;
#3769 = VECTOR ( 'NONE', #3768, 39.37007874015748100 ) ;
#3770 = CARTESIAN_POINT ( 'NONE',  ( -0.06749999999999997700, 0.1100000000000000300, -0.2259999999999999500 ) ) ;
#3771 = LINE ( 'NONE', #3770, #3769 ) ;
#3772 = PLANE ( 'NONE',  #3773 ) ;
#3773 = AXIS2_PLACEMENT_3D ( 'NONE', #3802, #3801, #3800 ) ;
#3774 = CARTESIAN_POINT ( 'NONE',  ( -0.07499999999999992800, 0.02000000000000000000, -0.2259999999999999500 ) ) ;
#3775 = DIRECTION ( 'NONE',  ( -1.000000000000000000, 0.0000000000000000000, -0.0000000000000000000 ) ) ;
#3776 = VECTOR ( 'NONE', #3775, 39.37007874015748100 ) ;
#3777 = CARTESIAN_POINT ( 'NONE',  ( -0.005712583075000198100, 0.02611701467561548800, -0.2259999999999999500 ) ) ;
#3778 = LINE ( 'NONE', #3777, #3776 ) ;
#3779 = CARTESIAN_POINT ( 'NONE',  ( 0.06749999999999999100, 0.09800000000000001800, -0.2259999999999999500 ) ) ;
#3780 = DIRECTION ( 'NONE',  ( -1.000000000000000000, 0.0000000000000000000, 0.0000000000000000000 ) ) ;
#3781 = DIRECTION ( 'NONE',  ( 0.0000000000000000000, 0.0000000000000000000, -1.000000000000000000 ) ) ;
#3782 = CARTESIAN_POINT ( 'NONE',  ( -0.07499999999999999700, 0.03500000000000000300, -0.2259999999999999500 ) ) ;
#3783 = AXIS2_PLACEMENT_3D ( 'NONE', #3782, #3781, #3780 ) ;
#3784 = CIRCLE ( 'NONE', #3783, 0.01500000000000000300 ) ;
#3785 = CARTESIAN_POINT ( 'NONE',  ( -0.06749999999999999100, 0.09800000000000001800, -0.2259999999999999500 ) ) ;
#3786 = DIRECTION ( 'NONE',  ( 1.000000000000000000, -0.0000000000000000000, 0.0000000000000000000 ) ) ;
#3787 = VECTOR ( 'NONE', #3786, 39.37007874015748100 ) ;
#3788 = CARTESIAN_POINT ( 'NONE',  ( -0.08999999999999999700, 0.03199999999999999400, -0.2259999999999999500 ) ) ;
#3789 = LINE ( 'NONE', #3788, #3787 ) ;
#3790 = DIRECTION ( 'NONE',  ( 0.0000000000000000000, -0.0000000000000000000, -1.000000000000000000 ) ) ;
#3791 = DIRECTION ( 'NONE',  ( 0.0000000000000000000, -1.000000000000000000, 0.0000000000000000000 ) ) ;
#3792 = CARTESIAN_POINT ( 'NONE',  ( 0.06250000000000000000, 0.01499999999999999900, 0.7688305537887146800 ) ) ;
#3793 = AXIS2_PLACEMENT_3D ( 'NONE', #3792, #3791, #3790 ) ;
#3794 = PLANE ( 'NONE',  #3793 ) ;
#3795 =( GEOMETRIC_REPRESENTATION_CONTEXT ( 3 ) GLOBAL_UNCERTAINTY_ASSIGNED_CONTEXT ( ( #3691 ) ) GLOBAL_UNIT_ASSIGNED_CONTEXT ( ( #3694, #3693, #3692 ) ) REPRESENTATION_CONTEXT ( 'NONE', 'WORKASPACE' ) );
#3796 = DIRECTION ( 'NONE',  ( -1.000000000000000000, 0.0000000000000000000, -0.0000000000000000000 ) ) ;
#3797 = VECTOR ( 'NONE', #3796, 39.37007874015748100 ) ;
#3798 = CARTESIAN_POINT ( 'NONE',  ( -0.1688427527050620500, 0.02000000000000000000, -0.2109999999999999400 ) ) ;
#3799 = LINE ( 'NONE', #3798, #3797 ) ;
#3800 = DIRECTION ( 'NONE',  ( 0.0000000000000000000, -0.0000000000000000000, -1.000000000000000000 ) ) ;
#3801 = DIRECTION ( 'NONE',  ( 0.0000000000000000000, -1.000000000000000000, 0.0000000000000000000 ) ) ;
#3802 = CARTESIAN_POINT ( 'NONE',  ( -0.1688427527050620500, 0.02000000000000000000, -0.2109999999999999400 ) ) ;
#3803 =( CONVERSION_BASED_UNIT ( 'INCH', #3804 ) LENGTH_UNIT ( ) NAMED_UNIT ( #3868 ) );
#3804 = LENGTH_MEASURE_WITH_UNIT ( LENGTH_MEASURE( 0.02539999999999999900 ), #3842 );
#3805 = CARTESIAN_POINT ( 'NONE',  ( 0.1874999999999999700, 0.1130000000000000200, 0.2959999999999999900 ) ) ;
#3806 = DIRECTION ( 'NONE',  ( -0.0000000000000000000, 1.000000000000000000, 0.0000000000000000000 ) ) ;
#3807 = VECTOR ( 'NONE', #3806, 39.37007874015748100 ) ;
#3808 = CARTESIAN_POINT ( 'NONE',  ( 0.1874999999999999400, 0.1100000000000000300, 0.2960000000000000400 ) ) ;
#3809 = DIRECTION ( 'NONE',  ( 0.0000000000000000000, 0.0000000000000000000, -1.000000000000000000 ) ) ;
#3810 = DIRECTION ( 'NONE',  ( 1.000000000000000000, -0.0000000000000000000, 0.0000000000000000000 ) ) ;
#3811 = LINE ( 'NONE', #3808, #3807 ) ;
#3812 = PRESENTATION_LAYER_ASSIGNMENT (  '', '', ( #3813 ) ) ;
#3813 = STYLED_ITEM ( 'NONE', ( #3612 ), #782 ) ;
#3814 = CARTESIAN_POINT ( 'NONE',  ( 0.08999999999999998300, 0.1100000000000000300, -0.1879999999999999700 ) ) ;
#3815 = LINE ( 'NONE', #3814, #3904 ) ;
#3816 = FILL_AREA_STYLE_COLOUR ( '', #3901 ) ;
#3817 = CARTESIAN_POINT ( 'NONE',  ( 0.08999999999999998300, 0.1100000000000000300, -0.2059999999999999600 ) ) ;
#3818 = DIRECTION ( 'NONE',  ( -0.0000000000000000000, -1.000000000000000000, -0.0000000000000000000 ) ) ;
#3819 = VECTOR ( 'NONE', #3818, 39.37007874015748100 ) ;
#3820 = CARTESIAN_POINT ( 'NONE',  ( 0.08999999999999998300, 0.1100000000000000300, -0.2059999999999999600 ) ) ;
#3821 = LINE ( 'NONE', #3820, #3819 ) ;
#3822 = CARTESIAN_POINT ( 'NONE',  ( 0.08999999999999999700, 0.1130000000000000200, -0.2059999999999999600 ) ) ;
#3823 = DIRECTION ( 'NONE',  ( 0.0000000000000000000, -0.0000000000000000000, 1.000000000000000000 ) ) ;
#3824 = VECTOR ( 'NONE', #3823, 39.37007874015748100 ) ;
#3825 = CARTESIAN_POINT ( 'NONE',  ( 0.08999999999999999700, 0.1130000000000000200, -0.3319999999999999600 ) ) ;
#3826 = LINE ( 'NONE', #3825, #3824 ) ;
#3827 = CARTESIAN_POINT ( 'NONE',  ( -0.1875000000000000300, 0.1130000000000000200, 0.2959999999999999900 ) ) ;
#3828 = DIRECTION ( 'NONE',  ( 0.0000000000000000000, 1.000000000000000000, -0.0000000000000000000 ) ) ;
#3829 = VECTOR ( 'NONE', #3828, 39.37007874015748100 ) ;
#3830 = CARTESIAN_POINT ( 'NONE',  ( -0.1875000000000000300, 0.1100000000000000300, 0.2959999999999999900 ) ) ;
#3831 = LINE ( 'NONE', #3830, #3829 ) ;
#3832 = DIRECTION ( 'NONE',  ( 1.000000000000000000, 0.0000000000000000000, -0.0000000000000000000 ) ) ;
#3833 = DIRECTION ( 'NONE',  ( 0.0000000000000000000, 0.0000000000000000000, 1.000000000000000000 ) ) ;
#3834 = CARTESIAN_POINT ( 'NONE',  ( -0.1875000000000000300, 0.1100000000000000300, 0.2960000000000000400 ) ) ;
#3835 = AXIS2_PLACEMENT_3D ( 'NONE', #3834, #3833, #3832 ) ;
#3836 = PLANE ( 'NONE',  #3835 ) ;
#3837 =( GEOMETRIC_REPRESENTATION_CONTEXT ( 3 ) GLOBAL_UNCERTAINTY_ASSIGNED_CONTEXT ( ( #3838 ) ) GLOBAL_UNIT_ASSIGNED_CONTEXT ( ( #3872, #3871, #3870 ) ) REPRESENTATION_CONTEXT ( 'NONE', 'WORKASPACE' ) );
#3838 = UNCERTAINTY_MEASURE_WITH_UNIT (LENGTH_MEASURE( 1.000000000000000100E-005 ), #3872, 'distance_accuracy_value', 'NONE');
#3839 = UNCERTAINTY_MEASURE_WITH_UNIT (LENGTH_MEASURE( 1.000000000000000100E-005 ), #3803, 'distance_accuracy_value', 'NONE');
#3840 =( NAMED_UNIT ( * ) SI_UNIT ( $, .STERADIAN. ) SOLID_ANGLE_UNIT ( ) );
#3841 =( NAMED_UNIT ( * ) PLANE_ANGLE_UNIT ( ) SI_UNIT ( $, .RADIAN. ) );
#3842 =( LENGTH_UNIT ( ) NAMED_UNIT ( * ) SI_UNIT ( $, .METRE. ) );
#3843 =( NAMED_UNIT ( * ) PLANE_ANGLE_UNIT ( ) SI_UNIT ( $, .RADIAN. ) );
#3844 =( CONVERSION_BASED_UNIT ( 'INCH', #3845 ) LENGTH_UNIT ( ) NAMED_UNIT ( #3846 ) );
#3845 = LENGTH_MEASURE_WITH_UNIT ( LENGTH_MEASURE( 0.02539999999999999900 ), #3847 );
#3846 = DIMENSIONAL_EXPONENTS ( 1.000000000000000000, 0.0000000000000000000, 0.0000000000000000000, 0.0000000000000000000, 0.0000000000000000000, 0.0000000000000000000, 0.0000000000000000000 ) ;
#3847 =( LENGTH_UNIT ( ) NAMED_UNIT ( * ) SI_UNIT ( $, .METRE. ) );
#3848 = MECHANICAL_DESIGN_GEOMETRIC_PRESENTATION_REPRESENTATION (  '', ( #3850 ), #4131 ) ;
#3849 = PRESENTATION_LAYER_ASSIGNMENT (  '', '', ( #3850 ) ) ;
#3850 = STYLED_ITEM ( 'NONE', ( #3851 ), #820 ) ;
#3851 = PRESENTATION_STYLE_ASSIGNMENT (( #3852 ) ) ;
#3852 = SURFACE_STYLE_USAGE ( .BOTH. , #3853 ) ;
#3853 = SURFACE_SIDE_STYLE ('',( #3854 ) ) ;
#3854 = SURFACE_STYLE_FILL_AREA ( #3855 ) ;
#3855 = FILL_AREA_STYLE ('',( #3862 ) ) ;
#3856 = COLOUR_RGB ( '',0.9882352941176471000, 1.000000000000000000, 0.9882352941176471000 ) ;
#3857 = FACE_OUTER_BOUND ( 'NONE', #821, .T. ) ;
#3858 = DIRECTION ( 'NONE',  ( 4.493171042210962000E-016, 0.0000000000000000000, -1.000000000000000000 ) ) ;
#3859 = VECTOR ( 'NONE', #3858, 39.37007874015748100 ) ;
#3860 = CARTESIAN_POINT ( 'NONE',  ( 0.08999999999999998300, 0.03500000000000010700, -0.1879999999999999700 ) ) ;
#3861 = LINE ( 'NONE', #3860, #3859 ) ;
#3862 = FILL_AREA_STYLE_COLOUR ( '', #3856 ) ;
#3863 = DIRECTION ( 'NONE',  ( -1.000000000000000000, 0.0000000000000000000, 0.0000000000000000000 ) ) ;
#3864 = DIRECTION ( 'NONE',  ( -0.0000000000000000000, -0.0000000000000000000, 1.000000000000000000 ) ) ;
#3865 = CARTESIAN_POINT ( 'NONE',  ( 0.07499999999999999700, 0.03500000000000000300, -0.2259999999999999500 ) ) ;
#3866 = AXIS2_PLACEMENT_3D ( 'NONE', #3865, #3864, #3863 ) ;
#3867 = DIRECTION ( 'NONE',  ( 0.0000000000000000000, -0.0000000000000000000, 1.000000000000000000 ) ) ;
#3868 = DIMENSIONAL_EXPONENTS ( 1.000000000000000000, 0.0000000000000000000, 0.0000000000000000000, 0.0000000000000000000, 0.0000000000000000000, 0.0000000000000000000, 0.0000000000000000000 ) ;
#3869 = MECHANICAL_DESIGN_GEOMETRIC_PRESENTATION_REPRESENTATION (  '', ( #3813 ), #3923 ) ;
#3870 =( NAMED_UNIT ( * ) SI_UNIT ( $, .STERADIAN. ) SOLID_ANGLE_UNIT ( ) );
#3871 =( NAMED_UNIT ( * ) PLANE_ANGLE_UNIT ( ) SI_UNIT ( $, .RADIAN. ) );
#3872 =( CONVERSION_BASED_UNIT ( 'INCH', #3873 ) LENGTH_UNIT ( ) NAMED_UNIT ( #3874 ) );
#3873 = LENGTH_MEASURE_WITH_UNIT ( LENGTH_MEASURE( 0.02539999999999999900 ), #3875 );
#3874 = DIMENSIONAL_EXPONENTS ( 1.000000000000000000, 0.0000000000000000000, 0.0000000000000000000, 0.0000000000000000000, 0.0000000000000000000, 0.0000000000000000000, 0.0000000000000000000 ) ;
#3875 =( LENGTH_UNIT ( ) NAMED_UNIT ( * ) SI_UNIT ( $, .METRE. ) );
#3876 = MECHANICAL_DESIGN_GEOMETRIC_PRESENTATION_REPRESENTATION (  '', ( #3878 ), #3837 ) ;
#3877 = PRESENTATION_LAYER_ASSIGNMENT (  '', '', ( #3878 ) ) ;
#3878 = STYLED_ITEM ( 'NONE', ( #3879 ), #794 ) ;
#3879 = PRESENTATION_STYLE_ASSIGNMENT (( #3907 ) ) ;
#3880 = DIRECTION ( 'NONE',  ( 0.0000000000000000000, 1.000000000000000000, 0.0000000000000000000 ) ) ;
#3881 = CARTESIAN_POINT ( 'NONE',  ( 0.1875000000000000300, 0.1100000000000000300, -0.1879999999999999700 ) ) ;
#3882 = AXIS2_PLACEMENT_3D ( 'NONE', #3881, #3880, #3867 ) ;
#3883 = CIRCLE ( 'NONE', #3866, 0.01500000000000000300 ) ;
#3884 = PLANE ( 'NONE',  #3882 ) ;
#3885 =( GEOMETRIC_REPRESENTATION_CONTEXT ( 3 ) GLOBAL_UNCERTAINTY_ASSIGNED_CONTEXT ( ( #3886 ) ) GLOBAL_UNIT_ASSIGNED_CONTEXT ( ( #3889, #3888, #3887 ) ) REPRESENTATION_CONTEXT ( 'NONE', 'WORKASPACE' ) );
#3886 = UNCERTAINTY_MEASURE_WITH_UNIT (LENGTH_MEASURE( 1.000000000000000100E-005 ), #3889, 'distance_accuracy_value', 'NONE');
#3887 =( NAMED_UNIT ( * ) SI_UNIT ( $, .STERADIAN. ) SOLID_ANGLE_UNIT ( ) );
#3888 =( NAMED_UNIT ( * ) PLANE_ANGLE_UNIT ( ) SI_UNIT ( $, .RADIAN. ) );
#3889 =( CONVERSION_BASED_UNIT ( 'INCH', #3890 ) LENGTH_UNIT ( ) NAMED_UNIT ( #3891 ) );
#3890 = LENGTH_MEASURE_WITH_UNIT ( LENGTH_MEASURE( 0.02539999999999999900 ), #3892 );
#3891 = DIMENSIONAL_EXPONENTS ( 1.000000000000000000, 0.0000000000000000000, 0.0000000000000000000, 0.0000000000000000000, 0.0000000000000000000, 0.0000000000000000000, 0.0000000000000000000 ) ;
#3892 =( LENGTH_UNIT ( ) NAMED_UNIT ( * ) SI_UNIT ( $, .METRE. ) );
#3893 = MECHANICAL_DESIGN_GEOMETRIC_PRESENTATION_REPRESENTATION (  '', ( #3895 ), #3885 ) ;
#3894 = PRESENTATION_LAYER_ASSIGNMENT (  '', '', ( #3895 ) ) ;
#3895 = STYLED_ITEM ( 'NONE', ( #3896 ), #814 ) ;
#3896 = PRESENTATION_STYLE_ASSIGNMENT (( #3897 ) ) ;
#3897 = SURFACE_STYLE_USAGE ( .BOTH. , #3898 ) ;
#3898 = SURFACE_SIDE_STYLE ('',( #3899 ) ) ;
#3899 = SURFACE_STYLE_FILL_AREA ( #3900 ) ;
#3900 = FILL_AREA_STYLE ('',( #3816 ) ) ;
#3901 = COLOUR_RGB ( '',0.9882352941176471000, 1.000000000000000000, 0.9882352941176471000 ) ;
#3902 = FACE_OUTER_BOUND ( 'NONE', #815, .T. ) ;
#3903 = DIRECTION ( 'NONE',  ( -0.0000000000000000000, 0.0000000000000000000, -1.000000000000000000 ) ) ;
#3904 = VECTOR ( 'NONE', #3903, 39.37007874015748100 ) ;
#3905 = COLOUR_RGB ( '',0.9882352941176471000, 1.000000000000000000, 0.9882352941176471000 ) ;
#3906 = FACE_OUTER_BOUND ( 'NONE', #795, .T. ) ;
#3907 = SURFACE_STYLE_USAGE ( .BOTH. , #3908 ) ;
#3908 = SURFACE_SIDE_STYLE ('',( #3909 ) ) ;
#3909 = SURFACE_STYLE_FILL_AREA ( #3910 ) ;
#3910 = FILL_AREA_STYLE ('',( #3915 ) ) ;
#3911 = DIRECTION ( 'NONE',  ( 0.0000000000000000000, -0.0000000000000000000, 1.000000000000000000 ) ) ;
#3912 = VECTOR ( 'NONE', #3911, 39.37007874015748100 ) ;
#3913 = CARTESIAN_POINT ( 'NONE',  ( 0.1874999999999999700, 0.1130000000000000200, -0.3319999999999999600 ) ) ;
#3914 = LINE ( 'NONE', #3913, #3912 ) ;
#3915 = FILL_AREA_STYLE_COLOUR ( '', #3905 ) ;
#3916 = DIRECTION ( 'NONE',  ( 0.0000000000000000000, 1.000000000000000000, 0.0000000000000000000 ) ) ;
#3917 = VECTOR ( 'NONE', #3916, 39.37007874015748100 ) ;
#3918 = CARTESIAN_POINT ( 'NONE',  ( 0.1725000000000000100, 0.1100000000000000300, -0.1879999999999999400 ) ) ;
#3919 = LINE ( 'NONE', #3918, #3917 ) ;
#3920 = PLANE ( 'NONE',  #3922 ) ;
#3921 = CARTESIAN_POINT ( 'NONE',  ( 0.1875000000000000300, 0.1100000000000000300, 0.2960000000000000400 ) ) ;
#3922 = AXIS2_PLACEMENT_3D ( 'NONE', #3921, #3810, #3809 ) ;
#3923 =( GEOMETRIC_REPRESENTATION_CONTEXT ( 3 ) GLOBAL_UNCERTAINTY_ASSIGNED_CONTEXT ( ( #3839 ) ) GLOBAL_UNIT_ASSIGNED_CONTEXT ( ( #3803, #3841, #3840 ) ) REPRESENTATION_CONTEXT ( 'NONE', 'WORKASPACE' ) );
#3924 = UNCERTAINTY_MEASURE_WITH_UNIT (LENGTH_MEASURE( 1.000000000000000100E-005 ), #3927, 'distance_accuracy_value', 'NONE');
#3925 =( NAMED_UNIT ( * ) SI_UNIT ( $, .STERADIAN. ) SOLID_ANGLE_UNIT ( ) );
#3926 =( NAMED_UNIT ( * ) PLANE_ANGLE_UNIT ( ) SI_UNIT ( $, .RADIAN. ) );
#3927 =( CONVERSION_BASED_UNIT ( 'INCH', #3928 ) LENGTH_UNIT ( ) NAMED_UNIT ( #3929 ) );
#3928 = LENGTH_MEASURE_WITH_UNIT ( LENGTH_MEASURE( 0.02539999999999999900 ), #3930 );
#3929 = DIMENSIONAL_EXPONENTS ( 1.000000000000000000, 0.0000000000000000000, 0.0000000000000000000, 0.0000000000000000000, 0.0000000000000000000, 0.0000000000000000000, 0.0000000000000000000 ) ;
#3930 =( LENGTH_UNIT ( ) NAMED_UNIT ( * ) SI_UNIT ( $, .METRE. ) );
#3931 = MECHANICAL_DESIGN_GEOMETRIC_PRESENTATION_REPRESENTATION (  '', ( #3933 ), #4258 ) ;
#3932 = PRESENTATION_LAYER_ASSIGNMENT (  '', '', ( #3933 ) ) ;
#3933 = STYLED_ITEM ( 'NONE', ( #3934 ), #905 ) ;
#3934 = PRESENTATION_STYLE_ASSIGNMENT (( #3935 ) ) ;
#3935 = SURFACE_STYLE_USAGE ( .BOTH. , #3936 ) ;
#3936 = SURFACE_SIDE_STYLE ('',( #3937 ) ) ;
#3937 = SURFACE_STYLE_FILL_AREA ( #3938 ) ;
#3938 = FILL_AREA_STYLE ('',( #3946 ) ) ;
#3939 = COLOUR_RGB ( '',0.9882352941176471000, 1.000000000000000000, 0.9882352941176471000 ) ;
#3940 = FACE_OUTER_BOUND ( 'NONE', #887, .T. ) ;
#3941 = DIRECTION ( 'NONE',  ( 0.0000000000000000000, 0.0000000000000000000, 1.000000000000000000 ) ) ;
#3942 = DIRECTION ( 'NONE',  ( -0.0000000000000000000, -1.000000000000000000, -0.0000000000000000000 ) ) ;
#3943 = CARTESIAN_POINT ( 'NONE',  ( -0.1725000000000000100, 0.1280000000000000000, -0.1729999999999999600 ) ) ;
#3944 = AXIS2_PLACEMENT_3D ( 'NONE', #3943, #3942, #3941 ) ;
#3945 = CIRCLE ( 'NONE', #3944, 0.01500000000000001200 ) ;
#3946 = FILL_AREA_STYLE_COLOUR ( '', #3939 ) ;
#3947 = CARTESIAN_POINT ( 'NONE',  ( -0.08999999999999999700, 0.1100000000000000000, -0.2109999999999999100 ) ) ;
#3948 = CARTESIAN_POINT ( 'NONE',  ( 0.08999999999999999700, 0.1100000000000000300, -0.2109999999999999400 ) ) ;
#3949 = DIRECTION ( 'NONE',  ( -1.000000000000000000, -0.0000000000000000000, 0.0000000000000000000 ) ) ;
#3950 = VECTOR ( 'NONE', #3949, 39.37007874015748100 ) ;
#3951 = CARTESIAN_POINT ( 'NONE',  ( 0.1875000000000000300, 0.1100000000000000300, -0.2109999999999999400 ) ) ;
#3952 = LINE ( 'NONE', #3951, #3950 ) ;
#3953 = DIRECTION ( 'NONE',  ( -1.000000000000000000, 0.0000000000000000000, -0.0000000000000000000 ) ) ;
#3954 = DIRECTION ( 'NONE',  ( 0.0000000000000000000, 0.0000000000000000000, -1.000000000000000000 ) ) ;
#3955 = CARTESIAN_POINT ( 'NONE',  ( -0.1688427527050620500, 0.07400000000000002400, -0.2109999999999999400 ) ) ;
#3956 = AXIS2_PLACEMENT_3D ( 'NONE', #3955, #3954, #3953 ) ;
#3957 = DIRECTION ( 'NONE',  ( 0.0000000000000000000, 0.0000000000000000000, -1.000000000000000000 ) ) ;
#3958 = DIRECTION ( 'NONE',  ( 1.000000000000000000, -0.0000000000000000000, 0.0000000000000000000 ) ) ;
#3959 = CARTESIAN_POINT ( 'NONE',  ( 0.1925000000000000600, 0.1130000000000000200, 0.3079999999999999400 ) ) ;
#3960 = CARTESIAN_POINT ( 'NONE',  ( 0.1925000000000000600, 0.1130000000000000200, -0.3320000000000000200 ) ) ;
#3961 = AXIS2_PLACEMENT_3D ( 'NONE', #3959, #3958, #3957 ) ;
#3962 = PLANE ( 'NONE',  #3961 ) ;
#3963 = FACE_OUTER_BOUND ( 'NONE', #853, .T. ) ;
#3964 = DIRECTION ( 'NONE',  ( 1.000000000000000000, 0.0000000000000000000, -0.0000000000000000000 ) ) ;
#3965 = VECTOR ( 'NONE', #3964, 39.37007874015748100 ) ;
#3966 = CARTESIAN_POINT ( 'NONE',  ( -0.1925000000000002000, 0.1130000000000000200, 0.3080000000000000500 ) ) ;
#3967 = LINE ( 'NONE', #3966, #3965 ) ;
#3968 = CARTESIAN_POINT ( 'NONE',  ( 0.1604871931088236400, 0.2560000000000000100, 0.6008305537887146400 ) ) ;
#3969 = DIRECTION ( 'NONE',  ( 0.0000000000000000000, -1.000000000000000000, 0.0000000000000000000 ) ) ;
#3970 = VECTOR ( 'NONE', #3969, 39.37007874015748100 ) ;
#3971 = CARTESIAN_POINT ( 'NONE',  ( 0.1604871931088236200, 0.2560000000000000100, 0.6008305537887146400 ) ) ;
#3972 = LINE ( 'NONE', #3971, #3970 ) ;
#3973 = DIRECTION ( 'NONE',  ( -1.000000000000000000, 0.0000000000000000000, 1.821231995776175500E-016 ) ) ;
#3974 = VECTOR ( 'NONE', #3973, 39.37007874015748100 ) ;
#3975 = CARTESIAN_POINT ( 'NONE',  ( -0.1874999999999999400, 0.0000000000000000000, 0.6008305537887147500 ) ) ;
#3976 = LINE ( 'NONE', #3975, #3974 ) ;
#3977 = CARTESIAN_POINT ( 'NONE',  ( 0.1325000000000000600, 0.0000000000000000000, 0.6008305537887146400 ) ) ;
#3978 = DIRECTION ( 'NONE',  ( 0.0000000000000000000, 1.000000000000000000, 0.0000000000000000000 ) ) ;
#3979 = VECTOR ( 'NONE', #3978, 39.37007874015748100 ) ;
#3980 = CARTESIAN_POINT ( 'NONE',  ( 0.1325000000000000600, 0.2560000000000000100, 0.6008305537887146400 ) ) ;
#3981 = LINE ( 'NONE', #3980, #3979 ) ;
#3982 = CARTESIAN_POINT ( 'NONE',  ( -0.005712583075000199900, 0.05000685359385529500, -0.2059999999999999600 ) ) ;
#3983 = DIRECTION ( 'NONE',  ( -0.0000000000000000000, -0.6946583704589989200, 0.7193398003386495300 ) ) ;
#3984 = VECTOR ( 'NONE', #3983, 39.37007874015748900 ) ;
#3985 = CARTESIAN_POINT ( 'NONE',  ( -0.005712583075000198100, 0.04847271408220150300, -0.2044113520300986100 ) ) ;
#3986 = LINE ( 'NONE', #3985, #3984 ) ;
#3987 =( LENGTH_UNIT ( ) NAMED_UNIT ( * ) SI_UNIT ( $, .METRE. ) );
#3988 = MECHANICAL_DESIGN_GEOMETRIC_PRESENTATION_REPRESENTATION (  '', ( #3990 ), #4114 ) ;
#3989 = PRESENTATION_LAYER_ASSIGNMENT (  '', '', ( #3990 ) ) ;
#3990 = STYLED_ITEM ( 'NONE', ( #3991 ), #872 ) ;
#3991 = PRESENTATION_STYLE_ASSIGNMENT (( #3992 ) ) ;
#3992 = SURFACE_STYLE_USAGE ( .BOTH. , #3993 ) ;
#3993 = SURFACE_SIDE_STYLE ('',( #3994 ) ) ;
#3994 = SURFACE_STYLE_FILL_AREA ( #3995 ) ;
#3995 = FILL_AREA_STYLE ('',( #3996 ) ) ;
#3996 = FILL_AREA_STYLE_COLOUR ( '', #3997 ) ;
#3997 = COLOUR_RGB ( '',0.9882352941176471000, 1.000000000000000000, 0.9882352941176471000 ) ;
#3998 = FACE_OUTER_BOUND ( 'NONE', #929, .T. ) ;
#3999 = CARTESIAN_POINT ( 'NONE',  ( 0.06749999999999999100, 0.2560000000000000100, 0.6008305537887145300 ) ) ;
#4000 = DIRECTION ( 'NONE',  ( 1.000000000000000000, 0.0000000000000000000, -0.0000000000000000000 ) ) ;
#4001 = VECTOR ( 'NONE', #4000, 39.37007874015748100 ) ;
#4002 = CARTESIAN_POINT ( 'NONE',  ( 0.0000000000000000000, 0.2560000000000000100, 0.6008305537887146400 ) ) ;
#4003 = LINE ( 'NONE', #4002, #4001 ) ;
#4004 = DIRECTION ( 'NONE',  ( 5.335640612625514600E-016, 0.0000000000000000000, 1.000000000000000000 ) ) ;
#4005 = DIRECTION ( 'NONE',  ( -1.000000000000000000, 0.0000000000000000000, 5.335640612625514600E-016 ) ) ;
#4006 = CARTESIAN_POINT ( 'NONE',  ( -0.1924999999999998700, 0.1130000000000000200, 0.3079999999999999400 ) ) ;
#4007 = AXIS2_PLACEMENT_3D ( 'NONE', #4006, #4005, #4004 ) ;
#4008 = PLANE ( 'NONE',  #4007 ) ;
#4009 = FACE_OUTER_BOUND ( 'NONE', #862, .T. ) ;
#4010 = CARTESIAN_POINT ( 'NONE',  ( -0.3642534678752420400, 0.1750000000000000200, -0.1603851961399807600 ) ) ;
#4011 = CARTESIAN_POINT ( 'NONE',  ( -0.3693941290559866800, 0.2021949474582164200, -0.1487101556292368400 ) ) ;
#4012 = CARTESIAN_POINT ( 'NONE',  ( -0.3739679746959436200, 0.2292157468577902000, -0.1368016332874607600 ) ) ;
#4013 = CARTESIAN_POINT ( 'NONE',  ( -0.3779644425713626400, 0.2560000000000000100, -0.1246871290539610400 ) ) ;
#4014 =( BOUNDED_CURVE ( )  B_SPLINE_CURVE ( 3, ( #4013, #4012, #4011, #4010 ),
 .UNSPECIFIED., .F., .T. ) 
 B_SPLINE_CURVE_WITH_KNOTS ( ( 4, 4 ),
 ( 1.365846958680908600, 1.461965843149520400 ),
 .UNSPECIFIED. ) 
 CURVE ( )  GEOMETRIC_REPRESENTATION_ITEM ( )  RATIONAL_B_SPLINE_CURVE ( ( 1.000000000000000000, 0.9992302448470846700, 0.9992302448470846700, 1.000000000000000000 ) ) 
 REPRESENTATION_ITEM ( '' )  );
#4015 = CARTESIAN_POINT ( 'NONE',  ( 0.1604871931088236400, 0.0000000000000000000, 0.6008305537887146400 ) ) ;
#4016 = PLANE ( 'NONE',  #3956 ) ;
#4017 =( GEOMETRIC_REPRESENTATION_CONTEXT ( 3 ) GLOBAL_UNCERTAINTY_ASSIGNED_CONTEXT ( ( #4018 ) ) GLOBAL_UNIT_ASSIGNED_CONTEXT ( ( #4021, #4020, #4019 ) ) REPRESENTATION_CONTEXT ( 'NONE', 'WORKASPACE' ) );
#4018 = UNCERTAINTY_MEASURE_WITH_UNIT (LENGTH_MEASURE( 1.000000000000000100E-005 ), #4021, 'distance_accuracy_value', 'NONE');
#4019 =( NAMED_UNIT ( * ) SI_UNIT ( $, .STERADIAN. ) SOLID_ANGLE_UNIT ( ) );
#4020 =( NAMED_UNIT ( * ) PLANE_ANGLE_UNIT ( ) SI_UNIT ( $, .RADIAN. ) );
#4021 =( CONVERSION_BASED_UNIT ( 'INCH', #4022 ) LENGTH_UNIT ( ) NAMED_UNIT ( #4023 ) );
#4022 = LENGTH_MEASURE_WITH_UNIT ( LENGTH_MEASURE( 0.02539999999999999900 ), #4024 );
#4023 = DIMENSIONAL_EXPONENTS ( 1.000000000000000000, 0.0000000000000000000, 0.0000000000000000000, 0.0000000000000000000, 0.0000000000000000000, 0.0000000000000000000, 0.0000000000000000000 ) ;
#4024 =( LENGTH_UNIT ( ) NAMED_UNIT ( * ) SI_UNIT ( $, .METRE. ) );
#4025 = MECHANICAL_DESIGN_GEOMETRIC_PRESENTATION_REPRESENTATION (  '', ( #4027 ), #4017 ) ;
#4026 = PRESENTATION_LAYER_ASSIGNMENT (  '', '', ( #4027 ) ) ;
#4027 = STYLED_ITEM ( 'NONE', ( #4028 ), #894 ) ;
#4028 = PRESENTATION_STYLE_ASSIGNMENT (( #4029 ) ) ;
#4029 = SURFACE_STYLE_USAGE ( .BOTH. , #4030 ) ;
#4030 = SURFACE_SIDE_STYLE ('',( #4031 ) ) ;
#4031 = SURFACE_STYLE_FILL_AREA ( #4032 ) ;
#4032 = FILL_AREA_STYLE ('',( #4040 ) ) ;
#4033 = COLOUR_RGB ( '',0.9882352941176471000, 1.000000000000000000, 0.9882352941176471000 ) ;
#4034 = FACE_OUTER_BOUND ( 'NONE', #899, .T. ) ;
#4035 = FACE_BOUND ( 'NONE', #995, .T. ) ;
#4036 = DIRECTION ( 'NONE',  ( -0.0000000000000000000, 0.0000000000000000000, -1.000000000000000000 ) ) ;
#4037 = VECTOR ( 'NONE', #4036, 39.37007874015748100 ) ;
#4038 = CARTESIAN_POINT ( 'NONE',  ( 0.08999999999999998300, 0.1280000000000000000, -0.1879999999999999700 ) ) ;
#4039 = LINE ( 'NONE', #4038, #4037 ) ;
#4040 = FILL_AREA_STYLE_COLOUR ( '', #4033 ) ;
#4041 = PLANE ( 'NONE',  #4142 ) ;
#4042 =( GEOMETRIC_REPRESENTATION_CONTEXT ( 3 ) GLOBAL_UNCERTAINTY_ASSIGNED_CONTEXT ( ( #4043 ) ) GLOBAL_UNIT_ASSIGNED_CONTEXT ( ( #4046, #4045, #4044 ) ) REPRESENTATION_CONTEXT ( 'NONE', 'WORKASPACE' ) );
#4043 = UNCERTAINTY_MEASURE_WITH_UNIT (LENGTH_MEASURE( 1.000000000000000100E-005 ), #4046, 'distance_accuracy_value', 'NONE');
#4044 =( NAMED_UNIT ( * ) SI_UNIT ( $, .STERADIAN. ) SOLID_ANGLE_UNIT ( ) );
#4045 =( NAMED_UNIT ( * ) PLANE_ANGLE_UNIT ( ) SI_UNIT ( $, .RADIAN. ) );
#4046 =( CONVERSION_BASED_UNIT ( 'INCH', #4047 ) LENGTH_UNIT ( ) NAMED_UNIT ( #4048 ) );
#4047 = LENGTH_MEASURE_WITH_UNIT ( LENGTH_MEASURE( 0.02539999999999999900 ), #4049 );
#4048 = DIMENSIONAL_EXPONENTS ( 1.000000000000000000, 0.0000000000000000000, 0.0000000000000000000, 0.0000000000000000000, 0.0000000000000000000, 0.0000000000000000000, 0.0000000000000000000 ) ;
#4049 =( LENGTH_UNIT ( ) NAMED_UNIT ( * ) SI_UNIT ( $, .METRE. ) );
#4050 = MECHANICAL_DESIGN_GEOMETRIC_PRESENTATION_REPRESENTATION (  '', ( #4052 ), #4042 ) ;
#4051 = PRESENTATION_LAYER_ASSIGNMENT (  '', '', ( #4052 ) ) ;
#4052 = STYLED_ITEM ( 'NONE', ( #4053 ), #834 ) ;
#4053 = PRESENTATION_STYLE_ASSIGNMENT (( #4054 ) ) ;
#4054 = SURFACE_STYLE_USAGE ( .BOTH. , #4055 ) ;
#4055 = SURFACE_SIDE_STYLE ('',( #4056 ) ) ;
#4056 = SURFACE_STYLE_FILL_AREA ( #4057 ) ;
#4057 = FILL_AREA_STYLE ('',( #4064 ) ) ;
#4058 = COLOUR_RGB ( '',0.9882352941176471000, 1.000000000000000000, 0.9882352941176471000 ) ;
#4059 = FACE_OUTER_BOUND ( 'NONE', #835, .T. ) ;
#4060 = DIRECTION ( 'NONE',  ( -1.000000000000000000, -0.0000000000000000000, 0.0000000000000000000 ) ) ;
#4061 = VECTOR ( 'NONE', #4060, 39.37007874015748100 ) ;
#4062 = CARTESIAN_POINT ( 'NONE',  ( -0.1324999999999999800, 0.1100000000000000300, -0.2059999999999999600 ) ) ;
#4063 = LINE ( 'NONE', #4062, #4061 ) ;
#4064 = FILL_AREA_STYLE_COLOUR ( '', #4058 ) ;
#4065 = DIRECTION ( 'NONE',  ( -0.0000000000000000000, 0.0000000000000000000, -1.000000000000000000 ) ) ;
#4066 = VECTOR ( 'NONE', #4065, 39.37007874015748100 ) ;
#4067 = CARTESIAN_POINT ( 'NONE',  ( 0.08999999999999999700, 0.1130000000000000200, -0.3319999999999999600 ) ) ;
#4068 = LINE ( 'NONE', #4067, #4066 ) ;
#4069 = CARTESIAN_POINT ( 'NONE',  ( -0.08999999999999999700, 0.03500000000000005200, -0.2109999999999999400 ) ) ;
#4070 = DIRECTION ( 'NONE',  ( 0.0000000000000000000, 1.000000000000000000, -0.0000000000000000000 ) ) ;
#4071 = VECTOR ( 'NONE', #4070, 39.37007874015748100 ) ;
#4072 = CARTESIAN_POINT ( 'NONE',  ( -0.08999999999999999700, 0.1100000000000000300, -0.2109999999999999400 ) ) ;
#4073 = LINE ( 'NONE', #4072, #4071 ) ;
#4074 = DIRECTION ( 'NONE',  ( -0.0000000000000000000, -1.000000000000000000, -0.0000000000000000000 ) ) ;
#4075 = VECTOR ( 'NONE', #4074, 39.37007874015748100 ) ;
#4076 = CARTESIAN_POINT ( 'NONE',  ( 0.08999999999999999700, 0.1100000000000000300, -0.2109999999999999400 ) ) ;
#4077 = LINE ( 'NONE', #4076, #4075 ) ;
#4078 = CARTESIAN_POINT ( 'NONE',  ( 0.08999999999999999700, 0.03500000000000005200, -0.2109999999999999400 ) ) ;
#4079 = DIRECTION ( 'NONE',  ( 0.0000000000000000000, 1.000000000000000000, 0.0000000000000000000 ) ) ;
#4080 = VECTOR ( 'NONE', #4079, 39.37007874015748100 ) ;
#4081 = CARTESIAN_POINT ( 'NONE',  ( 0.1925000000000000600, 0.1130000000000000200, -0.3320000000000000200 ) ) ;
#4082 = LINE ( 'NONE', #4081, #4080 ) ;
#4083 = DIRECTION ( 'NONE',  ( 0.0000000000000000000, 0.0000000000000000000, -1.000000000000000000 ) ) ;
#4084 = DIRECTION ( 'NONE',  ( 1.000000000000000000, -0.0000000000000000000, 0.0000000000000000000 ) ) ;
#4085 = CARTESIAN_POINT ( 'NONE',  ( 0.1325000000000000600, 0.06200000000000001300, 0.4908305537887147600 ) ) ;
#4086 = AXIS2_PLACEMENT_3D ( 'NONE', #4085, #4084, #4083 ) ;
#4087 = PLANE ( 'NONE',  #4086 ) ;
#4088 = FACE_OUTER_BOUND ( 'NONE', #857, .T. ) ;
#4089 = CARTESIAN_POINT ( 'NONE',  ( 0.06749999999999999100, 0.06200000000000000000, 0.4908305537887147100 ) ) ;
#4090 = DIRECTION ( 'NONE',  ( -1.138269997360108400E-016, 0.0000000000000000000, -1.000000000000000000 ) ) ;
#4091 = DIRECTION ( 'NONE',  ( 1.000000000000000000, 0.0000000000000000000, -1.138269997360108400E-016 ) ) ;
#4092 = CARTESIAN_POINT ( 'NONE',  ( 0.06749999999999999100, 0.06200000000000001300, 0.5258305537887145700 ) ) ;
#4093 = AXIS2_PLACEMENT_3D ( 'NONE', #4092, #4091, #4090 ) ;
#4094 = PLANE ( 'NONE',  #4093 ) ;
#4095 = FACE_OUTER_BOUND ( 'NONE', #878, .T. ) ;
#4096 = DIRECTION ( 'NONE',  ( 0.0000000000000000000, -0.0000000000000000000, 1.000000000000000000 ) ) ;
#4097 = VECTOR ( 'NONE', #4096, 39.37007874015748100 ) ;
#4098 = CARTESIAN_POINT ( 'NONE',  ( 0.06749999999999999100, 0.2560000000000000100, 0.0000000000000000000 ) ) ;
#4099 = LINE ( 'NONE', #4098, #4097 ) ;
#4100 = DIRECTION ( 'NONE',  ( 0.0000000000000000000, 1.000000000000000000, 0.0000000000000000000 ) ) ;
#4101 = VECTOR ( 'NONE', #4100, 39.37007874015748100 ) ;
#4102 = CARTESIAN_POINT ( 'NONE',  ( 0.06749999999999999100, 0.2560000000000000100, 0.6008305537887146400 ) ) ;
#4103 = LINE ( 'NONE', #4102, #4101 ) ;
#4104 = DIRECTION ( 'NONE',  ( 0.0000000000000000000, 0.0000000000000000000, 1.000000000000000000 ) ) ;
#4105 = DIRECTION ( 'NONE',  ( -0.0000000000000000000, -1.000000000000000000, -0.0000000000000000000 ) ) ;
#4106 = CARTESIAN_POINT ( 'NONE',  ( 0.0000000000000000000, 0.2560000000000000100, 0.0000000000000000000 ) ) ;
#4107 = AXIS2_PLACEMENT_3D ( 'NONE', #4106, #4105, #4104 ) ;
#4108 = DIRECTION ( 'NONE',  ( -1.000000000000000000, 0.0000000000000000000, -0.0000000000000000000 ) ) ;
#4109 = DIRECTION ( 'NONE',  ( 0.0000000000000000000, 0.0000000000000000000, -1.000000000000000000 ) ) ;
#4110 = CARTESIAN_POINT ( 'NONE',  ( 0.1875000000000000300, 0.1100000000000000300, -0.1879999999999999700 ) ) ;
#4111 = AXIS2_PLACEMENT_3D ( 'NONE', #4110, #4109, #4108 ) ;
#4112 = CIRCLE ( 'NONE', #4107, 0.3980000000000000200 ) ;
#4113 = PLANE ( 'NONE',  #4111 ) ;
#4114 =( GEOMETRIC_REPRESENTATION_CONTEXT ( 3 ) GLOBAL_UNCERTAINTY_ASSIGNED_CONTEXT ( ( #4115 ) ) GLOBAL_UNIT_ASSIGNED_CONTEXT ( ( #4118, #4117, #4116 ) ) REPRESENTATION_CONTEXT ( 'NONE', 'WORKASPACE' ) );
#4115 = UNCERTAINTY_MEASURE_WITH_UNIT (LENGTH_MEASURE( 1.000000000000000100E-005 ), #4118, 'distance_accuracy_value', 'NONE');
#4116 =( NAMED_UNIT ( * ) SI_UNIT ( $, .STERADIAN. ) SOLID_ANGLE_UNIT ( ) );
#4117 =( NAMED_UNIT ( * ) PLANE_ANGLE_UNIT ( ) SI_UNIT ( $, .RADIAN. ) );
#4118 =( CONVERSION_BASED_UNIT ( 'INCH', #4119 ) LENGTH_UNIT ( ) NAMED_UNIT ( #4120 ) );
#4119 = LENGTH_MEASURE_WITH_UNIT ( LENGTH_MEASURE( 0.02539999999999999900 ), #3987 );
#4120 = DIMENSIONAL_EXPONENTS ( 1.000000000000000000, 0.0000000000000000000, 0.0000000000000000000, 0.0000000000000000000, 0.0000000000000000000, 0.0000000000000000000, 0.0000000000000000000 ) ;
#4121 = CARTESIAN_POINT ( 'NONE',  ( 0.08999999999999998300, 0.1130000000000000200, -0.2259999999999999200 ) ) ;
#4122 = DIRECTION ( 'NONE',  ( 0.0000000000000000000, 1.000000000000000000, 0.0000000000000000000 ) ) ;
#4123 = VECTOR ( 'NONE', #4122, 39.37007874015748100 ) ;
#4124 = CARTESIAN_POINT ( 'NONE',  ( 0.08999999999999996900, 0.2560000000000000100, -0.2259999999999999500 ) ) ;
#4125 = LINE ( 'NONE', #4124, #4123 ) ;
#4126 = DIRECTION ( 'NONE',  ( 4.493171042210962000E-016, 0.0000000000000000000, -1.000000000000000000 ) ) ;
#4127 = DIRECTION ( 'NONE',  ( 1.000000000000000000, -0.0000000000000000000, 4.493171042210962000E-016 ) ) ;
#4128 = CARTESIAN_POINT ( 'NONE',  ( 0.08999999999999998300, 0.1100000000000000300, -0.1879999999999999700 ) ) ;
#4129 = AXIS2_PLACEMENT_3D ( 'NONE', #4128, #4127, #4126 ) ;
#4130 = PLANE ( 'NONE',  #4129 ) ;
#4131 =( GEOMETRIC_REPRESENTATION_CONTEXT ( 3 ) GLOBAL_UNCERTAINTY_ASSIGNED_CONTEXT ( ( #4132 ) ) GLOBAL_UNIT_ASSIGNED_CONTEXT ( ( #3844, #3843, #4133 ) ) REPRESENTATION_CONTEXT ( 'NONE', 'WORKASPACE' ) );
#4132 = UNCERTAINTY_MEASURE_WITH_UNIT (LENGTH_MEASURE( 1.000000000000000100E-005 ), #3844, 'distance_accuracy_value', 'NONE');
#4133 =( NAMED_UNIT ( * ) SI_UNIT ( $, .STERADIAN. ) SOLID_ANGLE_UNIT ( ) );
#4134 = CARTESIAN_POINT ( 'NONE',  ( -0.005712583075000198100, 0.04847271408220150300, -0.2044113520300986100 ) ) ;
#4135 = DIRECTION ( 'NONE',  ( 0.0000000000000000000, 0.7193398003386495300, 0.6946583704589989200 ) ) ;
#4136 = VECTOR ( 'NONE', #4135, 39.37007874015748900 ) ;
#4137 = CARTESIAN_POINT ( 'NONE',  ( -0.005712583075000198100, 0.03957718354096541300, -0.2130016660197238100 ) ) ;
#4138 = LINE ( 'NONE', #4137, #4136 ) ;
#4139 = DIRECTION ( 'NONE',  ( 0.0000000000000000000, 0.0000000000000000000, -1.000000000000000000 ) ) ;
#4140 = DIRECTION ( 'NONE',  ( 1.000000000000000000, -0.0000000000000000000, 0.0000000000000000000 ) ) ;
#4141 = CARTESIAN_POINT ( 'NONE',  ( -0.005712583075000198100, 0.07770088586054858800, -0.1761860346356157500 ) ) ;
#4142 = AXIS2_PLACEMENT_3D ( 'NONE', #4141, #4140, #4139 ) ;
#4143 = DIRECTION ( 'NONE',  ( -0.0000000000000000000, -1.000000000000000000, -0.0000000000000000000 ) ) ;
#4144 = VECTOR ( 'NONE', #4143, 39.37007874015748100 ) ;
#4145 = CARTESIAN_POINT ( 'NONE',  ( -0.08999999999999999700, 0.2560000000000000100, -0.2259999999999999500 ) ) ;
#4146 = LINE ( 'NONE', #4145, #4144 ) ;
#4147 = CARTESIAN_POINT ( 'NONE',  ( -0.08999999999999999700, 0.1130000000000000200, -0.2259999999999999200 ) ) ;
#4148 = DIRECTION ( 'NONE',  ( -4.493171042210962000E-016, -0.0000000000000000000, -1.000000000000000000 ) ) ;
#4149 = VECTOR ( 'NONE', #4148, 39.37007874015748100 ) ;
#4150 = CARTESIAN_POINT ( 'NONE',  ( -0.08999999999999998300, 0.1130000000000000200, -0.1879999999999999700 ) ) ;
#4151 = LINE ( 'NONE', #4150, #4149 ) ;
#4152 = DIRECTION ( 'NONE',  ( -0.0000000000000000000, -1.000000000000000000, -0.0000000000000000000 ) ) ;
#4153 = VECTOR ( 'NONE', #4152, 39.37007874015748100 ) ;
#4154 = CARTESIAN_POINT ( 'NONE',  ( -0.08999999999999998300, 0.1100000000000000300, -0.1879999999999999700 ) ) ;
#4155 = LINE ( 'NONE', #4154, #4153 ) ;
#4156 = CARTESIAN_POINT ( 'NONE',  ( -0.08999999999999996900, 0.1130000000000000200, -0.1879999999999999400 ) ) ;
#4157 = CARTESIAN_POINT ( 'NONE',  ( -0.08999999999999996900, 0.1130000000000000200, -0.2059999999999999600 ) ) ;
#4158 = DIRECTION ( 'NONE',  ( 4.493171042210962000E-016, 0.0000000000000000000, 1.000000000000000000 ) ) ;
#4159 = VECTOR ( 'NONE', #4158, 39.37007874015748100 ) ;
#4160 = CARTESIAN_POINT ( 'NONE',  ( -0.08999999999999998300, 0.1130000000000000200, -0.1879999999999999700 ) ) ;
#4161 = LINE ( 'NONE', #4160, #4159 ) ;
#4162 = DIRECTION ( 'NONE',  ( 4.493171042210962000E-016, 0.0000000000000000000, 1.000000000000000000 ) ) ;
#4163 = DIRECTION ( 'NONE',  ( -1.000000000000000000, 0.0000000000000000000, 4.493171042210962000E-016 ) ) ;
#4164 = CARTESIAN_POINT ( 'NONE',  ( -0.08999999999999998300, 0.1100000000000000300, -0.1879999999999999700 ) ) ;
#4165 = AXIS2_PLACEMENT_3D ( 'NONE', #4164, #4163, #4162 ) ;
#4166 = PLANE ( 'NONE',  #4165 ) ;
#4167 =( GEOMETRIC_REPRESENTATION_CONTEXT ( 3 ) GLOBAL_UNCERTAINTY_ASSIGNED_CONTEXT ( ( #4200 ) ) GLOBAL_UNIT_ASSIGNED_CONTEXT ( ( #4203, #4202, #4201 ) ) REPRESENTATION_CONTEXT ( 'NONE', 'WORKASPACE' ) );
#4168 = DIRECTION ( 'NONE',  ( 3.104372720073026900E-016, -0.0000000000000000000, -1.000000000000000000 ) ) ;
#4169 = VECTOR ( 'NONE', #4168, 39.37007874015748100 ) ;
#4170 = FACE_OUTER_BOUND ( 'NONE', #1046, .T. ) ;
#4171 = DIRECTION ( 'NONE',  ( -1.138269997360108400E-016, 0.0000000000000000000, 1.000000000000000000 ) ) ;
#4172 = DIRECTION ( 'NONE',  ( -1.000000000000000000, 0.0000000000000000000, -1.138269997360108400E-016 ) ) ;
#4173 =( CONVERSION_BASED_UNIT ( 'INCH', #5068 ) LENGTH_UNIT ( ) NAMED_UNIT ( #5069 ) );
#4174 = CARTESIAN_POINT ( 'NONE',  ( -0.06749999999999999100, 0.06200000000000001300, 0.5258305537887145700 ) ) ;
#4175 = AXIS2_PLACEMENT_3D ( 'NONE', #4174, #4172, #4171 ) ;
#4176 = FACE_OUTER_BOUND ( 'NONE', #1028, .T. ) ;
#4177 = DIRECTION ( 'NONE',  ( 0.0000000000000000000, 0.0000000000000000000, 1.000000000000000000 ) ) ;
#4178 = DIRECTION ( 'NONE',  ( -1.000000000000000000, 0.0000000000000000000, 0.0000000000000000000 ) ) ;
#4179 = CARTESIAN_POINT ( 'NONE',  ( -0.1325000000000000600, 0.06200000000000001300, 0.4908305537887147600 ) ) ;
#4180 = PLANE ( 'NONE',  #4175 ) ;
#4181 = AXIS2_PLACEMENT_3D ( 'NONE', #4179, #4178, #4177 ) ;
#4182 = PLANE ( 'NONE',  #4181 ) ;
#4183 = FACE_OUTER_BOUND ( 'NONE', #1041, .T. ) ;
#4184 = DIRECTION ( 'NONE',  ( 0.0000000000000000000, 1.000000000000000000, -0.0000000000000000000 ) ) ;
#4185 = VECTOR ( 'NONE', #4184, 39.37007874015748100 ) ;
#4186 = CARTESIAN_POINT ( 'NONE',  ( -0.08999999999999998300, 0.1100000000000000300, -0.2059999999999999600 ) ) ;
#4187 = LINE ( 'NONE', #4186, #4185 ) ;
#4188 = CARTESIAN_POINT ( 'NONE',  ( -0.08999999999999999700, 0.1100000000000000300, -0.2059999999999999600 ) ) ;
#4189 = DIRECTION ( 'NONE',  ( 0.0000000000000000000, -0.0000000000000000000, 1.000000000000000000 ) ) ;
#4190 = VECTOR ( 'NONE', #4189, 39.37007874015748100 ) ;
#4191 = CARTESIAN_POINT ( 'NONE',  ( -0.08999999999999999700, 0.1100000000000000300, -0.1879999999999999700 ) ) ;
#4192 = LINE ( 'NONE', #4191, #4190 ) ;
#4193 = DIRECTION ( 'NONE',  ( -1.000000000000000000, -0.0000000000000000000, -0.0000000000000000000 ) ) ;
#4194 = VECTOR ( 'NONE', #4193, 39.37007874015748100 ) ;
#4195 = CARTESIAN_POINT ( 'NONE',  ( 0.06250000000000000000, -2.561107494060246800E-017, 0.5228305537887147900 ) ) ;
#4196 = LINE ( 'NONE', #4195, #4194 ) ;
#4197 = CARTESIAN_POINT ( 'NONE',  ( -0.1325000000000000300, 0.0000000000000000000, 0.6008305537887147500 ) ) ;
#4198 = CARTESIAN_POINT ( 'NONE',  ( -0.06749999999999999100, 0.2560000000000000100, 0.6008305537887147500 ) ) ;
#4199 = CARTESIAN_POINT ( 'NONE',  ( -0.06749999999999999100, 0.03200000000000001500, 0.4908305537887147100 ) ) ;
#4200 = UNCERTAINTY_MEASURE_WITH_UNIT (LENGTH_MEASURE( 1.000000000000000100E-005 ), #4203, 'distance_accuracy_value', 'NONE');
#4201 =( NAMED_UNIT ( * ) SI_UNIT ( $, .STERADIAN. ) SOLID_ANGLE_UNIT ( ) );
#4202 =( NAMED_UNIT ( * ) PLANE_ANGLE_UNIT ( ) SI_UNIT ( $, .RADIAN. ) );
#4203 =( CONVERSION_BASED_UNIT ( 'INCH', #4204 ) LENGTH_UNIT ( ) NAMED_UNIT ( #4205 ) );
#4204 = LENGTH_MEASURE_WITH_UNIT ( LENGTH_MEASURE( 0.02539999999999999900 ), #4206 );
#4205 = DIMENSIONAL_EXPONENTS ( 1.000000000000000000, 0.0000000000000000000, 0.0000000000000000000, 0.0000000000000000000, 0.0000000000000000000, 0.0000000000000000000, 0.0000000000000000000 ) ;
#4206 =( LENGTH_UNIT ( ) NAMED_UNIT ( * ) SI_UNIT ( $, .METRE. ) );
#4207 = MECHANICAL_DESIGN_GEOMETRIC_PRESENTATION_REPRESENTATION (  '', ( #4209 ), #4167 ) ;
#4208 = PRESENTATION_LAYER_ASSIGNMENT (  '', '', ( #4209 ) ) ;
#4209 = STYLED_ITEM ( 'NONE', ( #4210 ), #976 ) ;
#4210 = PRESENTATION_STYLE_ASSIGNMENT (( #4211 ) ) ;
#4211 = SURFACE_STYLE_USAGE ( .BOTH. , #4212 ) ;
#4212 = SURFACE_SIDE_STYLE ('',( #4213 ) ) ;
#4213 = SURFACE_STYLE_FILL_AREA ( #4214 ) ;
#4214 = FILL_AREA_STYLE ('',( #4222 ) ) ;
#4215 = COLOUR_RGB ( '',0.9882352941176471000, 1.000000000000000000, 0.9882352941176471000 ) ;
#4216 = FACE_OUTER_BOUND ( 'NONE', #977, .T. ) ;
#4217 = DIRECTION ( 'NONE',  ( -1.000000000000000000, 0.0000000000000000000, 0.0000000000000000000 ) ) ;
#4218 = DIRECTION ( 'NONE',  ( -0.0000000000000000000, -0.0000000000000000000, 1.000000000000000000 ) ) ;
#4219 = CARTESIAN_POINT ( 'NONE',  ( -0.07499999999999999700, 0.03500000000000000300, -0.2259999999999999500 ) ) ;
#4220 = AXIS2_PLACEMENT_3D ( 'NONE', #4219, #4218, #4217 ) ;
#4221 = CIRCLE ( 'NONE', #4220, 0.01500000000000000300 ) ;
#4222 = FILL_AREA_STYLE_COLOUR ( '', #4215 ) ;
#4223 = CARTESIAN_POINT ( 'NONE',  ( -0.1875000000000000300, 0.1280000000000000000, -0.1729999999999999600 ) ) ;
#4224 = CARTESIAN_POINT ( 'NONE',  ( 0.1874999999999999700, 0.1280000000000000000, 0.2959999999999999900 ) ) ;
#4225 = DIRECTION ( 'NONE',  ( -0.0000000000000000000, -0.0000000000000000000, -1.000000000000000000 ) ) ;
#4226 = VECTOR ( 'NONE', #4225, 39.37007874015748100 ) ;
#4227 = CARTESIAN_POINT ( 'NONE',  ( -0.1875000000000000300, 0.1280000000000000000, 0.2960000000000000400 ) ) ;
#4228 = LINE ( 'NONE', #4227, #4226 ) ;
#4229 = CARTESIAN_POINT ( 'NONE',  ( -0.08999999999999999700, 0.03500000000000005200, -0.2259999999999999500 ) ) ;
#4230 = DIRECTION ( 'NONE',  ( 4.493171042210962000E-016, 0.0000000000000000000, 1.000000000000000000 ) ) ;
#4231 = VECTOR ( 'NONE', #4230, 39.37007874015748100 ) ;
#4232 = LINE ( 'NONE', #4381, #4380 ) ;
#4233 = CARTESIAN_POINT ( 'NONE',  ( -0.1924999999999999200, 0.1130000000000000200, 0.3079999999999999400 ) ) ;
#4234 = DIRECTION ( 'NONE',  ( 0.0000000000000000000, -1.000000000000000000, -0.0000000000000000000 ) ) ;
#4235 = VECTOR ( 'NONE', #4234, 39.37007874015748100 ) ;
#4236 = CARTESIAN_POINT ( 'NONE',  ( -0.1924999999999998700, 0.1130000000000000200, 0.3079999999999999400 ) ) ;
#4237 = LINE ( 'NONE', #4236, #4235 ) ;
#4238 = DIRECTION ( 'NONE',  ( -0.0000000000000000000, -1.000000000000000000, 0.0000000000000000000 ) ) ;
#4239 = VECTOR ( 'NONE', #4238, 39.37007874015748100 ) ;
#4240 = CARTESIAN_POINT ( 'NONE',  ( -0.1925000000000002000, 0.1130000000000000200, -0.3320000000000000200 ) ) ;
#4241 = LINE ( 'NONE', #4240, #4239 ) ;
#4242 = CARTESIAN_POINT ( 'NONE',  ( -0.3779644425713626400, 0.2560000000000000100, -0.1246871290539610400 ) ) ;
#4243 = DIRECTION ( 'NONE',  ( -0.0000000000000000000, 0.0000000000000000000, -1.000000000000000000 ) ) ;
#4244 = VECTOR ( 'NONE', #4243, 39.37007874015748100 ) ;
#4245 = CARTESIAN_POINT ( 'NONE',  ( 0.1925000000000000600, 0.1130000000000000200, -0.3319999999999999600 ) ) ;
#4246 = LINE ( 'NONE', #4245, #4244 ) ;
#4247 = CARTESIAN_POINT ( 'NONE',  ( 0.006653659606203120800, 0.07770088586054861600, -0.1761860346356157500 ) ) ;
#4248 = CARTESIAN_POINT ( 'NONE',  ( -0.005712583075000199000, 0.07770088586054861600, -0.1761860346356157500 ) ) ;
#4249 = DIRECTION ( 'NONE',  ( 1.000000000000000000, -0.0000000000000000000, 0.0000000000000000000 ) ) ;
#4250 = VECTOR ( 'NONE', #4249, 39.37007874015748100 ) ;
#4251 = CARTESIAN_POINT ( 'NONE',  ( -0.005712583075000198100, 0.07770088586054861600, -0.1761860346356157500 ) ) ;
#4252 = LINE ( 'NONE', #4251, #4250 ) ;
#4253 = DIRECTION ( 'NONE',  ( 0.0000000000000000000, 0.6946583704589989200, -0.7193398003386495300 ) ) ;
#4254 = DIRECTION ( 'NONE',  ( 0.0000000000000000000, -0.7193398003386496400, -0.6946583704589990300 ) ) ;
#4255 = CARTESIAN_POINT ( 'NONE',  ( 0.006653659606203120000, 0.07770088586054858800, -0.1761860346356157500 ) ) ;
#4256 = AXIS2_PLACEMENT_3D ( 'NONE', #4255, #4254, #4253 ) ;
#4257 = PLANE ( 'NONE',  #4256 ) ;
#4258 =( GEOMETRIC_REPRESENTATION_CONTEXT ( 3 ) GLOBAL_UNCERTAINTY_ASSIGNED_CONTEXT ( ( #3924 ) ) GLOBAL_UNIT_ASSIGNED_CONTEXT ( ( #3927, #3926, #3925 ) ) REPRESENTATION_CONTEXT ( 'NONE', 'WORKASPACE' ) );
#4259 = CARTESIAN_POINT ( 'NONE',  ( -0.08999999999999998300, 0.03500000000000010700, -0.1879999999999999700 ) ) ;
#4260 = LINE ( 'NONE', #4259, #4231 ) ;
#4261 = DIRECTION ( 'NONE',  ( -1.000000000000000000, 0.0000000000000000000, 0.0000000000000000000 ) ) ;
#4262 = DIRECTION ( 'NONE',  ( 0.0000000000000000000, 0.0000000000000000000, -1.000000000000000000 ) ) ;
#4263 = CARTESIAN_POINT ( 'NONE',  ( -0.07499999999999999700, 0.03500000000000000300, -0.2109999999999999400 ) ) ;
#4264 = AXIS2_PLACEMENT_3D ( 'NONE', #4263, #4262, #4261 ) ;
#4265 = CYLINDRICAL_SURFACE ( 'NONE', #4264, 0.01500000000000000300 ) ;
#4266 =( GEOMETRIC_REPRESENTATION_CONTEXT ( 3 ) GLOBAL_UNCERTAINTY_ASSIGNED_CONTEXT ( ( #4267 ) ) GLOBAL_UNIT_ASSIGNED_CONTEXT ( ( #4270, #4269, #4268 ) ) REPRESENTATION_CONTEXT ( 'NONE', 'WORKASPACE' ) );
#4267 = UNCERTAINTY_MEASURE_WITH_UNIT (LENGTH_MEASURE( 1.000000000000000100E-005 ), #4270, 'distance_accuracy_value', 'NONE');
#4268 =( NAMED_UNIT ( * ) SI_UNIT ( $, .STERADIAN. ) SOLID_ANGLE_UNIT ( ) );
#4269 =( NAMED_UNIT ( * ) PLANE_ANGLE_UNIT ( ) SI_UNIT ( $, .RADIAN. ) );
#4270 =( CONVERSION_BASED_UNIT ( 'INCH', #4271 ) LENGTH_UNIT ( ) NAMED_UNIT ( #4272 ) );
#4271 = LENGTH_MEASURE_WITH_UNIT ( LENGTH_MEASURE( 0.02539999999999999900 ), #4273 );
#4272 = DIMENSIONAL_EXPONENTS ( 1.000000000000000000, 0.0000000000000000000, 0.0000000000000000000, 0.0000000000000000000, 0.0000000000000000000, 0.0000000000000000000, 0.0000000000000000000 ) ;
#4273 =( LENGTH_UNIT ( ) NAMED_UNIT ( * ) SI_UNIT ( $, .METRE. ) );
#4274 = MECHANICAL_DESIGN_GEOMETRIC_PRESENTATION_REPRESENTATION (  '', ( #4276 ), #4266 ) ;
#4275 = PRESENTATION_LAYER_ASSIGNMENT (  '', '', ( #4276 ) ) ;
#4276 = STYLED_ITEM ( 'NONE', ( #4277 ), #962 ) ;
#4277 = PRESENTATION_STYLE_ASSIGNMENT (( #4278 ) ) ;
#4278 = SURFACE_STYLE_USAGE ( .BOTH. , #4279 ) ;
#4279 = SURFACE_SIDE_STYLE ('',( #4280 ) ) ;
#4280 = SURFACE_STYLE_FILL_AREA ( #4281 ) ;
#4281 = FILL_AREA_STYLE ('',( #4288 ) ) ;
#4282 = COLOUR_RGB ( '',0.9882352941176471000, 1.000000000000000000, 0.9882352941176471000 ) ;
#4283 = FACE_OUTER_BOUND ( 'NONE', #963, .T. ) ;
#4284 = DIRECTION ( 'NONE',  ( 0.0000000000000000000, 0.6946583704589981400, -0.7193398003386501900 ) ) ;
#4285 = VECTOR ( 'NONE', #4284, 39.37007874015748900 ) ;
#4286 = CARTESIAN_POINT ( 'NONE',  ( 0.006653659606203120000, 0.07770088586054858800, -0.1761860346356157500 ) ) ;
#4287 = LINE ( 'NONE', #4286, #4285 ) ;
#4288 = FILL_AREA_STYLE_COLOUR ( '', #4282 ) ;
#4289 = CARTESIAN_POINT ( 'NONE',  ( 0.006653659606203120800, 0.07978486097192559500, -0.1783440540366317000 ) ) ;
#4290 = DIRECTION ( 'NONE',  ( 1.000000000000000000, -0.0000000000000000000, 0.0000000000000000000 ) ) ;
#4291 = VECTOR ( 'NONE', #4290, 39.37007874015748100 ) ;
#4292 = CARTESIAN_POINT ( 'NONE',  ( -0.005712583075000198100, 0.07978486097192560900, -0.1783440540366317000 ) ) ;
#4293 = LINE ( 'NONE', #4292, #4291 ) ;
#4294 = CARTESIAN_POINT ( 'NONE',  ( -0.005712583075000209400, 0.07978486097192559500, -0.1783440540366317000 ) ) ;
#4295 = DIRECTION ( 'NONE',  ( 0.0000000000000000000, -0.6946583704589981400, 0.7193398003386501900 ) ) ;
#4296 = VECTOR ( 'NONE', #4295, 39.37007874015748900 ) ;
#4297 = CARTESIAN_POINT ( 'NONE',  ( -0.005712583075000198100, 0.07978486097192559500, -0.1783440540366317000 ) ) ;
#4298 = LINE ( 'NONE', #4297, #4296 ) ;
#4299 = CARTESIAN_POINT ( 'NONE',  ( -0.3642534678752420400, 0.1750000000000000200, -0.1603851961399807600 ) ) ;
#4300 = CARTESIAN_POINT ( 'NONE',  ( 0.1925000000000000600, 0.1130000000000000200, 0.3079999999999999400 ) ) ;
#4301 = DIRECTION ( 'NONE',  ( -0.0000000000000000000, -1.000000000000000000, -0.0000000000000000000 ) ) ;
#4302 = VECTOR ( 'NONE', #4301, 39.37007874015748100 ) ;
#4303 = CARTESIAN_POINT ( 'NONE',  ( 0.1925000000000000600, 0.1130000000000000200, 0.3079999999999999400 ) ) ;
#4304 = LINE ( 'NONE', #4303, #4302 ) ;
#4305 = DIRECTION ( 'NONE',  ( 1.000000000000000000, 0.0000000000000000000, -0.0000000000000000000 ) ) ;
#4306 = DIRECTION ( 'NONE',  ( 0.0000000000000000000, 0.0000000000000000000, 1.000000000000000000 ) ) ;
#4307 = CARTESIAN_POINT ( 'NONE',  ( -0.1924999999999998700, 0.1130000000000000200, 0.3079999999999999400 ) ) ;
#4308 = AXIS2_PLACEMENT_3D ( 'NONE', #4307, #4306, #4305 ) ;
#4309 = PLANE ( 'NONE',  #4308 ) ;
#4310 = FACE_OUTER_BOUND ( 'NONE', #944, .T. ) ;
#4311 = CARTESIAN_POINT ( 'NONE',  ( 0.06749999999999999100, 0.03200000000000001500, 0.4908305537887147100 ) ) ;
#4312 = DIRECTION ( 'NONE',  ( -0.0000000000000000000, 0.0000000000000000000, 1.000000000000000000 ) ) ;
#4313 = VECTOR ( 'NONE', #4312, 39.37007874015748100 ) ;
#4314 = CARTESIAN_POINT ( 'NONE',  ( 0.06749999999999999100, 0.06199999999999997900, 0.4908305537887148700 ) ) ;
#4315 = LINE ( 'NONE', #4314, #4313 ) ;
#4316 = DIRECTION ( 'NONE',  ( 0.0000000000000000000, -0.0000000000000000000, 1.000000000000000000 ) ) ;
#4317 = VECTOR ( 'NONE', #4316, 39.37007874015748100 ) ;
#4318 = CARTESIAN_POINT ( 'NONE',  ( 0.1325000000000000600, 0.2560000000000000100, 0.0000000000000000000 ) ) ;
#4319 = CARTESIAN_POINT ( 'NONE',  ( -0.1604871931088236200, 0.0000000000000000000, 0.6008305537887147500 ) ) ;
#4320 = DIRECTION ( 'NONE',  ( -0.0000000000000000000, -1.000000000000000000, -0.0000000000000000000 ) ) ;
#4321 = VECTOR ( 'NONE', #4320, 39.37007874015748100 ) ;
#4322 = CARTESIAN_POINT ( 'NONE',  ( -0.1325000000000000300, 0.2560000000000000100, 0.6008305537887147500 ) ) ;
#4323 = LINE ( 'NONE', #4322, #4321 ) ;
#4324 = CARTESIAN_POINT ( 'NONE',  ( -0.1604871931088236200, 0.2560000000000000100, 0.6008305537887147500 ) ) ;
#4325 = CARTESIAN_POINT ( 'NONE',  ( 0.1325000000000000300, 0.03200000000000000100, 0.6008305537887146400 ) ) ;
#4326 = DIRECTION ( 'NONE',  ( -1.000000000000000000, -0.0000000000000000000, -0.0000000000000000000 ) ) ;
#4327 = VECTOR ( 'NONE', #4326, 39.37007874015748100 ) ;
#4328 = CARTESIAN_POINT ( 'NONE',  ( -0.1324999999999999500, 0.03200000000000000100, 0.6008305537887146400 ) ) ;
#4329 = LINE ( 'NONE', #4328, #4327 ) ;
#4330 = CARTESIAN_POINT ( 'NONE',  ( 0.1725000000000000100, 0.1280000000000000000, -0.1879999999999999400 ) ) ;
#4331 = DIRECTION ( 'NONE',  ( 0.0000000000000000000, 0.0000000000000000000, 1.000000000000000000 ) ) ;
#4332 = DIRECTION ( 'NONE',  ( -0.0000000000000000000, -1.000000000000000000, -0.0000000000000000000 ) ) ;
#4333 = CARTESIAN_POINT ( 'NONE',  ( 0.1725000000000000100, 0.1280000000000000000, -0.1729999999999999300 ) ) ;
#4334 = AXIS2_PLACEMENT_3D ( 'NONE', #4333, #4332, #4331 ) ;
#4335 = CIRCLE ( 'NONE', #4334, 0.01500000000000001200 ) ;
#4336 = CARTESIAN_POINT ( 'NONE',  ( 0.1875000000000000300, 0.1280000000000000000, -0.1729999999999999300 ) ) ;
#4337 = DIRECTION ( 'NONE',  ( -0.0000000000000000000, -0.0000000000000000000, 1.000000000000000000 ) ) ;
#4338 = VECTOR ( 'NONE', #4337, 39.37007874015748100 ) ;
#4339 = CARTESIAN_POINT ( 'NONE',  ( 0.1875000000000000300, 0.1280000000000000000, 0.2960000000000000400 ) ) ;
#4340 = LINE ( 'NONE', #4339, #4338 ) ;
#4341 = DIRECTION ( 'NONE',  ( -1.000000000000000000, -0.0000000000000000000, 0.0000000000000000000 ) ) ;
#4342 = VECTOR ( 'NONE', #4341, 39.37007874015748100 ) ;
#4343 = CARTESIAN_POINT ( 'NONE',  ( -0.1875000000000000300, 0.1280000000000000000, 0.2960000000000000400 ) ) ;
#4344 = LINE ( 'NONE', #4343, #4342 ) ;
#4345 = CARTESIAN_POINT ( 'NONE',  ( -0.1875000000000000300, 0.1280000000000000000, 0.2959999999999999900 ) ) ;
#4346 = CARTESIAN_POINT ( 'NONE',  ( 0.08999999999999996900, 0.1280000000000000000, -0.1879999999999999400 ) ) ;
#4347 = DIRECTION ( 'NONE',  ( 1.000000000000000000, -0.0000000000000000000, 0.0000000000000000000 ) ) ;
#4348 = VECTOR ( 'NONE', #4347, 39.37007874015748100 ) ;
#4349 = CARTESIAN_POINT ( 'NONE',  ( 0.1875000000000000300, 0.1280000000000000000, -0.1879999999999999700 ) ) ;
#4350 = LINE ( 'NONE', #4349, #4348 ) ;
#4351 = LINE ( 'NONE', #4318, #4317 ) ;
#4352 = DIRECTION ( 'NONE',  ( 0.0000000000000000000, 0.0000000000000000000, 1.000000000000000000 ) ) ;
#4353 = DIRECTION ( 'NONE',  ( -0.0000000000000000000, -1.000000000000000000, -0.0000000000000000000 ) ) ;
#4354 = CARTESIAN_POINT ( 'NONE',  ( 0.0000000000000000000, 0.1750000000000000200, 0.0000000000000000000 ) ) ;
#4355 = AXIS2_PLACEMENT_3D ( 'NONE', #4354, #4353, #4352 ) ;
#4356 = CIRCLE ( 'NONE', #4355, 0.3980000000000000200 ) ;
#4357 = CARTESIAN_POINT ( 'NONE',  ( 0.1725000000000000100, 0.1130000000000000200, -0.1879999999999999400 ) ) ;
#4358 = CARTESIAN_POINT ( 'NONE',  ( 0.08999999999999999700, 0.1130000000000000200, -0.1879999999999999400 ) ) ;
#4359 = DIRECTION ( 'NONE',  ( 1.000000000000000000, 0.0000000000000000000, -0.0000000000000000000 ) ) ;
#4360 = VECTOR ( 'NONE', #4359, 39.37007874015748100 ) ;
#4361 = CARTESIAN_POINT ( 'NONE',  ( -0.1925000000000002000, 0.1130000000000000200, -0.1879999999999999700 ) ) ;
#4362 = LINE ( 'NONE', #4361, #4360 ) ;
#4363 = CARTESIAN_POINT ( 'NONE',  ( 0.06749999999999999100, 0.03199999999999999400, 0.6008305537887146400 ) ) ;
#4364 = DIRECTION ( 'NONE',  ( 0.0000000000000000000, -0.0000000000000000000, -1.000000000000000000 ) ) ;
#4365 = VECTOR ( 'NONE', #4364, 39.37007874015748100 ) ;
#4366 = CARTESIAN_POINT ( 'NONE',  ( 0.06749999999999999100, 0.03200000000000000100, 0.6008305537887146400 ) ) ;
#4367 = LINE ( 'NONE', #4366, #4365 ) ;
#4368 = DIRECTION ( 'NONE',  ( -1.000000000000000000, 0.0000000000000000000, 1.821231995776175500E-016 ) ) ;
#4369 = DIRECTION ( 'NONE',  ( -1.821231995776175500E-016, 0.0000000000000000000, -1.000000000000000000 ) ) ;
#4370 = CARTESIAN_POINT ( 'NONE',  ( -0.1874999999999999400, 0.2560000000000000100, 0.6008305537887147500 ) ) ;
#4371 = AXIS2_PLACEMENT_3D ( 'NONE', #4370, #4369, #4368 ) ;
#4372 = PLANE ( 'NONE',  #4371 ) ;
#4373 = FACE_OUTER_BOUND ( 'NONE', #925, .T. ) ;
#4374 = DIRECTION ( 'NONE',  ( 0.0000000000000000000, 1.000000000000000000, 0.0000000000000000000 ) ) ;
#4375 = VECTOR ( 'NONE', #4374, 39.37007874015748100 ) ;
#4376 = CARTESIAN_POINT ( 'NONE',  ( 0.06749999999999999100, 0.06200000000000001300, 0.4908305537887147100 ) ) ;
#4377 = LINE ( 'NONE', #4376, #4375 ) ;
#4378 = CARTESIAN_POINT ( 'NONE',  ( -0.1925000000000002000, 0.1130000000000000200, -0.3320000000000000200 ) ) ;
#4379 = DIRECTION ( 'NONE',  ( 0.0000000000000000000, -0.0000000000000000000, 1.000000000000000000 ) ) ;
#4380 = VECTOR ( 'NONE', #4379, 39.37007874015748100 ) ;
#4381 = CARTESIAN_POINT ( 'NONE',  ( -0.1925000000000002000, 0.1130000000000000200, -0.3319999999999999600 ) ) ;
#4382 = DIMENSIONAL_EXPONENTS ( 1.000000000000000000, 0.0000000000000000000, 0.0000000000000000000, 0.0000000000000000000, 0.0000000000000000000, 0.0000000000000000000, 0.0000000000000000000 ) ;
#4383 =( LENGTH_UNIT ( ) NAMED_UNIT ( * ) SI_UNIT ( $, .METRE. ) );
#4384 = MECHANICAL_DESIGN_GEOMETRIC_PRESENTATION_REPRESENTATION (  '', ( #4386 ), #4518 ) ;
#4385 = PRESENTATION_LAYER_ASSIGNMENT (  '', '', ( #4386 ) ) ;
#4386 = STYLED_ITEM ( 'NONE', ( #4387 ), #1094 ) ;
#4387 = PRESENTATION_STYLE_ASSIGNMENT (( #4388 ) ) ;
#4388 = SURFACE_STYLE_USAGE ( .BOTH. , #4389 ) ;
#4389 = SURFACE_SIDE_STYLE ('',( #4390 ) ) ;
#4390 = SURFACE_STYLE_FILL_AREA ( #4391 ) ;
#4391 = FILL_AREA_STYLE ('',( #4392 ) ) ;
#4392 = FILL_AREA_STYLE_COLOUR ( '', #4393 ) ;
#4393 = COLOUR_RGB ( '',0.9882352941176471000, 1.000000000000000000, 0.9882352941176471000 ) ;
#4394 = FACE_OUTER_BOUND ( 'NONE', #1095, .T. ) ;
#4395 = CARTESIAN_POINT ( 'NONE',  ( 0.04728559984444258300, 0.05000685359385530200, -0.2059999999999999600 ) ) ;
#4396 = DIRECTION ( 'NONE',  ( 1.000000000000000000, 0.0000000000000000000, -0.0000000000000000000 ) ) ;
#4397 = VECTOR ( 'NONE', #4396, 39.37007874015748100 ) ;
#4398 = CARTESIAN_POINT ( 'NONE',  ( -0.1324999999999999800, 0.05000685359385530200, -0.2059999999999999600 ) ) ;
#4399 = CYLINDRICAL_SURFACE ( 'NONE', #4464, 0.3980000000000000200 ) ;
#4400 = CARTESIAN_POINT ( 'NONE',  ( -0.2188025399488205700, 0.1750000000000000200, -0.3324596945675442600 ) ) ;
#4401 = LINE ( 'NONE', #4602, #4601 ) ;
#4402 = DIRECTION ( 'NONE',  ( 0.0000000000000000000, -0.0000000000000000000, 1.000000000000000000 ) ) ;
#4403 = VECTOR ( 'NONE', #4402, 39.37007874015748100 ) ;
#4404 = CARTESIAN_POINT ( 'NONE',  ( 0.1325000000000000100, 0.0000000000000000000, 0.0000000000000000000 ) ) ;
#4405 = LINE ( 'NONE', #4404, #4403 ) ;
#4406 = CARTESIAN_POINT ( 'NONE',  ( 0.04728559984444258300, 0.04847271408220150300, -0.2044113520300986100 ) ) ;
#4407 = LINE ( 'NONE', #4398, #4397 ) ;
#4408 = DIRECTION ( 'NONE',  ( 1.000000000000000000, -0.0000000000000000000, 0.0000000000000000000 ) ) ;
#4409 = VECTOR ( 'NONE', #4408, 39.37007874015748100 ) ;
#4410 = CARTESIAN_POINT ( 'NONE',  ( -0.005712583075000198100, 0.04847271408220148200, -0.2044113520300986100 ) ) ;
#4411 = LINE ( 'NONE', #4410, #4409 ) ;
#4412 = DIRECTION ( 'NONE',  ( 0.0000000000000000000, 0.6946583704589989200, -0.7193398003386495300 ) ) ;
#4413 = DIRECTION ( 'NONE',  ( 0.0000000000000000000, -0.7193398003386496400, -0.6946583704589990300 ) ) ;
#4414 = CARTESIAN_POINT ( 'NONE',  ( 0.04728559984444258300, 0.04847271408220150300, -0.2044113520300986100 ) ) ;
#4415 = AXIS2_PLACEMENT_3D ( 'NONE', #4414, #4413, #4412 ) ;
#4416 = PLANE ( 'NONE',  #4415 ) ;
#4417 =( GEOMETRIC_REPRESENTATION_CONTEXT ( 3 ) GLOBAL_UNCERTAINTY_ASSIGNED_CONTEXT ( ( #4418 ) ) GLOBAL_UNIT_ASSIGNED_CONTEXT ( ( #4421, #4420, #4419 ) ) REPRESENTATION_CONTEXT ( 'NONE', 'WORKASPACE' ) );
#4418 = UNCERTAINTY_MEASURE_WITH_UNIT (LENGTH_MEASURE( 1.000000000000000100E-005 ), #4421, 'distance_accuracy_value', 'NONE');
#4419 =( NAMED_UNIT ( * ) SI_UNIT ( $, .STERADIAN. ) SOLID_ANGLE_UNIT ( ) );
#4420 =( NAMED_UNIT ( * ) PLANE_ANGLE_UNIT ( ) SI_UNIT ( $, .RADIAN. ) );
#4421 =( CONVERSION_BASED_UNIT ( 'INCH', #4422 ) LENGTH_UNIT ( ) NAMED_UNIT ( #4423 ) );
#4422 = LENGTH_MEASURE_WITH_UNIT ( LENGTH_MEASURE( 0.02539999999999999900 ), #4465 );
#4423 = DIMENSIONAL_EXPONENTS ( 1.000000000000000000, 0.0000000000000000000, 0.0000000000000000000, 0.0000000000000000000, 0.0000000000000000000, 0.0000000000000000000, 0.0000000000000000000 ) ;
#4424 = DIRECTION ( 'NONE',  ( 0.0000000000000000000, 1.000000000000000000, -0.0000000000000000000 ) ) ;
#4425 = VECTOR ( 'NONE', #4424, 39.37007874015748100 ) ;
#4426 = CARTESIAN_POINT ( 'NONE',  ( -0.2188025399488205400, 0.2560000000000000100, -0.3324596945675442600 ) ) ;
#4427 = LINE ( 'NONE', #4426, #4425 ) ;
#4428 = DIRECTION ( 'NONE',  ( 0.0000000000000000000, 1.000000000000000000, 0.0000000000000000000 ) ) ;
#4429 = VECTOR ( 'NONE', #4428, 39.37007874015748100 ) ;
#4430 = CARTESIAN_POINT ( 'NONE',  ( -0.3953823070520451300, 0.2560000000000000100, 0.2106580909203403200 ) ) ;
#4431 = LINE ( 'NONE', #4430, #4429 ) ;
#4432 = DIRECTION ( 'NONE',  ( 0.0000000000000000000, 0.0000000000000000000, -1.000000000000000000 ) ) ;
#4433 = DIRECTION ( 'NONE',  ( -0.0000000000000000000, -1.000000000000000000, -0.0000000000000000000 ) ) ;
#4434 = CARTESIAN_POINT ( 'NONE',  ( 0.0000000000000000000, 0.2560000000000000100, 0.0000000000000000000 ) ) ;
#4435 = AXIS2_PLACEMENT_3D ( 'NONE', #4434, #4433, #4432 ) ;
#4436 = CYLINDRICAL_SURFACE ( 'NONE', #4435, 0.4480000000000000600 ) ;
#4437 = FACE_OUTER_BOUND ( 'NONE', #1130, .T. ) ;
#4438 = DIRECTION ( 'NONE',  ( -1.000000000000000000, -0.0000000000000000000, 0.0000000000000000000 ) ) ;
#4439 = VECTOR ( 'NONE', #4438, 39.37007874015748100 ) ;
#4440 = CARTESIAN_POINT ( 'NONE',  ( 0.0000000000000000000, 0.0000000000000000000, -0.3320000000000000200 ) ) ;
#4441 = DIRECTION ( 'NONE',  ( 1.000000000000000000, 0.0000000000000000000, -0.0000000000000000000 ) ) ;
#4442 = DIRECTION ( 'NONE',  ( 0.0000000000000000000, 0.0000000000000000000, 1.000000000000000000 ) ) ;
#4443 = CARTESIAN_POINT ( 'NONE',  ( -0.06750000000000008800, 0.2560000000000000100, -0.3320000000000000200 ) ) ;
#4444 = LINE ( 'NONE', #4440, #4439 ) ;
#4445 = AXIS2_PLACEMENT_3D ( 'NONE', #4443, #4442, #4441 ) ;
#4446 = PLANE ( 'NONE',  #4445 ) ;
#4447 = FACE_OUTER_BOUND ( 'NONE', #1119, .T. ) ;
#4448 = DIRECTION ( 'NONE',  ( -0.0000000000000000000, 1.000000000000000000, 0.0000000000000000000 ) ) ;
#4449 = VECTOR ( 'NONE', #4448, 39.37007874015748100 ) ;
#4450 = CARTESIAN_POINT ( 'NONE',  ( -0.005712583075000206800, 0.2560000000000000100, -0.2059999999999999600 ) ) ;
#4451 = LINE ( 'NONE', #4450, #4449 ) ;
#4452 = CARTESIAN_POINT ( 'NONE',  ( -0.1324999999999998100, 0.03199999999999999400, -0.2259999999999999500 ) ) ;
#4453 = DIRECTION ( 'NONE',  ( -1.000000000000000000, 0.0000000000000000000, -0.0000000000000000000 ) ) ;
#4454 = VECTOR ( 'NONE', #4453, 39.37007874015748100 ) ;
#4455 = CARTESIAN_POINT ( 'NONE',  ( -0.06749999999999999100, 0.03199999999999999400, -0.2259999999999999500 ) ) ;
#4456 = LINE ( 'NONE', #4455, #4454 ) ;
#4457 = DIRECTION ( 'NONE',  ( 0.0000000000000000000, -0.7193398003386491900, -0.6946583704589991400 ) ) ;
#4458 = VECTOR ( 'NONE', #4457, 39.37007874015748900 ) ;
#4459 = CARTESIAN_POINT ( 'NONE',  ( 0.006653659606203120000, 0.07978486097192559500, -0.1783440540366317000 ) ) ;
#4460 = LINE ( 'NONE', #4459, #4458 ) ;
#4461 = DIRECTION ( 'NONE',  ( 0.0000000000000000000, 0.0000000000000000000, 1.000000000000000000 ) ) ;
#4462 = DIRECTION ( 'NONE',  ( 0.0000000000000000000, 1.000000000000000000, 0.0000000000000000000 ) ) ;
#4463 = CARTESIAN_POINT ( 'NONE',  ( 0.0000000000000000000, 0.1250000000000000300, 0.0000000000000000000 ) ) ;
#4464 = AXIS2_PLACEMENT_3D ( 'NONE', #4463, #4462, #4461 ) ;
#4465 =( LENGTH_UNIT ( ) NAMED_UNIT ( * ) SI_UNIT ( $, .METRE. ) );
#4466 = MECHANICAL_DESIGN_GEOMETRIC_PRESENTATION_REPRESENTATION (  '', ( #4468 ), #4417 ) ;
#4467 = PRESENTATION_LAYER_ASSIGNMENT (  '', '', ( #4468 ) ) ;
#4468 = STYLED_ITEM ( 'NONE', ( #4469 ), #1081 ) ;
#4469 = PRESENTATION_STYLE_ASSIGNMENT (( #4470 ) ) ;
#4470 = SURFACE_STYLE_USAGE ( .BOTH. , #4471 ) ;
#4471 = SURFACE_SIDE_STYLE ('',( #4472 ) ) ;
#4472 = SURFACE_STYLE_FILL_AREA ( #4473 ) ;
#4473 = FILL_AREA_STYLE ('',( #4480 ) ) ;
#4474 = COLOUR_RGB ( '',0.9882352941176471000, 1.000000000000000000, 0.9882352941176471000 ) ;
#4475 = FACE_OUTER_BOUND ( 'NONE', #1229, .T. ) ;
#4476 = DIRECTION ( 'NONE',  ( -1.000000000000000000, -0.0000000000000000000, -0.0000000000000000000 ) ) ;
#4477 = VECTOR ( 'NONE', #4476, 39.37007874015748100 ) ;
#4478 = CARTESIAN_POINT ( 'NONE',  ( -0.005712583075000198100, 0.04847271408220150300, -0.2044113520300986100 ) ) ;
#4479 = LINE ( 'NONE', #4478, #4477 ) ;
#4480 = FILL_AREA_STYLE_COLOUR ( '', #4474 ) ;
#4481 = CARTESIAN_POINT ( 'NONE',  ( -0.04634452331323966900, 0.04847271408220148900, -0.2044113520300986100 ) ) ;
#4482 = DIRECTION ( 'NONE',  ( 0.0000000000000000000, -0.7193398003386521900, -0.6946583704589962500 ) ) ;
#4483 = VECTOR ( 'NONE', #4482, 39.37007874015748100 ) ;
#4484 = CARTESIAN_POINT ( 'NONE',  ( -0.04634452331323964800, 0.04847271408220150300, -0.2044113520300986100 ) ) ;
#4485 = LINE ( 'NONE', #4484, #4483 ) ;
#4486 = DIRECTION ( 'NONE',  ( -1.000000000000000000, 0.0000000000000000000, 0.0000000000000000000 ) ) ;
#4487 = DIRECTION ( 'NONE',  ( 0.0000000000000000000, 0.0000000000000000000, -1.000000000000000000 ) ) ;
#4488 = CARTESIAN_POINT ( 'NONE',  ( 0.07499999999999999700, 0.03500000000000000300, -0.2109999999999999400 ) ) ;
#4489 = AXIS2_PLACEMENT_3D ( 'NONE', #4488, #4487, #4486 ) ;
#4490 = CIRCLE ( 'NONE', #4489, 0.01500000000000000300 ) ;
#4491 = DIRECTION ( 'NONE',  ( -1.000000000000000000, 0.0000000000000000000, 0.0000000000000000000 ) ) ;
#4492 = DIRECTION ( 'NONE',  ( 0.0000000000000000000, 0.0000000000000000000, -1.000000000000000000 ) ) ;
#4493 = CARTESIAN_POINT ( 'NONE',  ( -0.07499999999999999700, 0.03500000000000000300, -0.2109999999999999400 ) ) ;
#4494 = AXIS2_PLACEMENT_3D ( 'NONE', #4493, #4492, #4491 ) ;
#4495 = CIRCLE ( 'NONE', #4494, 0.01500000000000000300 ) ;
#4496 = PRESENTATION_STYLE_ASSIGNMENT (( #4497 ) ) ;
#4497 = SURFACE_STYLE_USAGE ( .BOTH. , #4498 ) ;
#4498 = SURFACE_SIDE_STYLE ('',( #4499 ) ) ;
#4499 = SURFACE_STYLE_FILL_AREA ( #4500 ) ;
#4500 = FILL_AREA_STYLE ('',( #4507 ) ) ;
#4501 = COLOUR_RGB ( '',0.9882352941176471000, 1.000000000000000000, 0.9882352941176471000 ) ;
#4502 = FACE_OUTER_BOUND ( 'NONE', #1103, .T. ) ;
#4503 = DIRECTION ( 'NONE',  ( -0.0000000000000000000, 1.000000000000000000, 0.0000000000000000000 ) ) ;
#4504 = VECTOR ( 'NONE', #4503, 39.37007874015748100 ) ;
#4505 = CARTESIAN_POINT ( 'NONE',  ( -0.04634452331323964100, 0.2560000000000000100, -0.2059999999999999600 ) ) ;
#4506 = LINE ( 'NONE', #4505, #4504 ) ;
#4507 = FILL_AREA_STYLE_COLOUR ( '', #4501 ) ;
#4508 = CARTESIAN_POINT ( 'NONE',  ( -0.04634452331323965500, 0.05000685359385530200, -0.2059999999999999600 ) ) ;
#4509 = DIRECTION ( 'NONE',  ( 0.0000000000000000000, 0.6946583704589989200, -0.7193398003386495300 ) ) ;
#4510 = VECTOR ( 'NONE', #4509, 39.37007874015748900 ) ;
#4511 = CARTESIAN_POINT ( 'NONE',  ( -0.04634452331323966900, 0.04847271408220150300, -0.2044113520300986100 ) ) ;
#4512 = LINE ( 'NONE', #4511, #4510 ) ;
#4513 = DIRECTION ( 'NONE',  ( 0.0000000000000000000, 0.0000000000000000000, -1.000000000000000000 ) ) ;
#4514 = DIRECTION ( 'NONE',  ( 1.000000000000000000, -0.0000000000000000000, 0.0000000000000000000 ) ) ;
#4515 = CARTESIAN_POINT ( 'NONE',  ( -0.04634452331323964800, 0.04847271408220150300, -0.2044113520300986100 ) ) ;
#4516 = AXIS2_PLACEMENT_3D ( 'NONE', #4515, #4514, #4513 ) ;
#4517 = PLANE ( 'NONE',  #4516 ) ;
#4518 =( GEOMETRIC_REPRESENTATION_CONTEXT ( 3 ) GLOBAL_UNCERTAINTY_ASSIGNED_CONTEXT ( ( #4519 ) ) GLOBAL_UNIT_ASSIGNED_CONTEXT ( ( #4522, #4521, #4520 ) ) REPRESENTATION_CONTEXT ( 'NONE', 'WORKASPACE' ) );
#4519 = UNCERTAINTY_MEASURE_WITH_UNIT (LENGTH_MEASURE( 1.000000000000000100E-005 ), #4522, 'distance_accuracy_value', 'NONE');
#4520 =( NAMED_UNIT ( * ) SI_UNIT ( $, .STERADIAN. ) SOLID_ANGLE_UNIT ( ) );
#4521 =( NAMED_UNIT ( * ) PLANE_ANGLE_UNIT ( ) SI_UNIT ( $, .RADIAN. ) );
#4522 =( CONVERSION_BASED_UNIT ( 'INCH', #4523 ) LENGTH_UNIT ( ) NAMED_UNIT ( #4382 ) );
#4523 = LENGTH_MEASURE_WITH_UNIT ( LENGTH_MEASURE( 0.02539999999999999900 ), #4383 );
#4524 = DIRECTION ( 'NONE',  ( -0.0000000000000000000, 0.0000000000000000000, -1.000000000000000000 ) ) ;
#4525 = VECTOR ( 'NONE', #4524, 39.37007874015748100 ) ;
#4526 = CARTESIAN_POINT ( 'NONE',  ( -0.06750000000000000400, 0.2560000000000000100, 0.0000000000000000000 ) ) ;
#4527 = LINE ( 'NONE', #4526, #4525 ) ;
#4528 = DIRECTION ( 'NONE',  ( -0.0000000000000000000, 1.000000000000000000, -0.0000000000000000000 ) ) ;
#4529 = VECTOR ( 'NONE', #4528, 39.37007874015748100 ) ;
#4530 = CARTESIAN_POINT ( 'NONE',  ( -0.1604871931088236200, 0.2560000000000000100, 0.6008305537887146400 ) ) ;
#4531 = LINE ( 'NONE', #4530, #4529 ) ;
#4532 = DIRECTION ( 'NONE',  ( -0.0000000000000000000, 0.0000000000000000000, 1.000000000000000000 ) ) ;
#4533 = VECTOR ( 'NONE', #4532, 39.37007874015748100 ) ;
#4534 = CARTESIAN_POINT ( 'NONE',  ( -0.06749999999999999100, 0.03200000000000000100, 0.6008305537887146400 ) ) ;
#4535 = LINE ( 'NONE', #4534, #4533 ) ;
#4536 = DIRECTION ( 'NONE',  ( 1.000000000000000000, 0.0000000000000000000, -0.0000000000000000000 ) ) ;
#4537 = VECTOR ( 'NONE', #4536, 39.37007874015748100 ) ;
#4538 = CARTESIAN_POINT ( 'NONE',  ( 0.0000000000000000000, 0.2560000000000000100, 0.6008305537887147500 ) ) ;
#4539 = LINE ( 'NONE', #4538, #4537 ) ;
#4540 = DIRECTION ( 'NONE',  ( 0.0000000000000000000, -0.0000000000000000000, 1.000000000000000000 ) ) ;
#4541 = DIRECTION ( 'NONE',  ( 0.0000000000000000000, 1.000000000000000000, 0.0000000000000000000 ) ) ;
#4542 = CARTESIAN_POINT ( 'NONE',  ( 0.06250000000000000000, 0.0000000000000000000, 0.7688305537887146800 ) ) ;
#4543 = AXIS2_PLACEMENT_3D ( 'NONE', #4542, #4541, #4540 ) ;
#4544 = PLANE ( 'NONE',  #4543 ) ;
#4545 =( GEOMETRIC_REPRESENTATION_CONTEXT ( 3 ) GLOBAL_UNCERTAINTY_ASSIGNED_CONTEXT ( ( #4546 ) ) GLOBAL_UNIT_ASSIGNED_CONTEXT ( ( #4570, #4548, #4547 ) ) REPRESENTATION_CONTEXT ( 'NONE', 'WORKASPACE' ) );
#4546 = UNCERTAINTY_MEASURE_WITH_UNIT (LENGTH_MEASURE( 1.000000000000000100E-005 ), #4570, 'distance_accuracy_value', 'NONE');
#4547 =( NAMED_UNIT ( * ) SI_UNIT ( $, .STERADIAN. ) SOLID_ANGLE_UNIT ( ) );
#4548 =( NAMED_UNIT ( * ) PLANE_ANGLE_UNIT ( ) SI_UNIT ( $, .RADIAN. ) );
#4549 = CARTESIAN_POINT ( 'NONE',  ( 0.006653659606203120000, 0.05114629057030395400, -0.2059999999999999600 ) ) ;
#4550 = DIRECTION ( 'NONE',  ( 1.000000000000000000, 0.0000000000000000000, -0.0000000000000000000 ) ) ;
#4551 = VECTOR ( 'NONE', #4550, 39.37007874015748100 ) ;
#4552 = CARTESIAN_POINT ( 'NONE',  ( -0.1324999999999999800, 0.05114629057030395400, -0.2059999999999999600 ) ) ;
#4553 = LINE ( 'NONE', #4552, #4551 ) ;
#4554 = DIRECTION ( 'NONE',  ( 0.0000000000000000000, 0.6946583704589989200, -0.7193398003386495300 ) ) ;
#4555 = DIRECTION ( 'NONE',  ( 0.0000000000000000000, -0.7193398003386496400, -0.6946583704589990300 ) ) ;
#4556 = CARTESIAN_POINT ( 'NONE',  ( -0.005712583075000198100, 0.04847271408220150300, -0.2044113520300986100 ) ) ;
#4557 = AXIS2_PLACEMENT_3D ( 'NONE', #4556, #4555, #4554 ) ;
#4558 = PLANE ( 'NONE',  #4557 ) ;
#4559 =( GEOMETRIC_REPRESENTATION_CONTEXT ( 3 ) GLOBAL_UNCERTAINTY_ASSIGNED_CONTEXT ( ( #4560 ) ) GLOBAL_UNIT_ASSIGNED_CONTEXT ( ( #4563, #4562, #4561 ) ) REPRESENTATION_CONTEXT ( 'NONE', 'WORKASPACE' ) );
#4560 = UNCERTAINTY_MEASURE_WITH_UNIT (LENGTH_MEASURE( 1.000000000000000100E-005 ), #4563, 'distance_accuracy_value', 'NONE');
#4561 =( NAMED_UNIT ( * ) SI_UNIT ( $, .STERADIAN. ) SOLID_ANGLE_UNIT ( ) );
#4562 =( NAMED_UNIT ( * ) PLANE_ANGLE_UNIT ( ) SI_UNIT ( $, .RADIAN. ) );
#4563 =( CONVERSION_BASED_UNIT ( 'INCH', #4564 ) LENGTH_UNIT ( ) NAMED_UNIT ( #4565 ) );
#4564 = LENGTH_MEASURE_WITH_UNIT ( LENGTH_MEASURE( 0.02539999999999999900 ), #4566 );
#4565 = DIMENSIONAL_EXPONENTS ( 1.000000000000000000, 0.0000000000000000000, 0.0000000000000000000, 0.0000000000000000000, 0.0000000000000000000, 0.0000000000000000000, 0.0000000000000000000 ) ;
#4566 =( LENGTH_UNIT ( ) NAMED_UNIT ( * ) SI_UNIT ( $, .METRE. ) );
#4567 = MECHANICAL_DESIGN_GEOMETRIC_PRESENTATION_REPRESENTATION (  '', ( #4569 ), #4559 ) ;
#4568 = PRESENTATION_LAYER_ASSIGNMENT (  '', '', ( #4569 ) ) ;
#4569 = STYLED_ITEM ( 'NONE', ( #4496 ), #1102 ) ;
#4570 =( CONVERSION_BASED_UNIT ( 'INCH', #4571 ) LENGTH_UNIT ( ) NAMED_UNIT ( #4572 ) );
#4571 = LENGTH_MEASURE_WITH_UNIT ( LENGTH_MEASURE( 0.02539999999999999900 ), #4573 );
#4572 = DIMENSIONAL_EXPONENTS ( 1.000000000000000000, 0.0000000000000000000, 0.0000000000000000000, 0.0000000000000000000, 0.0000000000000000000, 0.0000000000000000000, 0.0000000000000000000 ) ;
#4573 =( LENGTH_UNIT ( ) NAMED_UNIT ( * ) SI_UNIT ( $, .METRE. ) );
#4574 = MECHANICAL_DESIGN_GEOMETRIC_PRESENTATION_REPRESENTATION (  '', ( #4576 ), #4545 ) ;
#4575 = PRESENTATION_LAYER_ASSIGNMENT (  '', '', ( #4576 ) ) ;
#4576 = STYLED_ITEM ( 'NONE', ( #4577 ), #1061 ) ;
#4577 = PRESENTATION_STYLE_ASSIGNMENT (( #4578 ) ) ;
#4578 = SURFACE_STYLE_USAGE ( .BOTH. , #4579 ) ;
#4579 = SURFACE_SIDE_STYLE ('',( #4580 ) ) ;
#4580 = SURFACE_STYLE_FILL_AREA ( #4581 ) ;
#4581 = FILL_AREA_STYLE ('',( #4589 ) ) ;
#4582 = COLOUR_RGB ( '',0.9882352941176471000, 1.000000000000000000, 0.9882352941176471000 ) ;
#4583 = FACE_BOUND ( 'NONE', #1027, .T. ) ;
#4584 = FACE_OUTER_BOUND ( 'NONE', #1062, .T. ) ;
#4585 = DIRECTION ( 'NONE',  ( 1.138269997360108400E-016, -0.0000000000000000000, -1.000000000000000000 ) ) ;
#4586 = VECTOR ( 'NONE', #4585, 39.37007874015748100 ) ;
#4587 = CARTESIAN_POINT ( 'NONE',  ( -0.06749999999999999100, 0.06200000000000001300, 0.5258305537887145700 ) ) ;
#4588 = LINE ( 'NONE', #4587, #4586 ) ;
#4589 = FILL_AREA_STYLE_COLOUR ( '', #4582 ) ;
#4590 = CARTESIAN_POINT ( 'NONE',  ( -0.1325000000000000300, 0.03200000000000001500, 0.6008305537887147500 ) ) ;
#4591 = CARTESIAN_POINT ( 'NONE',  ( -0.06749999999999999100, 0.06200000000000000600, 0.4908305537887147600 ) ) ;
#4592 = DIRECTION ( 'NONE',  ( -0.0000000000000000000, -1.000000000000000000, -0.0000000000000000000 ) ) ;
#4593 = VECTOR ( 'NONE', #4592, 39.37007874015748100 ) ;
#4594 = CARTESIAN_POINT ( 'NONE',  ( -0.06749999999999999100, 0.06200000000000001300, 0.4908305537887147600 ) ) ;
#4595 = LINE ( 'NONE', #4594, #4593 ) ;
#4596 = DIRECTION ( 'NONE',  ( -1.000000000000000000, 0.0000000000000000000, 1.821231995776175500E-016 ) ) ;
#4597 = VECTOR ( 'NONE', #4596, 39.37007874015748100 ) ;
#4598 = CARTESIAN_POINT ( 'NONE',  ( -0.1874999999999999400, 0.03200000000000002800, 0.6008305537887147500 ) ) ;
#4599 = LINE ( 'NONE', #4598, #4597 ) ;
#4600 = DIRECTION ( 'NONE',  ( -1.000000000000000000, 0.0000000000000000000, 1.821231995776175500E-016 ) ) ;
#4601 = VECTOR ( 'NONE', #4600, 39.37007874015748100 ) ;
#4602 = CARTESIAN_POINT ( 'NONE',  ( -0.1874999999999999400, 0.0000000000000000000, 0.6008305537887147500 ) ) ;
#4603 =( NAMED_UNIT ( * ) PLANE_ANGLE_UNIT ( ) SI_UNIT ( $, .RADIAN. ) );
#4604 =( CONVERSION_BASED_UNIT ( 'INCH', #4605 ) LENGTH_UNIT ( ) NAMED_UNIT ( #4606 ) );
#4605 = LENGTH_MEASURE_WITH_UNIT ( LENGTH_MEASURE( 0.02539999999999999900 ), #4607 );
#4606 = DIMENSIONAL_EXPONENTS ( 1.000000000000000000, 0.0000000000000000000, 0.0000000000000000000, 0.0000000000000000000, 0.0000000000000000000, 0.0000000000000000000, 0.0000000000000000000 ) ;
#4607 =( LENGTH_UNIT ( ) NAMED_UNIT ( * ) SI_UNIT ( $, .METRE. ) );
#4608 = MECHANICAL_DESIGN_GEOMETRIC_PRESENTATION_REPRESENTATION (  '', ( #4610 ), #4831 ) ;
#4609 = PRESENTATION_LAYER_ASSIGNMENT (  '', '', ( #4610 ) ) ;
#4610 = STYLED_ITEM ( 'NONE', ( #4611 ), #1217 ) ;
#4611 = PRESENTATION_STYLE_ASSIGNMENT (( #4612 ) ) ;
#4612 = SURFACE_STYLE_USAGE ( .BOTH. , #4613 ) ;
#4613 = SURFACE_SIDE_STYLE ('',( #4614 ) ) ;
#4614 = SURFACE_STYLE_FILL_AREA ( #4615 ) ;
#4615 = FILL_AREA_STYLE ('',( #4622 ) ) ;
#4616 = COLOUR_RGB ( '',0.9882352941176471000, 1.000000000000000000, 0.9882352941176471000 ) ;
#4617 = FACE_OUTER_BOUND ( 'NONE', #1218, .T. ) ;
#4618 = DIRECTION ( 'NONE',  ( -0.0000000000000000000, -1.000000000000000000, 0.0000000000000000000 ) ) ;
#4619 = VECTOR ( 'NONE', #4618, 39.37007874015748100 ) ;
#4620 = CARTESIAN_POINT ( 'NONE',  ( -0.1324999999999999800, 0.2560000000000000100, -0.2259999999999999500 ) ) ;
#4621 = LINE ( 'NONE', #4620, #4619 ) ;
#4622 = FILL_AREA_STYLE_COLOUR ( '', #4616 ) ;
#4623 = CARTESIAN_POINT ( 'NONE',  ( -0.1324999999999999200, 0.1130000000000000200, -0.2259999999999999500 ) ) ;
#4624 = DIRECTION ( 'NONE',  ( 1.000000000000000000, 0.0000000000000000000, -0.0000000000000000000 ) ) ;
#4625 = VECTOR ( 'NONE', #4624, 39.37007874015748100 ) ;
#4626 = CARTESIAN_POINT ( 'NONE',  ( -0.1925000000000002000, 0.1130000000000000200, -0.2259999999999999500 ) ) ;
#4627 = DIRECTION ( 'NONE',  ( -1.000000000000000000, 0.0000000000000000000, -0.0000000000000000000 ) ) ;
#4628 = DIRECTION ( 'NONE',  ( 0.0000000000000000000, 0.0000000000000000000, -1.000000000000000000 ) ) ;
#4629 = CARTESIAN_POINT ( 'NONE',  ( -0.06749999999999999100, 0.2560000000000000100, -0.2259999999999999500 ) ) ;
#4630 = LINE ( 'NONE', #4626, #4625 ) ;
#4631 = AXIS2_PLACEMENT_3D ( 'NONE', #4629, #4628, #4627 ) ;
#4632 = PLANE ( 'NONE',  #4631 ) ;
#4633 = FACE_OUTER_BOUND ( 'NONE', #1209, .T. ) ;
#4634 = DIRECTION ( 'NONE',  ( -8.537024980200824800E-016, -0.0000000000000000000, -1.000000000000000000 ) ) ;
#4635 = VECTOR ( 'NONE', #4634, 39.37007874015748100 ) ;
#4636 = CARTESIAN_POINT ( 'NONE',  ( -0.1324999999999999800, 0.03199999999999999400, -0.2059999999999999600 ) ) ;
#4637 = LINE ( 'NONE', #4636, #4635 ) ;
#4638 =( GEOMETRIC_REPRESENTATION_CONTEXT ( 3 ) GLOBAL_UNCERTAINTY_ASSIGNED_CONTEXT ( ( #4639 ) ) GLOBAL_UNIT_ASSIGNED_CONTEXT ( ( #4642, #4641, #4640 ) ) REPRESENTATION_CONTEXT ( 'NONE', 'WORKASPACE' ) );
#4639 = UNCERTAINTY_MEASURE_WITH_UNIT (LENGTH_MEASURE( 1.000000000000000100E-005 ), #4642, 'distance_accuracy_value', 'NONE');
#4640 =( NAMED_UNIT ( * ) SI_UNIT ( $, .STERADIAN. ) SOLID_ANGLE_UNIT ( ) );
#4641 =( NAMED_UNIT ( * ) PLANE_ANGLE_UNIT ( ) SI_UNIT ( $, .RADIAN. ) );
#4642 =( CONVERSION_BASED_UNIT ( 'INCH', #4643 ) LENGTH_UNIT ( ) NAMED_UNIT ( #4644 ) );
#4643 = LENGTH_MEASURE_WITH_UNIT ( LENGTH_MEASURE( 0.02539999999999999900 ), #4645 );
#4644 = DIMENSIONAL_EXPONENTS ( 1.000000000000000000, 0.0000000000000000000, 0.0000000000000000000, 0.0000000000000000000, 0.0000000000000000000, 0.0000000000000000000, 0.0000000000000000000 ) ;
#4645 =( LENGTH_UNIT ( ) NAMED_UNIT ( * ) SI_UNIT ( $, .METRE. ) );
#4646 = MECHANICAL_DESIGN_GEOMETRIC_PRESENTATION_REPRESENTATION (  '', ( #4648 ), #4638 ) ;
#4647 = PRESENTATION_LAYER_ASSIGNMENT (  '', '', ( #4648 ) ) ;
#4648 = STYLED_ITEM ( 'NONE', ( #4649 ), #1231 ) ;
#4649 = PRESENTATION_STYLE_ASSIGNMENT (( #4805 ) ) ;
#4650 = CARTESIAN_POINT ( 'NONE',  ( 0.2002019337725335900, -1.707404996040164500E-017, 0.5769904066713381600 ) ) ;
#4651 = DIRECTION ( 'NONE',  ( 0.0000000000000000000, 0.0000000000000000000, -1.000000000000000000 ) ) ;
#4652 = DIRECTION ( 'NONE',  ( -0.0000000000000000000, 1.000000000000000000, -0.0000000000000000000 ) ) ;
#4653 = CARTESIAN_POINT ( 'NONE',  ( 0.1604871931088237300, 0.0000000000000000000, 0.5558305537887147100 ) ) ;
#4654 = AXIS2_PLACEMENT_3D ( 'NONE', #4653, #4652, #4651 ) ;
#4655 = CIRCLE ( 'NONE', #4654, 0.04499999999999999800 ) ;
#4656 = CARTESIAN_POINT ( 'NONE',  ( -0.3953823070520450200, 0.0000000000000000000, 0.2106580909203404400 ) ) ;
#4657 = DIRECTION ( 'NONE',  ( 9.664556581359415200E-016, 0.0000000000000000000, 1.000000000000000000 ) ) ;
#4658 = VECTOR ( 'NONE', #4657, 39.37007874015748100 ) ;
#4659 = CARTESIAN_POINT ( 'NONE',  ( -0.06750000000000008800, 0.03199999999999999400, -0.3320000000000000200 ) ) ;
#4660 = LINE ( 'NONE', #4659, #4658 ) ;
#4661 = CARTESIAN_POINT ( 'NONE',  ( -0.1324999999999998400, 0.03200000000000000100, -0.3320000000000000200 ) ) ;
#4662 = CARTESIAN_POINT ( 'NONE',  ( -0.06750000000000003200, 0.03200000000000000100, -0.3320000000000000200 ) ) ;
#4663 = DIRECTION ( 'NONE',  ( -1.000000000000000000, -0.0000000000000000000, 0.0000000000000000000 ) ) ;
#4664 = VECTOR ( 'NONE', #4663, 39.37007874015748100 ) ;
#4665 = CARTESIAN_POINT ( 'NONE',  ( 0.1325000000000000100, 0.03200000000000000100, -0.3320000000000000200 ) ) ;
#4666 = DIRECTION ( 'NONE',  ( 0.0000000000000000000, -0.0000000000000000000, 1.000000000000000000 ) ) ;
#4667 = DIRECTION ( 'NONE',  ( 0.0000000000000000000, 1.000000000000000000, 0.0000000000000000000 ) ) ;
#4668 = CARTESIAN_POINT ( 'NONE',  ( 0.1325000000000000100, 0.03200000000000000100, -0.2069999999999991800 ) ) ;
#4669 = LINE ( 'NONE', #4665, #4664 ) ;
#4670 = AXIS2_PLACEMENT_3D ( 'NONE', #4668, #4667, #4666 ) ;
#4671 = PLANE ( 'NONE',  #4670 ) ;
#4672 = FACE_OUTER_BOUND ( 'NONE', #1199, .T. ) ;
#4673 = DIRECTION ( 'NONE',  ( 1.000000000000000000, 0.0000000000000000000, -0.0000000000000000000 ) ) ;
#4674 = VECTOR ( 'NONE', #4673, 39.37007874015748100 ) ;
#4675 = CARTESIAN_POINT ( 'NONE',  ( -0.1324999999999999800, 0.05000685359385530200, -0.2059999999999999600 ) ) ;
#4676 = LINE ( 'NONE', #4675, #4674 ) ;
#4677 = DIRECTION ( 'NONE',  ( 0.0000000000000000000, -0.0000000000000000000, -1.000000000000000000 ) ) ;
#4678 = DIRECTION ( 'NONE',  ( 0.0000000000000000000, -1.000000000000000000, 0.0000000000000000000 ) ) ;
#4679 = CARTESIAN_POINT ( 'NONE',  ( -0.1324999999999999500, 0.03200000000000000100, 0.6008305537887146400 ) ) ;
#4680 = AXIS2_PLACEMENT_3D ( 'NONE', #4679, #4678, #4677 ) ;
#4681 = PLANE ( 'NONE',  #4680 ) ;
#4682 = FACE_OUTER_BOUND ( 'NONE', #1192, .T. ) ;
#4683 = CARTESIAN_POINT ( 'NONE',  ( 0.2462902962237978900, 0.0000000000000000000, -0.3742259878549241700 ) ) ;
#4684 = DIRECTION ( 'NONE',  ( 0.5497551254995475300, 0.0000000000000000000, -0.8353258657475995900 ) ) ;
#4685 = DIRECTION ( 'NONE',  ( 0.8353258657475995900, -0.0000000000000000000, 0.5497551254995475300 ) ) ;
#4686 = CARTESIAN_POINT ( 'NONE',  ( 0.2185000000000000000, 0.2560000000000000100, -0.3320000000000000200 ) ) ;
#4687 = AXIS2_PLACEMENT_3D ( 'NONE', #4686, #4685, #4684 ) ;
#4688 = PLANE ( 'NONE',  #4687 ) ;
#4689 = DIRECTION ( 'NONE',  ( 0.0000000000000000000, -0.0000000000000000000, 1.000000000000000000 ) ) ;
#4690 = DIRECTION ( 'NONE',  ( 0.0000000000000000000, 1.000000000000000000, 0.0000000000000000000 ) ) ;
#4691 = CARTESIAN_POINT ( 'NONE',  ( -0.1925000000000002000, 0.1130000000000000200, -0.3319999999999999600 ) ) ;
#4692 = AXIS2_PLACEMENT_3D ( 'NONE', #4691, #4690, #4689 ) ;
#4693 = PLANE ( 'NONE',  #4692 ) ;
#4694 = FACE_OUTER_BOUND ( 'NONE', #1239, .T. ) ;
#4695 = FACE_OUTER_BOUND ( 'NONE', #1184, .T. ) ;
#4696 = DIRECTION ( 'NONE',  ( -0.0000000000000000000, 1.000000000000000000, 0.0000000000000000000 ) ) ;
#4697 = VECTOR ( 'NONE', #4696, 39.37007874015748100 ) ;
#4698 = CARTESIAN_POINT ( 'NONE',  ( 0.2185000000000000000, 0.2560000000000000100, -0.3320000000000000200 ) ) ;
#4699 = LINE ( 'NONE', #4698, #4697 ) ;
#4700 = DIRECTION ( 'NONE',  ( 0.0000000000000000000, 0.0000000000000000000, -1.000000000000000000 ) ) ;
#4701 = DIRECTION ( 'NONE',  ( 0.0000000000000000000, -1.000000000000000000, 0.0000000000000000000 ) ) ;
#4702 = AXIS2_PLACEMENT_3D ( 'NONE', #4703, #4701, #4700 ) ;
#4703 = CARTESIAN_POINT ( 'NONE',  ( 0.1604871931088237300, 0.2560000000000000100, 0.5558305537887147100 ) ) ;
#4704 = CYLINDRICAL_SURFACE ( 'NONE', #4702, 0.04499999999999999800 ) ;
#4705 = FACE_OUTER_BOUND ( 'NONE', #1243, .T. ) ;
#4706 = CARTESIAN_POINT ( 'NONE',  ( 0.2185000000000000000, 0.0000000000000000000, -0.3320000000000000200 ) ) ;
#4707 = DIRECTION ( 'NONE',  ( 0.5497551254995475300, 0.0000000000000000000, -0.8353258657475995900 ) ) ;
#4708 = VECTOR ( 'NONE', #4707, 39.37007874015748100 ) ;
#4709 = CARTESIAN_POINT ( 'NONE',  ( 0.2185000000000000000, 0.0000000000000000000, -0.3320000000000000200 ) ) ;
#4710 = LINE ( 'NONE', #4709, #4708 ) ;
#4711 = DIRECTION ( 'NONE',  ( 0.0000000000000000000, 1.000000000000000000, 0.0000000000000000000 ) ) ;
#4712 = VECTOR ( 'NONE', #4711, 39.37007874015748100 ) ;
#4713 = CARTESIAN_POINT ( 'NONE',  ( 0.2462902962237979200, 0.2560000000000000100, -0.3742259878549241100 ) ) ;
#4714 = LINE ( 'NONE', #4713, #4712 ) ;
#4715 = DIRECTION ( 'NONE',  ( 0.0000000000000000000, -0.0000000000000000000, 1.000000000000000000 ) ) ;
#4716 = DIRECTION ( 'NONE',  ( 0.0000000000000000000, 1.000000000000000000, 0.0000000000000000000 ) ) ;
#4717 = CARTESIAN_POINT ( 'NONE',  ( 0.0000000000000000000, 0.1750000000000000200, 0.0000000000000000000 ) ) ;
#4718 = AXIS2_PLACEMENT_3D ( 'NONE', #4717, #4716, #4715 ) ;
#4719 =( CONVERSION_BASED_UNIT ( 'INCH', #4720 ) LENGTH_UNIT ( ) NAMED_UNIT ( #4721 ) );
#4720 = LENGTH_MEASURE_WITH_UNIT ( LENGTH_MEASURE( 0.02539999999999999900 ), #4722 );
#4721 = DIMENSIONAL_EXPONENTS ( 1.000000000000000000, 0.0000000000000000000, 0.0000000000000000000, 0.0000000000000000000, 0.0000000000000000000, 0.0000000000000000000, 0.0000000000000000000 ) ;
#4722 =( LENGTH_UNIT ( ) NAMED_UNIT ( * ) SI_UNIT ( $, .METRE. ) );
#4723 = MECHANICAL_DESIGN_GEOMETRIC_PRESENTATION_REPRESENTATION (  '', ( #4725 ), #4766 ) ;
#4724 = PRESENTATION_LAYER_ASSIGNMENT (  '', '', ( #4725 ) ) ;
#4725 = STYLED_ITEM ( 'NONE', ( #4726 ), #1156 ) ;
#4726 = PRESENTATION_STYLE_ASSIGNMENT (( #4727 ) ) ;
#4727 = SURFACE_STYLE_USAGE ( .BOTH. , #4728 ) ;
#4728 = SURFACE_SIDE_STYLE ('',( #4729 ) ) ;
#4729 = SURFACE_STYLE_FILL_AREA ( #4730 ) ;
#4730 = FILL_AREA_STYLE ('',( #4737 ) ) ;
#4731 = COLOUR_RGB ( '',0.9882352941176471000, 1.000000000000000000, 0.9882352941176471000 ) ;
#4732 = DIRECTION ( 'NONE',  ( 0.0000000000000000000, 0.0000000000000000000, 1.000000000000000000 ) ) ;
#4733 = DIRECTION ( 'NONE',  ( 0.0000000000000000000, 1.000000000000000000, 0.0000000000000000000 ) ) ;
#4734 = CARTESIAN_POINT ( 'NONE',  ( -0.1725000000000000100, 0.1100000000000000300, -0.1729999999999999600 ) ) ;
#4735 = AXIS2_PLACEMENT_3D ( 'NONE', #4734, #4733, #4732 ) ;
#4736 = FACE_OUTER_BOUND ( 'NONE', #802, .T. ) ;
#4737 = FILL_AREA_STYLE_COLOUR ( '', #4731 ) ;
#4738 = CYLINDRICAL_SURFACE ( 'NONE', #4735, 0.01500000000000001200 ) ;
#4739 =( GEOMETRIC_REPRESENTATION_CONTEXT ( 3 ) GLOBAL_UNCERTAINTY_ASSIGNED_CONTEXT ( ( #4740 ) ) GLOBAL_UNIT_ASSIGNED_CONTEXT ( ( #4743, #4742, #4741 ) ) REPRESENTATION_CONTEXT ( 'NONE', 'WORKASPACE' ) );
#4740 = UNCERTAINTY_MEASURE_WITH_UNIT (LENGTH_MEASURE( 1.000000000000000100E-005 ), #4743, 'distance_accuracy_value', 'NONE');
#4741 =( NAMED_UNIT ( * ) SI_UNIT ( $, .STERADIAN. ) SOLID_ANGLE_UNIT ( ) );
#4742 =( NAMED_UNIT ( * ) PLANE_ANGLE_UNIT ( ) SI_UNIT ( $, .RADIAN. ) );
#4743 =( CONVERSION_BASED_UNIT ( 'INCH', #4770 ) LENGTH_UNIT ( ) NAMED_UNIT ( #4771 ) );
#4744 = PLANE ( 'NONE',  #4718 ) ;
#4745 = FACE_OUTER_BOUND ( 'NONE', #1171, .T. ) ;
#4746 = CARTESIAN_POINT ( 'NONE',  ( 0.3953823070520450200, 0.2560000000000000100, 0.2106580909203404600 ) ) ;
#4747 = DIRECTION ( 'NONE',  ( 0.0000000000000000000, 0.0000000000000000000, -1.000000000000000000 ) ) ;
#4748 = DIRECTION ( 'NONE',  ( -0.0000000000000000000, -1.000000000000000000, -0.0000000000000000000 ) ) ;
#4749 = CARTESIAN_POINT ( 'NONE',  ( 0.0000000000000000000, 0.2560000000000000100, 0.0000000000000000000 ) ) ;
#4750 = AXIS2_PLACEMENT_3D ( 'NONE', #4749, #4748, #4747 ) ;
#4751 = CIRCLE ( 'NONE', #4750, 0.4479999999999999500 ) ;
#4752 = DIRECTION ( 'NONE',  ( 0.0000000000000000000, 1.000000000000000000, 0.0000000000000000000 ) ) ;
#4753 = VECTOR ( 'NONE', #4752, 39.37007874015748100 ) ;
#4754 = CARTESIAN_POINT ( 'NONE',  ( -0.1875000000000000300, 0.1100000000000000300, -0.1729999999999999600 ) ) ;
#4755 = LINE ( 'NONE', #4754, #4753 ) ;
#4756 = CARTESIAN_POINT ( 'NONE',  ( -0.1875000000000000300, 0.1130000000000000200, -0.1729999999999999600 ) ) ;
#4757 = DIRECTION ( 'NONE',  ( -0.0000000000000000000, 0.0000000000000000000, -1.000000000000000000 ) ) ;
#4758 = VECTOR ( 'NONE', #4757, 39.37007874015748100 ) ;
#4759 = CARTESIAN_POINT ( 'NONE',  ( -0.1875000000000000300, 0.1130000000000000200, -0.3319999999999999600 ) ) ;
#4760 = LINE ( 'NONE', #4759, #4758 ) ;
#4761 = DIRECTION ( 'NONE',  ( 0.0000000000000000000, 0.0000000000000000000, 1.000000000000000000 ) ) ;
#4762 = DIRECTION ( 'NONE',  ( -1.000000000000000000, 0.0000000000000000000, 0.0000000000000000000 ) ) ;
#4763 = CARTESIAN_POINT ( 'NONE',  ( -0.1875000000000000300, 0.1100000000000000300, 0.2960000000000000400 ) ) ;
#4764 = AXIS2_PLACEMENT_3D ( 'NONE', #4763, #4762, #4761 ) ;
#4765 = PLANE ( 'NONE',  #4764 ) ;
#4766 =( GEOMETRIC_REPRESENTATION_CONTEXT ( 3 ) GLOBAL_UNCERTAINTY_ASSIGNED_CONTEXT ( ( #4767 ) ) GLOBAL_UNIT_ASSIGNED_CONTEXT ( ( #4719, #4769, #4768 ) ) REPRESENTATION_CONTEXT ( 'NONE', 'WORKASPACE' ) );
#4767 = UNCERTAINTY_MEASURE_WITH_UNIT (LENGTH_MEASURE( 1.000000000000000100E-005 ), #4719, 'distance_accuracy_value', 'NONE');
#4768 =( NAMED_UNIT ( * ) SI_UNIT ( $, .STERADIAN. ) SOLID_ANGLE_UNIT ( ) );
#4769 =( NAMED_UNIT ( * ) PLANE_ANGLE_UNIT ( ) SI_UNIT ( $, .RADIAN. ) );
#4770 = LENGTH_MEASURE_WITH_UNIT ( LENGTH_MEASURE( 0.02539999999999999900 ), #4772 );
#4771 = DIMENSIONAL_EXPONENTS ( 1.000000000000000000, 0.0000000000000000000, 0.0000000000000000000, 0.0000000000000000000, 0.0000000000000000000, 0.0000000000000000000, 0.0000000000000000000 ) ;
#4772 =( LENGTH_UNIT ( ) NAMED_UNIT ( * ) SI_UNIT ( $, .METRE. ) );
#4773 = MECHANICAL_DESIGN_GEOMETRIC_PRESENTATION_REPRESENTATION (  '', ( #4775 ), #4739 ) ;
#4774 = PRESENTATION_LAYER_ASSIGNMENT (  '', '', ( #4775 ) ) ;
#4775 = STYLED_ITEM ( 'NONE', ( #4776 ), #1154 ) ;
#4776 = PRESENTATION_STYLE_ASSIGNMENT (( #4777 ) ) ;
#4777 = SURFACE_STYLE_USAGE ( .BOTH. , #4778 ) ;
#4778 = SURFACE_SIDE_STYLE ('',( #4779 ) ) ;
#4779 = SURFACE_STYLE_FILL_AREA ( #4787 ) ;
#4780 = COLOUR_RGB ( '',0.9882352941176471000, 1.000000000000000000, 0.9882352941176471000 ) ;
#4781 = FACE_OUTER_BOUND ( 'NONE', #1155, .T. ) ;
#4782 = DIRECTION ( 'NONE',  ( 0.0000000000000000000, -0.0000000000000000000, 1.000000000000000000 ) ) ;
#4783 = DIRECTION ( 'NONE',  ( 0.0000000000000000000, 1.000000000000000000, 0.0000000000000000000 ) ) ;
#4784 = CARTESIAN_POINT ( 'NONE',  ( 0.0000000000000000000, 0.2560000000000000100, 0.0000000000000000000 ) ) ;
#4785 = AXIS2_PLACEMENT_3D ( 'NONE', #4784, #4783, #4782 ) ;
#4786 = PLANE ( 'NONE',  #4785 ) ;
#4787 = FILL_AREA_STYLE ('',( #4788 ) ) ;
#4788 = FILL_AREA_STYLE_COLOUR ( '', #4780 ) ;
#4789 = FACE_OUTER_BOUND ( 'NONE', #1152, .T. ) ;
#4790 = DIRECTION ( 'NONE',  ( -0.8660254037844400400, 0.0000000000000000000, 0.4999999999999975600 ) ) ;
#4791 = VECTOR ( 'NONE', #4790, 39.37007874015748900 ) ;
#4792 = CARTESIAN_POINT ( 'NONE',  ( 0.4220851805298531700, 0.2560000000000000100, -0.1501602489911403300 ) ) ;
#4793 = LINE ( 'NONE', #4792, #4791 ) ;
#4794 = CARTESIAN_POINT ( 'NONE',  ( 0.2462902962237978900, 0.1750000000000000200, -0.3742259878549241700 ) ) ;
#4795 = DIRECTION ( 'NONE',  ( 0.0000000000000000000, 0.0000000000000000000, -1.000000000000000000 ) ) ;
#4796 = DIRECTION ( 'NONE',  ( -0.0000000000000000000, -1.000000000000000000, -0.0000000000000000000 ) ) ;
#4797 = CARTESIAN_POINT ( 'NONE',  ( 0.0000000000000000000, 0.1750000000000000200, 0.0000000000000000000 ) ) ;
#4798 = AXIS2_PLACEMENT_3D ( 'NONE', #4797, #4796, #4795 ) ;
#4799 = CIRCLE ( 'NONE', #4798, 0.4479999999999999500 ) ;
#4800 = CARTESIAN_POINT ( 'NONE',  ( 0.4077834601398489000, 0.1750000000000000200, -0.1855172488917737100 ) ) ;
#4801 = DIRECTION ( 'NONE',  ( -0.8660254037844400400, 0.0000000000000000000, 0.4999999999999976700 ) ) ;
#4802 = VECTOR ( 'NONE', #4801, 39.37007874015748100 ) ;
#4803 = CARTESIAN_POINT ( 'NONE',  ( 0.02161453984472324500, 0.1750000000000000200, 0.03743748119328280100 ) ) ;
#4804 = LINE ( 'NONE', #4803, #4802 ) ;
#4805 = SURFACE_STYLE_USAGE ( .BOTH. , #4806 ) ;
#4806 = SURFACE_SIDE_STYLE ('',( #4807 ) ) ;
#4807 = SURFACE_STYLE_FILL_AREA ( #4808 ) ;
#4808 = FILL_AREA_STYLE ('',( #4815 ) ) ;
#4809 = COLOUR_RGB ( '',0.9882352941176471000, 1.000000000000000000, 0.9882352941176471000 ) ;
#4810 = FACE_OUTER_BOUND ( 'NONE', #1080, .T. ) ;
#4811 = DIRECTION ( 'NONE',  ( -0.0000000000000000000, -0.7193398003386495300, -0.6946583704589989200 ) ) ;
#4812 = VECTOR ( 'NONE', #4811, 39.37007874015748900 ) ;
#4813 = CARTESIAN_POINT ( 'NONE',  ( 0.006653659606203124300, 0.03957718354096541300, -0.2130016660197238100 ) ) ;
#4814 = LINE ( 'NONE', #4813, #4812 ) ;
#4815 = FILL_AREA_STYLE_COLOUR ( '', #4809 ) ;
#4816 = CARTESIAN_POINT ( 'NONE',  ( 0.006653659606203118200, 0.04847271408220150300, -0.2044113520300986100 ) ) ;
#4817 = DIRECTION ( 'NONE',  ( 0.0000000000000000000, 0.6946583704589989200, -0.7193398003386495300 ) ) ;
#4818 = VECTOR ( 'NONE', #4817, 39.37007874015748900 ) ;
#4819 = CARTESIAN_POINT ( 'NONE',  ( 0.006653659606203103500, 0.04847271408220150300, -0.2044113520300986100 ) ) ;
#4820 = LINE ( 'NONE', #4819, #4818 ) ;
#4821 = CARTESIAN_POINT ( 'NONE',  ( 0.006653659606203113900, 0.05000685359385530200, -0.2059999999999999600 ) ) ;
#4822 = DIRECTION ( 'NONE',  ( 0.0000000000000000000, -1.000000000000000000, -0.0000000000000000000 ) ) ;
#4823 = VECTOR ( 'NONE', #4822, 39.37007874015748100 ) ;
#4824 = CARTESIAN_POINT ( 'NONE',  ( 0.006653659606203111300, 0.2560000000000000100, -0.2059999999999999600 ) ) ;
#4825 = LINE ( 'NONE', #4824, #4823 ) ;
#4826 = DIRECTION ( 'NONE',  ( 0.0000000000000000000, 0.0000000000000000000, 1.000000000000000000 ) ) ;
#4827 = DIRECTION ( 'NONE',  ( -1.000000000000000000, 0.0000000000000000000, 0.0000000000000000000 ) ) ;
#4828 = CARTESIAN_POINT ( 'NONE',  ( 0.006653659606203120000, 0.04847271408220150300, -0.2044113520300986100 ) ) ;
#4829 = AXIS2_PLACEMENT_3D ( 'NONE', #4828, #4827, #4826 ) ;
#4830 = PLANE ( 'NONE',  #4829 ) ;
#4831 =( GEOMETRIC_REPRESENTATION_CONTEXT ( 3 ) GLOBAL_UNCERTAINTY_ASSIGNED_CONTEXT ( ( #4832 ) ) GLOBAL_UNIT_ASSIGNED_CONTEXT ( ( #4604, #4603, #4833 ) ) REPRESENTATION_CONTEXT ( 'NONE', 'WORKASPACE' ) );
#4832 = UNCERTAINTY_MEASURE_WITH_UNIT (LENGTH_MEASURE( 1.000000000000000100E-005 ), #4604, 'distance_accuracy_value', 'NONE');
#4833 =( NAMED_UNIT ( * ) SI_UNIT ( $, .STERADIAN. ) SOLID_ANGLE_UNIT ( ) );
#4834 = PLANE ( 'NONE',  #4978 ) ;
#4835 = AXIS2_PLACEMENT_3D ( 'NONE', #4982, #4981, #4980 ) ;
#4836 = PLANE ( 'NONE',  #4835 ) ;
#4837 = FACE_OUTER_BOUND ( 'NONE', #1289, .T. ) ;
#4838 = DIRECTION ( 'NONE',  ( -0.0000000000000000000, -1.000000000000000000, -0.0000000000000000000 ) ) ;
#4839 = VECTOR ( 'NONE', #4838, 39.37007874015748100 ) ;
#4840 = CARTESIAN_POINT ( 'NONE',  ( -0.2462902962237980600, 0.2560000000000000100, -0.3742259878549241100 ) ) ;
#4841 = LINE ( 'NONE', #4840, #4839 ) ;
#4842 = CARTESIAN_POINT ( 'NONE',  ( 0.1324999999999999800, 0.1130000000000000200, -0.2259999999999999500 ) ) ;
#4843 = DIRECTION ( 'NONE',  ( 1.000000000000000000, -0.0000000000000000000, 0.0000000000000000000 ) ) ;
#4844 = VECTOR ( 'NONE', #4843, 39.37007874015748100 ) ;
#4845 = CARTESIAN_POINT ( 'NONE',  ( 0.06749999999999999100, 0.1130000000000000200, -0.2259999999999999500 ) ) ;
#4846 = LINE ( 'NONE', #4845, #4844 ) ;
#4847 = DIRECTION ( 'NONE',  ( 6.443037720906276800E-016, -0.0000000000000000000, 1.000000000000000000 ) ) ;
#4848 = VECTOR ( 'NONE', #4847, 39.37007874015748100 ) ;
#4849 = CARTESIAN_POINT ( 'NONE',  ( 0.06749999999999992100, 0.1130000000000000200, -0.3320000000000000200 ) ) ;
#4850 = LINE ( 'NONE', #4849, #4848 ) ;
#4851 = LINE ( 'NONE', #4902, #4901 ) ;
#4852 = DIRECTION ( 'NONE',  ( 1.000000000000000000, -0.0000000000000000000, 0.0000000000000000000 ) ) ;
#4853 = VECTOR ( 'NONE', #4852, 39.37007874015748100 ) ;
#4854 = CARTESIAN_POINT ( 'NONE',  ( -0.1325000000000000600, 0.03200000000000000100, 0.4908305537887147600 ) ) ;
#4855 = LINE ( 'NONE', #4854, #4853 ) ;
#4856 = AXIS2_PLACEMENT_3D ( 'NONE', #4872, #4858, #4857 ) ;
#4857 = DIRECTION ( 'NONE',  ( 0.0000000000000000000, 0.7193398003386495300, 0.6946583704589989200 ) ) ;
#4858 = DIRECTION ( 'NONE',  ( 0.0000000000000000000, 0.6946583704589990300, -0.7193398003386496400 ) ) ;
#4859 = DIRECTION ( 'NONE',  ( 0.4702189529471883000, -0.0000000000000000000, -0.8825497925268861500 ) ) ;
#4860 = VECTOR ( 'NONE', #4859, 39.37007874015748900 ) ;
#4861 = CARTESIAN_POINT ( 'NONE',  ( 0.1875000000000000800, 0.2560000000000000100, 0.6008305537887146400 ) ) ;
#4862 = LINE ( 'NONE', #4861, #4860 ) ;
#4863 = LINE ( 'NONE', #4925, #4924 ) ;
#4864 = CARTESIAN_POINT ( 'NONE',  ( -0.2462902962237979700, 0.1750000000000000200, -0.3742259878549241700 ) ) ;
#4865 = DIRECTION ( 'NONE',  ( -0.5497551254995475300, -0.0000000000000000000, -0.8353258657475995900 ) ) ;
#4866 = VECTOR ( 'NONE', #4865, 39.37007874015748100 ) ;
#4867 = CARTESIAN_POINT ( 'NONE',  ( -0.2185000000000000000, 0.1750000000000000200, -0.3320000000000000200 ) ) ;
#4868 = DIRECTION ( 'NONE',  ( 0.0000000000000000000, -0.0000000000000000000, 1.000000000000000000 ) ) ;
#4869 = DIRECTION ( 'NONE',  ( 0.0000000000000000000, 1.000000000000000000, 0.0000000000000000000 ) ) ;
#4870 = CARTESIAN_POINT ( 'NONE',  ( 0.0000000000000000000, 0.1750000000000000200, 0.0000000000000000000 ) ) ;
#4871 = LINE ( 'NONE', #4867, #4866 ) ;
#4872 = CARTESIAN_POINT ( 'NONE',  ( -0.005712583075000198100, 0.04166115865234240600, -0.2151596854207397700 ) ) ;
#4873 = CIRCLE ( 'NONE', #4877, 0.04499999999999999800 ) ;
#4874 = DIRECTION ( 'NONE',  ( 0.0000000000000000000, 0.0000000000000000000, -1.000000000000000000 ) ) ;
#4875 = DIRECTION ( 'NONE',  ( 0.0000000000000000000, -1.000000000000000000, 0.0000000000000000000 ) ) ;
#4876 = AXIS2_PLACEMENT_3D ( 'NONE', #4878, #4875, #4874 ) ;
#4877 = AXIS2_PLACEMENT_3D ( 'NONE', #4957, #4956, #4955 ) ;
#4878 = CARTESIAN_POINT ( 'NONE',  ( -0.1604871931088236200, 0.2560000000000000100, 0.5558305537887147100 ) ) ;
#4879 = CYLINDRICAL_SURFACE ( 'NONE', #4876, 0.04499999999999999800 ) ;
#4880 = FACE_OUTER_BOUND ( 'NONE', #1322, .T. ) ;
#4881 = DIRECTION ( 'NONE',  ( 0.0000000000000000000, 0.0000000000000000000, -1.000000000000000000 ) ) ;
#4882 = DIRECTION ( 'NONE',  ( 0.0000000000000000000, -1.000000000000000000, 0.0000000000000000000 ) ) ;
#4883 = CARTESIAN_POINT ( 'NONE',  ( -0.1604871931088236200, 0.2560000000000000100, 0.5558305537887147100 ) ) ;
#4884 = AXIS2_PLACEMENT_3D ( 'NONE', #4883, #4882, #4881 ) ;
#4885 = CIRCLE ( 'NONE', #4884, 0.04499999999999999800 ) ;
#4886 = CARTESIAN_POINT ( 'NONE',  ( -0.2002019337725335400, 0.2560000000000000100, 0.5769904066713381600 ) ) ;
#4887 = DIRECTION ( 'NONE',  ( 0.4702189529471885700, -0.0000000000000000000, 0.8825497925268859200 ) ) ;
#4888 = VECTOR ( 'NONE', #4887, 39.37007874015748900 ) ;
#4889 = CARTESIAN_POINT ( 'NONE',  ( -0.1874999999999999400, 0.2560000000000000100, 0.6008305537887147500 ) ) ;
#4890 = LINE ( 'NONE', #4889, #4888 ) ;
#4891 = CARTESIAN_POINT ( 'NONE',  ( -0.3953823070520450200, 0.2560000000000000100, 0.2106580909203403800 ) ) ;
#4892 = DIRECTION ( 'NONE',  ( 0.0000000000000000000, 0.0000000000000000000, -1.000000000000000000 ) ) ;
#4893 = DIRECTION ( 'NONE',  ( -0.0000000000000000000, -1.000000000000000000, -0.0000000000000000000 ) ) ;
#4894 = CARTESIAN_POINT ( 'NONE',  ( 0.0000000000000000000, 0.2560000000000000100, 0.0000000000000000000 ) ) ;
#4895 = AXIS2_PLACEMENT_3D ( 'NONE', #4894, #4893, #4892 ) ;
#4896 = CIRCLE ( 'NONE', #4895, 0.4480000000000000600 ) ;
#4897 = CARTESIAN_POINT ( 'NONE',  ( -0.06749999999999999100, 0.1130000000000000200, -0.3320000000000000200 ) ) ;
#4898 = LINE ( 'NONE', #5006, #5005 ) ;
#4899 = CARTESIAN_POINT ( 'NONE',  ( 0.1325000000000000300, 0.03200000000000000100, 0.4908305537887147100 ) ) ;
#4900 = DIRECTION ( 'NONE',  ( -0.0000000000000000000, -0.0000000000000000000, 1.000000000000000000 ) ) ;
#4901 = VECTOR ( 'NONE', #4900, 39.37007874015748100 ) ;
#4902 = CARTESIAN_POINT ( 'NONE',  ( 0.1325000000000000300, 0.03200000000000000100, 0.4908305537887147100 ) ) ;
#4903 = CARTESIAN_POINT ( 'NONE',  ( 0.06749999999999992100, 0.1130000000000000200, -0.3320000000000000200 ) ) ;
#4904 = DIRECTION ( 'NONE',  ( -1.000000000000000000, -0.0000000000000000000, 0.0000000000000000000 ) ) ;
#4905 = VECTOR ( 'NONE', #4904, 39.37007874015748100 ) ;
#4906 = CARTESIAN_POINT ( 'NONE',  ( 0.06749999999999992100, 0.1130000000000000200, -0.3320000000000000200 ) ) ;
#4907 = LINE ( 'NONE', #4906, #4905 ) ;
#4908 = DIRECTION ( 'NONE',  ( -8.537024980200824800E-016, -0.0000000000000000000, -1.000000000000000000 ) ) ;
#4909 = VECTOR ( 'NONE', #4908, 39.37007874015748100 ) ;
#4910 = CARTESIAN_POINT ( 'NONE',  ( -0.1324999999999999800, 0.1130000000000000200, -0.2059999999999999600 ) ) ;
#4911 = LINE ( 'NONE', #4910, #4909 ) ;
#4912 = CARTESIAN_POINT ( 'NONE',  ( -0.1324999999999999800, 0.1130000000000000200, -0.2059999999999999600 ) ) ;
#4913 = DIRECTION ( 'NONE',  ( -1.000000000000000000, -0.0000000000000000000, 0.0000000000000000000 ) ) ;
#4914 = VECTOR ( 'NONE', #4913, 39.37007874015748100 ) ;
#4915 = CARTESIAN_POINT ( 'NONE',  ( -0.06750000000000008800, 0.1130000000000000200, -0.3320000000000000200 ) ) ;
#4916 = LINE ( 'NONE', #4915, #4914 ) ;
#4917 = DIRECTION ( 'NONE',  ( 0.0000000000000000000, 0.0000000000000000000, -1.000000000000000000 ) ) ;
#4918 = DIRECTION ( 'NONE',  ( -0.0000000000000000000, 1.000000000000000000, -0.0000000000000000000 ) ) ;
#4919 = CARTESIAN_POINT ( 'NONE',  ( 0.1604871931088237300, 0.2560000000000000100, 0.5558305537887147100 ) ) ;
#4920 = AXIS2_PLACEMENT_3D ( 'NONE', #4919, #4918, #4917 ) ;
#4921 = CIRCLE ( 'NONE', #4920, 0.04499999999999999800 ) ;
#4922 = CARTESIAN_POINT ( 'NONE',  ( 0.2002019337725335900, 0.2560000000000000100, 0.5769904066713381600 ) ) ;
#4923 = DIRECTION ( 'NONE',  ( -1.000000000000000000, -0.0000000000000000000, 0.0000000000000000000 ) ) ;
#4924 = VECTOR ( 'NONE', #4923, 39.37007874015748100 ) ;
#4925 = CARTESIAN_POINT ( 'NONE',  ( -0.1925000000000002000, 0.1130000000000000200, 0.2959999999999999900 ) ) ;
#4926 = CARTESIAN_POINT ( 'NONE',  ( -0.1324999999999999800, 0.03200000000000000100, 0.4908305537887147100 ) ) ;
#4927 = LINE ( 'NONE', #4926, #4169 ) ;
#4928 = CARTESIAN_POINT ( 'NONE',  ( -0.2185000000000000000, 0.0000000000000000000, -0.3320000000000000200 ) ) ;
#4929 = DIRECTION ( 'NONE',  ( 0.0000000000000000000, -1.000000000000000000, -0.0000000000000000000 ) ) ;
#4930 = VECTOR ( 'NONE', #4929, 39.37007874015748100 ) ;
#4931 = CARTESIAN_POINT ( 'NONE',  ( -0.2184999999999999700, 0.2560000000000000100, -0.3320000000000000200 ) ) ;
#4932 = LINE ( 'NONE', #4931, #4930 ) ;
#4933 = DIRECTION ( 'NONE',  ( 0.5497551254995475300, 0.0000000000000000000, 0.8353258657475995900 ) ) ;
#4934 = DIRECTION ( 'NONE',  ( -0.8353258657475995900, 0.0000000000000000000, 0.5497551254995475300 ) ) ;
#4935 = CARTESIAN_POINT ( 'NONE',  ( -0.2185000000000000000, 0.2560000000000000100, -0.3320000000000000200 ) ) ;
#4936 = AXIS2_PLACEMENT_3D ( 'NONE', #4935, #4934, #4933 ) ;
#4937 = PLANE ( 'NONE',  #4936 ) ;
#4938 = FACE_OUTER_BOUND ( 'NONE', #1339, .T. ) ;
#4939 = DIRECTION ( 'NONE',  ( 0.0000000000000000000, 0.0000000000000000000, -1.000000000000000000 ) ) ;
#4940 = DIRECTION ( 'NONE',  ( -0.0000000000000000000, -1.000000000000000000, -0.0000000000000000000 ) ) ;
#4941 = AXIS2_PLACEMENT_3D ( 'NONE', #4948, #4940, #4939 ) ;
#4942 = CIRCLE ( 'NONE', #4941, 0.4480000000000000600 ) ;
#4943 = DIRECTION ( 'NONE',  ( 0.0000000000000000000, -0.0000000000000000000, -1.000000000000000000 ) ) ;
#4944 = DIRECTION ( 'NONE',  ( 0.0000000000000000000, -1.000000000000000000, 0.0000000000000000000 ) ) ;
#4945 = CARTESIAN_POINT ( 'NONE',  ( -0.1324999999999999500, 0.03200000000000000100, 0.6008305537887146400 ) ) ;
#4946 = AXIS2_PLACEMENT_3D ( 'NONE', #4945, #4944, #4943 ) ;
#4947 = PLANE ( 'NONE',  #4946 ) ;
#4948 = CARTESIAN_POINT ( 'NONE',  ( 0.0000000000000000000, 0.1750000000000000200, 0.0000000000000000000 ) ) ;
#4949 = FACE_OUTER_BOUND ( 'NONE', #1333, .T. ) ;
#4950 = DIRECTION ( 'NONE',  ( -0.0000000000000000000, -1.000000000000000000, -0.0000000000000000000 ) ) ;
#4951 = VECTOR ( 'NONE', #4950, 39.37007874015748100 ) ;
#4952 = CARTESIAN_POINT ( 'NONE',  ( -0.2002019337725335400, 0.2560000000000000100, 0.5769904066713381600 ) ) ;
#4953 = LINE ( 'NONE', #4952, #4951 ) ;
#4954 = CARTESIAN_POINT ( 'NONE',  ( -0.2002019337725335400, 0.0000000000000000000, 0.5769904066713381600 ) ) ;
#4955 = DIRECTION ( 'NONE',  ( 0.0000000000000000000, 0.0000000000000000000, -1.000000000000000000 ) ) ;
#4956 = DIRECTION ( 'NONE',  ( -0.0000000000000000000, 1.000000000000000000, -0.0000000000000000000 ) ) ;
#4957 = CARTESIAN_POINT ( 'NONE',  ( -0.1604871931088236200, 0.0000000000000000000, 0.5558305537887147100 ) ) ;
#4958 = AXIS2_PLACEMENT_3D ( 'NONE', #4870, #4869, #4868 ) ;
#4959 = PLANE ( 'NONE',  #4958 ) ;
#4960 = FACE_OUTER_BOUND ( 'NONE', #1303, .T. ) ;
#4961 = DIRECTION ( 'NONE',  ( -0.8660254037844402600, 0.0000000000000000000, -0.4999999999999972800 ) ) ;
#4962 = VECTOR ( 'NONE', #4961, 39.37007874015748100 ) ;
#4963 = CARTESIAN_POINT ( 'NONE',  ( -0.3779644425713626400, 0.2560000000000000100, -0.1246871290539610400 ) ) ;
#4964 = CARTESIAN_POINT ( 'NONE',  ( -0.4077834601398489000, 0.1750000000000000200, -0.1855172488917737300 ) ) ;
#4965 = CARTESIAN_POINT ( 'NONE',  ( -0.4130512419524100500, 0.2021529876104288200, -0.1739381946118070700 ) ) ;
#4966 = CARTESIAN_POINT ( 'NONE',  ( -0.4178213644516694000, 0.2291693123534339600, -0.1621454021271908900 ) ) ;
#4967 = CARTESIAN_POINT ( 'NONE',  ( -0.4220851805298532200, 0.2560000000000000100, -0.1501602489911403300 ) ) ;
#4968 =( BOUNDED_CURVE ( )  B_SPLINE_CURVE ( 3, ( #4967, #4966, #4965, #4964 ),
 .UNSPECIFIED., .F., .T. ) 
 B_SPLINE_CURVE_WITH_KNOTS ( ( 4, 4 ),
 ( 4.530585553569324900, 4.615745126354306100 ),
 .UNSPECIFIED. ) 
 CURVE ( )  GEOMETRIC_REPRESENTATION_ITEM ( )  RATIONAL_B_SPLINE_CURVE ( ( 1.000000000000000000, 0.9993957452332816700, 0.9993957452332816700, 1.000000000000000000 ) ) 
 REPRESENTATION_ITEM ( '' )  );
#4969 = LINE ( 'NONE', #4963, #4962 ) ;
#4970 = CARTESIAN_POINT ( 'NONE',  ( -0.4220851805298532200, 0.2560000000000000100, -0.1501602489911403300 ) ) ;
#4971 = DIRECTION ( 'NONE',  ( 0.8660254037844398200, 0.0000000000000000000, 0.4999999999999977200 ) ) ;
#4972 = VECTOR ( 'NONE', #4971, 39.37007874015748100 ) ;
#4973 = CARTESIAN_POINT ( 'NONE',  ( -0.4077834601398489000, 0.1750000000000000200, -0.1855172488917737100 ) ) ;
#4974 = DIRECTION ( 'NONE',  ( 9.664556581359415200E-016, 0.0000000000000000000, 1.000000000000000000 ) ) ;
#4975 = DIRECTION ( 'NONE',  ( -1.000000000000000000, 0.0000000000000000000, 9.664556581359415200E-016 ) ) ;
#4976 = LINE ( 'NONE', #4973, #4972 ) ;
#4977 = CARTESIAN_POINT ( 'NONE',  ( -0.06750000000000008800, 0.2560000000000000100, -0.3320000000000000200 ) ) ;
#4978 = AXIS2_PLACEMENT_3D ( 'NONE', #4977, #4975, #4974 ) ;
#4979 = FACE_OUTER_BOUND ( 'NONE', #1294, .T. ) ;
#4980 = DIRECTION ( 'NONE',  ( 0.0000000000000000000, -0.0000000000000000000, 1.000000000000000000 ) ) ;
#4981 = DIRECTION ( 'NONE',  ( 0.0000000000000000000, 1.000000000000000000, 0.0000000000000000000 ) ) ;
#4982 = CARTESIAN_POINT ( 'NONE',  ( 0.0000000000000000000, 0.2560000000000000100, 0.0000000000000000000 ) ) ;
#4983 = PLANE ( 'NONE',  #4856 ) ;
#4984 = DIRECTION ( 'NONE',  ( 0.0000000000000000000, 1.000000000000000000, 0.0000000000000000000 ) ) ;
#4985 = VECTOR ( 'NONE', #4984, 39.37007874015748100 ) ;
#4986 = CARTESIAN_POINT ( 'NONE',  ( 0.2002019337725335900, 0.2560000000000000100, 0.5769904066713381600 ) ) ;
#4987 = LINE ( 'NONE', #4986, #4985 ) ;
#4988 = DIRECTION ( 'NONE',  ( -1.000000000000000000, -0.0000000000000000000, 0.0000000000000000000 ) ) ;
#4989 = VECTOR ( 'NONE', #4988, 39.37007874015748100 ) ;
#4990 = CARTESIAN_POINT ( 'NONE',  ( -0.1324999999999999800, 0.1130000000000000200, -0.2059999999999999600 ) ) ;
#4991 = CARTESIAN_POINT ( 'NONE',  ( 0.4220851805298531700, 0.2560000000000000100, -0.1501602489911403300 ) ) ;
#4992 = CARTESIAN_POINT ( 'NONE',  ( 0.4178213644516694000, 0.2291693123534340200, -0.1621454021271908900 ) ) ;
#4993 = CARTESIAN_POINT ( 'NONE',  ( 0.4130512419524100500, 0.2021529876104289100, -0.1739381946118070100 ) ) ;
#4994 = CARTESIAN_POINT ( 'NONE',  ( 0.4077834601398489000, 0.1750000000000000200, -0.1855172488917737100 ) ) ;
#4995 =( BOUNDED_CURVE ( )  B_SPLINE_CURVE ( 3, ( #4994, #4993, #4992, #4991 ),
 .UNSPECIFIED., .F., .T. ) 
 B_SPLINE_CURVE_WITH_KNOTS ( ( 4, 4 ),
 ( 1.667440180825280300, 1.752599753610261500 ),
 .UNSPECIFIED. ) 
 CURVE ( )  GEOMETRIC_REPRESENTATION_ITEM ( )  RATIONAL_B_SPLINE_CURVE ( ( 1.000000000000000000, 0.9993957452332816700, 0.9993957452332816700, 1.000000000000000000 ) ) 
 REPRESENTATION_ITEM ( '' )  );
#4996 = LINE ( 'NONE', #4990, #4989 ) ;
#4997 = CARTESIAN_POINT ( 'NONE',  ( 0.4220851805298531700, 0.2560000000000000100, -0.1501602489911403300 ) ) ;
#4998 = DIRECTION ( 'NONE',  ( -0.8660254037844400400, 0.0000000000000000000, 0.4999999999999976700 ) ) ;
#4999 = DIRECTION ( 'NONE',  ( -0.4531538935183236400, 0.4226182617406961100, -0.7848855672213984600 ) ) ;
#5000 = CARTESIAN_POINT ( 'NONE',  ( 0.0000000000000000000, 0.08229493943872151500, 0.0000000000000000000 ) ) ;
#5001 = AXIS2_PLACEMENT_3D ( 'NONE', #5000, #4999, #4998 ) ;
#5002 = PLANE ( 'NONE',  #5001 ) ;
#5003 = FACE_OUTER_BOUND ( 'NONE', #1250, .T. ) ;
#5004 = DIRECTION ( 'NONE',  ( -0.5497551254995475300, -0.0000000000000000000, 0.8353258657475995900 ) ) ;
#5005 = VECTOR ( 'NONE', #5004, 39.37007874015748100 ) ;
#5006 = CARTESIAN_POINT ( 'NONE',  ( 0.2185000000000000000, 0.1750000000000000200, -0.3320000000000000200 ) ) ;
#5007 = FILL_AREA_STYLE ('',( #5104 ) ) ;
#5008 = COLOUR_RGB ( '',0.9882352941176471000, 1.000000000000000000, 0.9882352941176471000 ) ;
#5009 = FACE_OUTER_BOUND ( 'NONE', #1353, .T. ) ;
#5010 = DIRECTION ( 'NONE',  ( 1.000000000000000000, 0.0000000000000000000, 0.0000000000000000000 ) ) ;
#5011 = VECTOR ( 'NONE', #5010, 39.37007874015748100 ) ;
#5012 = CARTESIAN_POINT ( 'NONE',  ( -0.1324999999999999500, 0.03200000000000000100, 0.4908305537887147100 ) ) ;
#5013 =( NAMED_UNIT ( * ) PLANE_ANGLE_UNIT ( ) SI_UNIT ( $, .RADIAN. ) );
#5014 =( CONVERSION_BASED_UNIT ( 'INCH', #5015 ) LENGTH_UNIT ( ) NAMED_UNIT ( #5016 ) );
#5015 = LENGTH_MEASURE_WITH_UNIT ( LENGTH_MEASURE( 0.02539999999999999900 ), #5017 );
#5016 = DIMENSIONAL_EXPONENTS ( 1.000000000000000000, 0.0000000000000000000, 0.0000000000000000000, 0.0000000000000000000, 0.0000000000000000000, 0.0000000000000000000, 0.0000000000000000000 ) ;
#5017 =( LENGTH_UNIT ( ) NAMED_UNIT ( * ) SI_UNIT ( $, .METRE. ) );
#5018 = MECHANICAL_DESIGN_GEOMETRIC_PRESENTATION_REPRESENTATION (  '', ( #5020 ), #5092 ) ;
#5019 = PRESENTATION_LAYER_ASSIGNMENT (  '', '', ( #5020 ) ) ;
#5020 = STYLED_ITEM ( 'NONE', ( #5021 ), #1394 ) ;
#5021 = PRESENTATION_STYLE_ASSIGNMENT (( #5022 ) ) ;
#5022 = SURFACE_STYLE_USAGE ( .BOTH. , #5023 ) ;
#5023 = SURFACE_SIDE_STYLE ('',( #5024 ) ) ;
#5024 = SURFACE_STYLE_FILL_AREA ( #5025 ) ;
#5025 = FILL_AREA_STYLE ('',( #5032 ) ) ;
#5026 = COLOUR_RGB ( '',0.9882352941176471000, 1.000000000000000000, 0.9882352941176471000 ) ;
#5027 = FACE_OUTER_BOUND ( 'NONE', #1395, .T. ) ;
#5028 = DIRECTION ( 'NONE',  ( 0.0000000000000000000, -1.000000000000000000, -0.0000000000000000000 ) ) ;
#5029 = VECTOR ( 'NONE', #5028, 39.37007874015748100 ) ;
#5030 = CARTESIAN_POINT ( 'NONE',  ( 0.04728559984444258300, 0.2560000000000000100, -0.2059999999999999600 ) ) ;
#5031 = LINE ( 'NONE', #5030, #5029 ) ;
#5032 = FILL_AREA_STYLE_COLOUR ( '', #5026 ) ;
#5033 = CARTESIAN_POINT ( 'NONE',  ( -0.005712583075000211100, 0.05114629057030394000, -0.2059999999999999600 ) ) ;
#5034 = DIRECTION ( 'NONE',  ( 0.0000000000000000000, 0.7193398003386495300, 0.6946583704589989200 ) ) ;
#5035 = VECTOR ( 'NONE', #5034, 39.37007874015748900 ) ;
#5036 = CARTESIAN_POINT ( 'NONE',  ( -0.005712583075000240600, 0.04166115865234240600, -0.2151596854207397700 ) ) ;
#5037 = LINE ( 'NONE', #5036, #5035 ) ;
#5038 = CARTESIAN_POINT ( 'NONE',  ( 0.04728559984444258300, 0.04682762095142677800, -0.2059999999999999600 ) ) ;
#5039 = DIRECTION ( 'NONE',  ( -0.0000000000000000000, -0.7193398003386495300, -0.6946583704589989200 ) ) ;
#5040 = VECTOR ( 'NONE', #5039, 39.37007874015748900 ) ;
#5041 = CARTESIAN_POINT ( 'NONE',  ( 0.04728559984444259700, 0.03957718354096541300, -0.2130016660197238100 ) ) ;
#5042 = DIRECTION ( 'NONE',  ( 0.0000000000000000000, 0.0000000000000000000, 1.000000000000000000 ) ) ;
#5043 = DIRECTION ( 'NONE',  ( -1.000000000000000000, 0.0000000000000000000, 0.0000000000000000000 ) ) ;
#5044 = CARTESIAN_POINT ( 'NONE',  ( 0.04728559984444258300, 0.03957718354096541300, -0.2130016660197238100 ) ) ;
#5045 = AXIS2_PLACEMENT_3D ( 'NONE', #5044, #5043, #5042 ) ;
#5046 = LINE ( 'NONE', #5041, #5040 ) ;
#5047 = PLANE ( 'NONE',  #5045 ) ;
#5048 =( GEOMETRIC_REPRESENTATION_CONTEXT ( 3 ) GLOBAL_UNCERTAINTY_ASSIGNED_CONTEXT ( ( #5049 ) ) GLOBAL_UNIT_ASSIGNED_CONTEXT ( ( #5052, #5051, #5050 ) ) REPRESENTATION_CONTEXT ( 'NONE', 'WORKASPACE' ) );
#5049 = UNCERTAINTY_MEASURE_WITH_UNIT (LENGTH_MEASURE( 1.000000000000000100E-005 ), #5052, 'distance_accuracy_value', 'NONE');
#5050 =( NAMED_UNIT ( * ) SI_UNIT ( $, .STERADIAN. ) SOLID_ANGLE_UNIT ( ) );
#5051 =( NAMED_UNIT ( * ) PLANE_ANGLE_UNIT ( ) SI_UNIT ( $, .RADIAN. ) );
#5052 =( CONVERSION_BASED_UNIT ( 'INCH', #5053 ) LENGTH_UNIT ( ) NAMED_UNIT ( #5054 ) );
#5053 = LENGTH_MEASURE_WITH_UNIT ( LENGTH_MEASURE( 0.02539999999999999900 ), #5055 );
#5054 = DIMENSIONAL_EXPONENTS ( 1.000000000000000000, 0.0000000000000000000, 0.0000000000000000000, 0.0000000000000000000, 0.0000000000000000000, 0.0000000000000000000, 0.0000000000000000000 ) ;
#5055 =( LENGTH_UNIT ( ) NAMED_UNIT ( * ) SI_UNIT ( $, .METRE. ) );
#5056 = MECHANICAL_DESIGN_GEOMETRIC_PRESENTATION_REPRESENTATION (  '', ( #5058 ), #5048 ) ;
#5057 = PRESENTATION_LAYER_ASSIGNMENT (  '', '', ( #5058 ) ) ;
#5058 = STYLED_ITEM ( 'NONE', ( #5059 ), #1384 ) ;
#5059 = PRESENTATION_STYLE_ASSIGNMENT (( #5060 ) ) ;
#5060 = SURFACE_STYLE_USAGE ( .BOTH. , #5061 ) ;
#5061 = SURFACE_SIDE_STYLE ('',( #5062 ) ) ;
#5062 = SURFACE_STYLE_FILL_AREA ( #5063 ) ;
#5063 = FILL_AREA_STYLE ('',( #5107 ) ) ;
#5064 = COLOUR_RGB ( '',0.9882352941176471000, 1.000000000000000000, 0.9882352941176471000 ) ;
#5065 = FACE_OUTER_BOUND ( 'NONE', #1090, .T. ) ;
#5066 = DIRECTION ( 'NONE',  ( 0.0000000000000000000, 0.6946583704589960300, -0.7193398003386523000 ) ) ;
#5067 = VECTOR ( 'NONE', #5066, 39.37007874015748900 ) ;
#5068 = LENGTH_MEASURE_WITH_UNIT ( LENGTH_MEASURE( 0.02539999999999999900 ), #5070 );
#5069 = DIMENSIONAL_EXPONENTS ( 1.000000000000000000, 0.0000000000000000000, 0.0000000000000000000, 0.0000000000000000000, 0.0000000000000000000, 0.0000000000000000000, 0.0000000000000000000 ) ;
#5070 =( LENGTH_UNIT ( ) NAMED_UNIT ( * ) SI_UNIT ( $, .METRE. ) );
#5071 = MECHANICAL_DESIGN_GEOMETRIC_PRESENTATION_REPRESENTATION (  '', ( #5073 ), #5390 ) ;
#5072 = PRESENTATION_LAYER_ASSIGNMENT (  '', '', ( #5073 ) ) ;
#5073 = STYLED_ITEM ( 'NONE', ( #5074 ), #1401 ) ;
#5074 = PRESENTATION_STYLE_ASSIGNMENT (( #5075 ) ) ;
#5075 = SURFACE_STYLE_USAGE ( .BOTH. , #5076 ) ;
#5076 = SURFACE_SIDE_STYLE ('',( #5077 ) ) ;
#5077 = SURFACE_STYLE_FILL_AREA ( #5078 ) ;
#5078 = FILL_AREA_STYLE ('',( #5080 ) ) ;
#5079 = COLOUR_RGB ( '',0.9882352941176471000, 1.000000000000000000, 0.9882352941176471000 ) ;
#5080 = FILL_AREA_STYLE_COLOUR ( '', #5079 ) ;
#5081 = FACE_OUTER_BOUND ( 'NONE', #1402, .T. ) ;
#5082 = CARTESIAN_POINT ( 'NONE',  ( -0.04634452331323965500, 0.04682762095142677800, -0.2059999999999999600 ) ) ;
#5083 = DIRECTION ( 'NONE',  ( -1.000000000000000000, -0.0000000000000000000, 0.0000000000000000000 ) ) ;
#5084 = VECTOR ( 'NONE', #5083, 39.37007874015748100 ) ;
#5085 = CARTESIAN_POINT ( 'NONE',  ( -0.1324999999999999800, 0.04682762095142677800, -0.2059999999999999600 ) ) ;
#5086 = LINE ( 'NONE', #5085, #5084 ) ;
#5087 = DIRECTION ( 'NONE',  ( 0.0000000000000000000, 0.7193398003386495300, 0.6946583704589989200 ) ) ;
#5088 = DIRECTION ( 'NONE',  ( 0.0000000000000000000, 0.6946583704589990300, -0.7193398003386496400 ) ) ;
#5089 = CARTESIAN_POINT ( 'NONE',  ( -0.005712583075000198100, 0.03957718354096541300, -0.2130016660197238100 ) ) ;
#5090 = AXIS2_PLACEMENT_3D ( 'NONE', #5089, #5088, #5087 ) ;
#5091 = PLANE ( 'NONE',  #5090 ) ;
#5092 =( GEOMETRIC_REPRESENTATION_CONTEXT ( 3 ) GLOBAL_UNCERTAINTY_ASSIGNED_CONTEXT ( ( #5093 ) ) GLOBAL_UNIT_ASSIGNED_CONTEXT ( ( #5014, #5013, #5094 ) ) REPRESENTATION_CONTEXT ( 'NONE', 'WORKASPACE' ) );
#5093 = UNCERTAINTY_MEASURE_WITH_UNIT (LENGTH_MEASURE( 1.000000000000000100E-005 ), #5014, 'distance_accuracy_value', 'NONE');
#5094 =( NAMED_UNIT ( * ) SI_UNIT ( $, .STERADIAN. ) SOLID_ANGLE_UNIT ( ) );
#5095 =( LENGTH_UNIT ( ) NAMED_UNIT ( * ) SI_UNIT ( $, .METRE. ) );
#5096 = MECHANICAL_DESIGN_GEOMETRIC_PRESENTATION_REPRESENTATION (  '', ( #5098 ), #5121 ) ;
#5097 = PRESENTATION_LAYER_ASSIGNMENT (  '', '', ( #5098 ) ) ;
#5098 = STYLED_ITEM ( 'NONE', ( #5099 ), #1352 ) ;
#5099 = PRESENTATION_STYLE_ASSIGNMENT (( #5100 ) ) ;
#5100 = SURFACE_STYLE_USAGE ( .BOTH. , #5101 ) ;
#5101 = SURFACE_SIDE_STYLE ('',( #5102 ) ) ;
#5102 = SURFACE_STYLE_FILL_AREA ( #5007 ) ;
#5103 = LINE ( 'NONE', #5012, #5011 ) ;
#5104 = FILL_AREA_STYLE_COLOUR ( '', #5008 ) ;
#5105 = CARTESIAN_POINT ( 'NONE',  ( 0.04728559984444258300, 0.04847271408220150300, -0.2044113520300986100 ) ) ;
#5106 = LINE ( 'NONE', #5105, #5067 ) ;
#5107 = FILL_AREA_STYLE_COLOUR ( '', #5064 ) ;
#5108 = DIRECTION ( 'NONE',  ( -0.8660254037844400400, 0.0000000000000000000, -0.4999999999999976700 ) ) ;
#5109 = DIRECTION ( 'NONE',  ( 0.4531538935183235800, 0.4226182617406963900, -0.7848855672213983500 ) ) ;
#5110 = CARTESIAN_POINT ( 'NONE',  ( 0.0000000000000000000, 0.08229493943872151500, 0.0000000000000000000 ) ) ;
#5111 = CARTESIAN_POINT ( 'NONE',  ( -0.4077834601398489000, 0.1750000000000000200, -0.1855172488917737300 ) ) ;
#5112 = AXIS2_PLACEMENT_3D ( 'NONE', #5110, #5109, #5108 ) ;
#5113 = PLANE ( 'NONE',  #5112 ) ;
#5114 = FACE_OUTER_BOUND ( 'NONE', #1378, .T. ) ;
#5115 = DIRECTION ( 'NONE',  ( -0.0000000000000000000, 0.0000000000000000000, -1.000000000000000000 ) ) ;
#5116 = VECTOR ( 'NONE', #5115, 39.37007874015748100 ) ;
#5117 = CARTESIAN_POINT ( 'NONE',  ( -0.06749999999999999100, 0.1130000000000000200, -0.3319999999999999600 ) ) ;
#5118 = LINE ( 'NONE', #5117, #5116 ) ;
#5119 = LENGTH_MEASURE_WITH_UNIT ( LENGTH_MEASURE( 0.02539999999999999900 ), #5095 );
#5120 = DIMENSIONAL_EXPONENTS ( 1.000000000000000000, 0.0000000000000000000, 0.0000000000000000000, 0.0000000000000000000, 0.0000000000000000000, 0.0000000000000000000, 0.0000000000000000000 ) ;
#5121 =( GEOMETRIC_REPRESENTATION_CONTEXT ( 3 ) GLOBAL_UNCERTAINTY_ASSIGNED_CONTEXT ( ( #5122 ) ) GLOBAL_UNIT_ASSIGNED_CONTEXT ( ( #5125, #5124, #5123 ) ) REPRESENTATION_CONTEXT ( 'NONE', 'WORKASPACE' ) );
#5122 = UNCERTAINTY_MEASURE_WITH_UNIT (LENGTH_MEASURE( 1.000000000000000100E-005 ), #5125, 'distance_accuracy_value', 'NONE');
#5123 =( NAMED_UNIT ( * ) SI_UNIT ( $, .STERADIAN. ) SOLID_ANGLE_UNIT ( ) );
#5124 =( NAMED_UNIT ( * ) PLANE_ANGLE_UNIT ( ) SI_UNIT ( $, .RADIAN. ) );
#5125 =( CONVERSION_BASED_UNIT ( 'INCH', #5119 ) LENGTH_UNIT ( ) NAMED_UNIT ( #5120 ) );
#5126 = CARTESIAN_POINT ( 'NONE',  ( -0.1325000000000000100, 0.03200000000000000100, 0.4908305537887147100 ) ) ;
#5127 = DIRECTION ( 'NONE',  ( -0.0000000000000000000, 1.000000000000000000, 0.0000000000000000000 ) ) ;
#5128 = VECTOR ( 'NONE', #5127, 39.37007874015748100 ) ;
#5129 = CARTESIAN_POINT ( 'NONE',  ( -0.06750000000000008800, 0.2560000000000000100, -0.3320000000000000200 ) ) ;
#5130 = LINE ( 'NONE', #5129, #5128 ) ;
#5131 = CARTESIAN_POINT ( 'NONE',  ( -0.2462902962237979700, 0.0000000000000000000, -0.3742259878549241700 ) ) ;
#5132 = DIRECTION ( 'NONE',  ( 0.5497551254995475300, 0.0000000000000000000, 0.8353258657475995900 ) ) ;
#5133 = VECTOR ( 'NONE', #5132, 39.37007874015748100 ) ;
#5134 = CARTESIAN_POINT ( 'NONE',  ( -0.2185000000000000000, 0.0000000000000000000, -0.3320000000000000200 ) ) ;
#5135 = LINE ( 'NONE', #5134, #5133 ) ;
#5136 = DIRECTION ( 'NONE',  ( 1.000000000000000000, -0.0000000000000000000, 0.0000000000000000000 ) ) ;
#5137 = VECTOR ( 'NONE', #5136, 39.37007874015748100 ) ;
#5138 = CARTESIAN_POINT ( 'NONE',  ( -0.1325000000000000600, 0.06200000000000000000, 0.4908305537887147600 ) ) ;
#5139 = LINE ( 'NONE', #5138, #5137 ) ;
#5140 = DIRECTION ( 'NONE',  ( 0.0000000000000000000, -0.0000000000000000000, -1.000000000000000000 ) ) ;
#5141 = DIRECTION ( 'NONE',  ( 0.0000000000000000000, -1.000000000000000000, 0.0000000000000000000 ) ) ;
#5142 = CARTESIAN_POINT ( 'NONE',  ( -0.1250000000000000000, 0.06199999999999997900, 0.4908305537887148700 ) ) ;
#5143 = AXIS2_PLACEMENT_3D ( 'NONE', #5142, #5141, #5140 ) ;
#5144 = PLANE ( 'NONE',  #5143 ) ;
#5145 =( GEOMETRIC_REPRESENTATION_CONTEXT ( 3 ) GLOBAL_UNCERTAINTY_ASSIGNED_CONTEXT ( ( #5146 ) ) GLOBAL_UNIT_ASSIGNED_CONTEXT ( ( #5149, #5148, #5147 ) ) REPRESENTATION_CONTEXT ( 'NONE', 'WORKASPACE' ) );
#5146 = UNCERTAINTY_MEASURE_WITH_UNIT (LENGTH_MEASURE( 1.000000000000000100E-005 ), #5149, 'distance_accuracy_value', 'NONE');
#5147 =( NAMED_UNIT ( * ) SI_UNIT ( $, .STERADIAN. ) SOLID_ANGLE_UNIT ( ) );
#5148 =( NAMED_UNIT ( * ) PLANE_ANGLE_UNIT ( ) SI_UNIT ( $, .RADIAN. ) );
#5149 =( CONVERSION_BASED_UNIT ( 'INCH', #5150 ) LENGTH_UNIT ( ) NAMED_UNIT ( #5151 ) );
#5150 = LENGTH_MEASURE_WITH_UNIT ( LENGTH_MEASURE( 0.02539999999999999900 ), #5152 );
#5151 = DIMENSIONAL_EXPONENTS ( 1.000000000000000000, 0.0000000000000000000, 0.0000000000000000000, 0.0000000000000000000, 0.0000000000000000000, 0.0000000000000000000, 0.0000000000000000000 ) ;
#5152 =( LENGTH_UNIT ( ) NAMED_UNIT ( * ) SI_UNIT ( $, .METRE. ) );
#5153 = MECHANICAL_DESIGN_GEOMETRIC_PRESENTATION_REPRESENTATION (  '', ( #5155 ), #5145 ) ;
#5154 = PRESENTATION_LAYER_ASSIGNMENT (  '', '', ( #5155 ) ) ;
#5155 = STYLED_ITEM ( 'NONE', ( #5156 ), #1366 ) ;
#5156 = PRESENTATION_STYLE_ASSIGNMENT (( #5157 ) ) ;
#5157 = SURFACE_STYLE_USAGE ( .BOTH. , #5158 ) ;
#5158 = SURFACE_SIDE_STYLE ('',( #5159 ) ) ;
#5159 = SURFACE_STYLE_FILL_AREA ( #5160 ) ;
#5160 = FILL_AREA_STYLE ('',( #5167 ) ) ;
#5161 = COLOUR_RGB ( '',0.9882352941176471000, 1.000000000000000000, 0.9882352941176471000 ) ;
#5162 = FACE_OUTER_BOUND ( 'NONE', #1367, .T. ) ;
#5163 = DIRECTION ( 'NONE',  ( 1.000000000000000000, -0.0000000000000000000, 0.0000000000000000000 ) ) ;
#5164 = VECTOR ( 'NONE', #5163, 39.37007874015748100 ) ;
#5165 = CARTESIAN_POINT ( 'NONE',  ( -0.1325000000000000600, 0.03200000000000000100, 0.4908305537887147600 ) ) ;
#5166 = LINE ( 'NONE', #5165, #5164 ) ;
#5167 = FILL_AREA_STYLE_COLOUR ( '', #5161 ) ;
#5168 = DIRECTION ( 'NONE',  ( 0.0000000000000000000, 0.0000000000000000000, 1.000000000000000000 ) ) ;
#5169 = DIRECTION ( 'NONE',  ( -1.000000000000000000, -0.0000000000000000000, -0.0000000000000000000 ) ) ;
#5170 = CARTESIAN_POINT ( 'NONE',  ( 0.06250000000000000000, 0.03200000000000000100, 0.5228305537887147900 ) ) ;
#5171 = AXIS2_PLACEMENT_3D ( 'NONE', #5170, #5169, #5168 ) ;
#5172 = CYLINDRICAL_SURFACE ( 'NONE', #5171, 0.03200000000000002800 ) ;
#5173 =( GEOMETRIC_REPRESENTATION_CONTEXT ( 3 ) GLOBAL_UNCERTAINTY_ASSIGNED_CONTEXT ( ( #5174 ) ) GLOBAL_UNIT_ASSIGNED_CONTEXT ( ( #5177, #5176, #5175 ) ) REPRESENTATION_CONTEXT ( 'NONE', 'WORKASPACE' ) );
#5174 = UNCERTAINTY_MEASURE_WITH_UNIT (LENGTH_MEASURE( 1.000000000000000100E-005 ), #5177, 'distance_accuracy_value', 'NONE');
#5175 =( NAMED_UNIT ( * ) SI_UNIT ( $, .STERADIAN. ) SOLID_ANGLE_UNIT ( ) );
#5176 =( NAMED_UNIT ( * ) PLANE_ANGLE_UNIT ( ) SI_UNIT ( $, .RADIAN. ) );
#5177 =( CONVERSION_BASED_UNIT ( 'INCH', #5178 ) LENGTH_UNIT ( ) NAMED_UNIT ( #5179 ) );
#5178 = LENGTH_MEASURE_WITH_UNIT ( LENGTH_MEASURE( 0.02539999999999999900 ), #5180 );
#5179 = DIMENSIONAL_EXPONENTS ( 1.000000000000000000, 0.0000000000000000000, 0.0000000000000000000, 0.0000000000000000000, 0.0000000000000000000, 0.0000000000000000000, 0.0000000000000000000 ) ;
#5180 =( LENGTH_UNIT ( ) NAMED_UNIT ( * ) SI_UNIT ( $, .METRE. ) );
#5181 = MECHANICAL_DESIGN_GEOMETRIC_PRESENTATION_REPRESENTATION (  '', ( #5183 ), #5173 ) ;
#5182 = PRESENTATION_LAYER_ASSIGNMENT (  '', '', ( #5183 ) ) ;
#5183 = STYLED_ITEM ( 'NONE', ( #5184 ), #1360 ) ;
#5184 = PRESENTATION_STYLE_ASSIGNMENT (( #5185 ) ) ;
#5185 = SURFACE_STYLE_USAGE ( .BOTH. , #5186 ) ;
#5186 = SURFACE_SIDE_STYLE ('',( #5187 ) ) ;
#5187 = SURFACE_STYLE_FILL_AREA ( #5188 ) ;
#5188 = FILL_AREA_STYLE ('',( #5195 ) ) ;
#5189 = COLOUR_RGB ( '',0.9882352941176471000, 1.000000000000000000, 0.9882352941176471000 ) ;
#5190 = FACE_OUTER_BOUND ( 'NONE', #1359, .T. ) ;
#5191 = DIRECTION ( 'NONE',  ( 1.000000000000000000, -0.0000000000000000000, 0.0000000000000000000 ) ) ;
#5192 = VECTOR ( 'NONE', #5191, 39.37007874015748100 ) ;
#5193 = CARTESIAN_POINT ( 'NONE',  ( -0.1325000000000000600, 0.06200000000000001300, 0.4908305537887147600 ) ) ;
#5194 = LINE ( 'NONE', #5193, #5192 ) ;
#5195 = FILL_AREA_STYLE_COLOUR ( '', #5189 ) ;
#5196 = DIRECTION ( 'NONE',  ( 0.0000000000000000000, -0.0000000000000000000, -1.000000000000000000 ) ) ;
#5197 = DIRECTION ( 'NONE',  ( 0.0000000000000000000, -1.000000000000000000, 0.0000000000000000000 ) ) ;
#5198 = CARTESIAN_POINT ( 'NONE',  ( -0.1250000000000000000, 0.06199999999999997900, 0.4908305537887148700 ) ) ;
#5199 = AXIS2_PLACEMENT_3D ( 'NONE', #5198, #5197, #5196 ) ;
#5200 = PLANE ( 'NONE',  #5199 ) ;
#5201 = SURFACE_STYLE_USAGE ( .BOTH. , #5202 ) ;
#5202 = SURFACE_SIDE_STYLE ('',( #5203 ) ) ;
#5203 = SURFACE_STYLE_FILL_AREA ( #5204 ) ;
#5204 = FILL_AREA_STYLE ('',( #5211 ) ) ;
#5205 = COLOUR_RGB ( '',0.9882352941176471000, 1.000000000000000000, 0.9882352941176471000 ) ;
#5206 = FACE_OUTER_BOUND ( 'NONE', #1476, .T. ) ;
#5207 = DIRECTION ( 'NONE',  ( -0.0000000000000000000, 0.0000000000000000000, 1.000000000000000000 ) ) ;
#5208 = VECTOR ( 'NONE', #5207, 39.37007874015748100 ) ;
#5209 = CARTESIAN_POINT ( 'NONE',  ( -0.01599999999999998000, 0.01499999999999999900, -0.2317498961272229400 ) ) ;
#5210 = LINE ( 'NONE', #5209, #5208 ) ;
#5211 = FILL_AREA_STYLE_COLOUR ( '', #5205 ) ;
#5212 = CARTESIAN_POINT ( 'NONE',  ( -0.01599999999999998600, 0.01499999999999999900, -0.3810267595644529200 ) ) ;
#5213 = DIRECTION ( 'NONE',  ( 0.0000000000000000000, -1.000000000000000000, -0.0000000000000000000 ) ) ;
#5214 = VECTOR ( 'NONE', #5213, 39.37007874015748100 ) ;
#5215 = CARTESIAN_POINT ( 'NONE',  ( -0.01599999999999998000, 0.0000000000000000000, -0.3810267595644529200 ) ) ;
#5216 = LINE ( 'NONE', #5215, #5214 ) ;
#5217 = DIRECTION ( 'NONE',  ( -2.065409269403425900E-016, 0.0000000000000000000, 1.000000000000000000 ) ) ;
#5218 = DIRECTION ( 'NONE',  ( -1.000000000000000000, 0.0000000000000000000, -2.065409269403425900E-016 ) ) ;
#5219 = CARTESIAN_POINT ( 'NONE',  ( -0.01599999999999998300, 0.0000000000000000000, -0.4430267595644529200 ) ) ;
#5220 = AXIS2_PLACEMENT_3D ( 'NONE', #5219, #5218, #5217 ) ;
#5221 = PLANE ( 'NONE',  #5220 ) ;
#5222 =( GEOMETRIC_REPRESENTATION_CONTEXT ( 3 ) GLOBAL_UNCERTAINTY_ASSIGNED_CONTEXT ( ( #5223 ) ) GLOBAL_UNIT_ASSIGNED_CONTEXT ( ( #5226, #5225, #5224 ) ) REPRESENTATION_CONTEXT ( 'NONE', 'WORKASPACE' ) );
#5223 = UNCERTAINTY_MEASURE_WITH_UNIT (LENGTH_MEASURE( 1.000000000000000100E-005 ), #5226, 'distance_accuracy_value', 'NONE');
#5224 =( NAMED_UNIT ( * ) SI_UNIT ( $, .STERADIAN. ) SOLID_ANGLE_UNIT ( ) );
#5225 =( NAMED_UNIT ( * ) PLANE_ANGLE_UNIT ( ) SI_UNIT ( $, .RADIAN. ) );
#5226 =( CONVERSION_BASED_UNIT ( 'INCH', #5227 ) LENGTH_UNIT ( ) NAMED_UNIT ( #5228 ) );
#5227 = LENGTH_MEASURE_WITH_UNIT ( LENGTH_MEASURE( 0.02539999999999999900 ), #5229 );
#5228 = DIMENSIONAL_EXPONENTS ( 1.000000000000000000, 0.0000000000000000000, 0.0000000000000000000, 0.0000000000000000000, 0.0000000000000000000, 0.0000000000000000000, 0.0000000000000000000 ) ;
#5229 =( LENGTH_UNIT ( ) NAMED_UNIT ( * ) SI_UNIT ( $, .METRE. ) );
#5230 = MECHANICAL_DESIGN_GEOMETRIC_PRESENTATION_REPRESENTATION (  '', ( #5232 ), #5222 ) ;
#5231 = PRESENTATION_LAYER_ASSIGNMENT (  '', '', ( #5232 ) ) ;
#5232 = STYLED_ITEM ( 'NONE', ( #5233 ), #1467 ) ;
#5233 = PRESENTATION_STYLE_ASSIGNMENT (( #5234 ) ) ;
#5234 = SURFACE_STYLE_USAGE ( .BOTH. , #5235 ) ;
#5235 = SURFACE_SIDE_STYLE ('',( #5236 ) ) ;
#5236 = SURFACE_STYLE_FILL_AREA ( #5237 ) ;
#5237 = FILL_AREA_STYLE ('',( #5244 ) ) ;
#5238 = COLOUR_RGB ( '',0.9882352941176471000, 1.000000000000000000, 0.9882352941176471000 ) ;
#5239 = FACE_OUTER_BOUND ( 'NONE', #1453, .T. ) ;
#5240 = DIRECTION ( 'NONE',  ( 0.0000000000000000000, 1.000000000000000000, 0.0000000000000000000 ) ) ;
#5241 = VECTOR ( 'NONE', #5240, 39.37007874015748100 ) ;
#5242 = CARTESIAN_POINT ( 'NONE',  ( 0.06250000000000000000, 0.02019800703803469000, -0.4890267595644529100 ) ) ;
#5243 = LINE ( 'NONE', #5242, #5241 ) ;
#5244 = FILL_AREA_STYLE_COLOUR ( '', #5238 ) ;
#5245 = CARTESIAN_POINT ( 'NONE',  ( 0.06249999999999999300, 0.01499999999999999800, -0.4890267595644529100 ) ) ;
#5246 = CARTESIAN_POINT ( 'NONE',  ( -0.06249999999999999300, 0.01499999999999999800, -0.4890267595644529100 ) ) ;
#5247 = DIRECTION ( 'NONE',  ( 1.000000000000000000, 0.0000000000000000000, 0.0000000000000000000 ) ) ;
#5248 = VECTOR ( 'NONE', #5247, 39.37007874015748100 ) ;
#5249 = CARTESIAN_POINT ( 'NONE',  ( 0.06250000000000000000, 0.01499999999999999900, -0.4890267595644529100 ) ) ;
#5250 = LINE ( 'NONE', #5249, #5248 ) ;
#5251 = DIRECTION ( 'NONE',  ( 1.000000000000000000, 0.0000000000000000000, -0.0000000000000000000 ) ) ;
#5252 = DIRECTION ( 'NONE',  ( 0.0000000000000000000, 0.0000000000000000000, 1.000000000000000000 ) ) ;
#5253 = CARTESIAN_POINT ( 'NONE',  ( 0.06250000000000000000, 0.01499999999999999900, -0.4890267595644529100 ) ) ;
#5254 = AXIS2_PLACEMENT_3D ( 'NONE', #5253, #5252, #5251 ) ;
#5255 = PLANE ( 'NONE',  #5254 ) ;
#5256 =( GEOMETRIC_REPRESENTATION_CONTEXT ( 3 ) GLOBAL_UNCERTAINTY_ASSIGNED_CONTEXT ( ( #5257 ) ) GLOBAL_UNIT_ASSIGNED_CONTEXT ( ( #5260, #5259, #5258 ) ) REPRESENTATION_CONTEXT ( 'NONE', 'WORKASPACE' ) );
#5257 = UNCERTAINTY_MEASURE_WITH_UNIT (LENGTH_MEASURE( 1.000000000000000100E-005 ), #5260, 'distance_accuracy_value', 'NONE');
#5258 =( NAMED_UNIT ( * ) SI_UNIT ( $, .STERADIAN. ) SOLID_ANGLE_UNIT ( ) );
#5259 =( NAMED_UNIT ( * ) PLANE_ANGLE_UNIT ( ) SI_UNIT ( $, .RADIAN. ) );
#5260 =( CONVERSION_BASED_UNIT ( 'INCH', #5261 ) LENGTH_UNIT ( ) NAMED_UNIT ( #5262 ) );
#5261 = LENGTH_MEASURE_WITH_UNIT ( LENGTH_MEASURE( 0.02539999999999999900 ), #5263 );
#5262 = DIMENSIONAL_EXPONENTS ( 1.000000000000000000, 0.0000000000000000000, 0.0000000000000000000, 0.0000000000000000000, 0.0000000000000000000, 0.0000000000000000000, 0.0000000000000000000 ) ;
#5263 =( LENGTH_UNIT ( ) NAMED_UNIT ( * ) SI_UNIT ( $, .METRE. ) );
#5264 = MECHANICAL_DESIGN_GEOMETRIC_PRESENTATION_REPRESENTATION (  '', ( #5266 ), #5256 ) ;
#5265 = PRESENTATION_LAYER_ASSIGNMENT (  '', '', ( #5266 ) ) ;
#5266 = STYLED_ITEM ( 'NONE', ( #5267 ), #1457 ) ;
#5267 = PRESENTATION_STYLE_ASSIGNMENT (( #5268 ) ) ;
#5268 = SURFACE_STYLE_USAGE ( .BOTH. , #5269 ) ;
#5269 = SURFACE_SIDE_STYLE ('',( #5270 ) ) ;
#5270 = SURFACE_STYLE_FILL_AREA ( #5271 ) ;
#5271 = FILL_AREA_STYLE ('',( #5278 ) ) ;
#5272 = COLOUR_RGB ( '',0.9882352941176471000, 1.000000000000000000, 0.9882352941176471000 ) ;
#5273 = FACE_OUTER_BOUND ( 'NONE', #1458, .T. ) ;
#5274 = DIRECTION ( 'NONE',  ( 1.000000000000000000, 0.0000000000000000000, 0.0000000000000000000 ) ) ;
#5275 = VECTOR ( 'NONE', #5274, 39.37007874015748100 ) ;
#5276 = CARTESIAN_POINT ( 'NONE',  ( 0.06250000000000000000, 0.01499999999999999900, -0.3810267595644529200 ) ) ;
#5277 = LINE ( 'NONE', #5276, #5275 ) ;
#5278 = FILL_AREA_STYLE_COLOUR ( '', #5272 ) ;
#5279 = DIRECTION ( 'NONE',  ( -0.0000000000000000000, 1.000000000000000000, 0.0000000000000000000 ) ) ;
#5280 = VECTOR ( 'NONE', #5279, 39.37007874015748100 ) ;
#5281 = CARTESIAN_POINT ( 'NONE',  ( -0.1324999999999997600, 0.2560000000000000100, -0.3320000000000000200 ) ) ;
#5282 = LINE ( 'NONE', #5281, #5280 ) ;
#5283 = CARTESIAN_POINT ( 'NONE',  ( 0.1324999999999999800, 0.0000000000000000000, -0.2059999999999999600 ) ) ;
#5284 = DIRECTION ( 'NONE',  ( -0.0000000000000000000, -1.000000000000000000, -0.0000000000000000000 ) ) ;
#5285 = VECTOR ( 'NONE', #5284, 39.37007874015748100 ) ;
#5286 = CARTESIAN_POINT ( 'NONE',  ( 0.1324999999999999800, 0.2560000000000000100, -0.2059999999999999600 ) ) ;
#5287 = LINE ( 'NONE', #5286, #5285 ) ;
#5288 = DIRECTION ( 'NONE',  ( 0.0000000000000000000, -0.0000000000000000000, -1.000000000000000000 ) ) ;
#5289 = DIRECTION ( 'NONE',  ( 0.0000000000000000000, -1.000000000000000000, 0.0000000000000000000 ) ) ;
#5290 = CARTESIAN_POINT ( 'NONE',  ( 0.06250000000000000000, 0.01499999999999999900, -0.2317498961272229400 ) ) ;
#5291 = AXIS2_PLACEMENT_3D ( 'NONE', #5290, #5289, #5288 ) ;
#5292 = PLANE ( 'NONE',  #5291 ) ;
#5293 =( GEOMETRIC_REPRESENTATION_CONTEXT ( 3 ) GLOBAL_UNCERTAINTY_ASSIGNED_CONTEXT ( ( #5294 ) ) GLOBAL_UNIT_ASSIGNED_CONTEXT ( ( #5297, #5296, #5295 ) ) REPRESENTATION_CONTEXT ( 'NONE', 'WORKASPACE' ) );
#5294 = UNCERTAINTY_MEASURE_WITH_UNIT (LENGTH_MEASURE( 1.000000000000000100E-005 ), #5297, 'distance_accuracy_value', 'NONE');
#5295 =( NAMED_UNIT ( * ) SI_UNIT ( $, .STERADIAN. ) SOLID_ANGLE_UNIT ( ) );
#5296 =( NAMED_UNIT ( * ) PLANE_ANGLE_UNIT ( ) SI_UNIT ( $, .RADIAN. ) );
#5297 =( CONVERSION_BASED_UNIT ( 'INCH', #5298 ) LENGTH_UNIT ( ) NAMED_UNIT ( #5299 ) );
#5298 = LENGTH_MEASURE_WITH_UNIT ( LENGTH_MEASURE( 0.02539999999999999900 ), #5300 );
#5299 = DIMENSIONAL_EXPONENTS ( 1.000000000000000000, 0.0000000000000000000, 0.0000000000000000000, 0.0000000000000000000, 0.0000000000000000000, 0.0000000000000000000, 0.0000000000000000000 ) ;
#5300 =( LENGTH_UNIT ( ) NAMED_UNIT ( * ) SI_UNIT ( $, .METRE. ) );
#5301 = MECHANICAL_DESIGN_GEOMETRIC_PRESENTATION_REPRESENTATION (  '', ( #5303 ), #5293 ) ;
#5302 = PRESENTATION_LAYER_ASSIGNMENT (  '', '', ( #5303 ) ) ;
#5303 = STYLED_ITEM ( 'NONE', ( #5304 ), #1432 ) ;
#5304 = PRESENTATION_STYLE_ASSIGNMENT (( #5305 ) ) ;
#5305 = SURFACE_STYLE_USAGE ( .BOTH. , #5308 ) ;
#5306 = FILL_AREA_STYLE_COLOUR ( '', #5310 ) ;
#5307 = FACE_OUTER_BOUND ( 'NONE', #1442, .T. ) ;
#5308 = SURFACE_SIDE_STYLE ('',( #5309 ) ) ;
#5309 = SURFACE_STYLE_FILL_AREA ( #5316 ) ;
#5310 = COLOUR_RGB ( '',0.9882352941176471000, 1.000000000000000000, 0.9882352941176471000 ) ;
#5311 = FACE_BOUND ( 'NONE', #1447, .T. ) ;
#5312 = DIRECTION ( 'NONE',  ( 0.0000000000000000000, -0.0000000000000000000, -1.000000000000000000 ) ) ;
#5313 = VECTOR ( 'NONE', #5312, 39.37007874015748100 ) ;
#5314 = CARTESIAN_POINT ( 'NONE',  ( -0.06250000000000000000, 0.01499999999999999900, -0.2317498961272229400 ) ) ;
#5315 = LINE ( 'NONE', #5314, #5313 ) ;
#5316 = FILL_AREA_STYLE ('',( #5306 ) ) ;
#5317 = DIRECTION ( 'NONE',  ( 0.0000000000000000000, 0.0000000000000000000, -1.000000000000000000 ) ) ;
#5318 = DIRECTION ( 'NONE',  ( 1.000000000000000000, -0.0000000000000000000, 0.0000000000000000000 ) ) ;
#5319 = CARTESIAN_POINT ( 'NONE',  ( -0.06250000000000000000, 0.02019800703803469000, -0.2312062987457799700 ) ) ;
#5320 = AXIS2_PLACEMENT_3D ( 'NONE', #5319, #5318, #5317 ) ;
#5321 = PLANE ( 'NONE',  #5320 ) ;
#5322 =( GEOMETRIC_REPRESENTATION_CONTEXT ( 3 ) GLOBAL_UNCERTAINTY_ASSIGNED_CONTEXT ( ( #5323 ) ) GLOBAL_UNIT_ASSIGNED_CONTEXT ( ( #5326, #5325, #5324 ) ) REPRESENTATION_CONTEXT ( 'NONE', 'WORKASPACE' ) );
#5323 = UNCERTAINTY_MEASURE_WITH_UNIT (LENGTH_MEASURE( 1.000000000000000100E-005 ), #5326, 'distance_accuracy_value', 'NONE');
#5324 =( NAMED_UNIT ( * ) SI_UNIT ( $, .STERADIAN. ) SOLID_ANGLE_UNIT ( ) );
#5325 =( NAMED_UNIT ( * ) PLANE_ANGLE_UNIT ( ) SI_UNIT ( $, .RADIAN. ) );
#5326 =( CONVERSION_BASED_UNIT ( 'INCH', #5327 ) LENGTH_UNIT ( ) NAMED_UNIT ( #5328 ) );
#5327 = LENGTH_MEASURE_WITH_UNIT ( LENGTH_MEASURE( 0.02539999999999999900 ), #5329 );
#5328 = DIMENSIONAL_EXPONENTS ( 1.000000000000000000, 0.0000000000000000000, 0.0000000000000000000, 0.0000000000000000000, 0.0000000000000000000, 0.0000000000000000000, 0.0000000000000000000 ) ;
#5329 =( LENGTH_UNIT ( ) NAMED_UNIT ( * ) SI_UNIT ( $, .METRE. ) );
#5330 = MECHANICAL_DESIGN_GEOMETRIC_PRESENTATION_REPRESENTATION (  '', ( #5332 ), #5322 ) ;
#5331 = PRESENTATION_LAYER_ASSIGNMENT (  '', '', ( #5332 ) ) ;
#5332 = STYLED_ITEM ( 'NONE', ( #5333 ), #1422 ) ;
#5333 = PRESENTATION_STYLE_ASSIGNMENT (( #5334 ) ) ;
#5334 = SURFACE_STYLE_USAGE ( .BOTH. , #5335 ) ;
#5335 = SURFACE_SIDE_STYLE ('',( #5336 ) ) ;
#5336 = SURFACE_STYLE_FILL_AREA ( #5337 ) ;
#5337 = FILL_AREA_STYLE ('',( #5345 ) ) ;
#5338 = COLOUR_RGB ( '',0.9882352941176471000, 1.000000000000000000, 0.9882352941176471000 ) ;
#5339 = FACE_OUTER_BOUND ( 'NONE', #1423, .T. ) ;
#5340 = DIRECTION ( 'NONE',  ( 0.0000000000000000000, 0.0000000000000000000, 1.000000000000000000 ) ) ;
#5341 = DIRECTION ( 'NONE',  ( -1.000000000000000000, -0.0000000000000000000, -0.0000000000000000000 ) ) ;
#5342 = CARTESIAN_POINT ( 'NONE',  ( -0.06250000000000000000, 0.02019800703803469000, -0.2312062987457799700 ) ) ;
#5343 = AXIS2_PLACEMENT_3D ( 'NONE', #5342, #5341, #5340 ) ;
#5344 = CIRCLE ( 'NONE', #5343, 0.005226353918418635000 ) ;
#5345 = FILL_AREA_STYLE_COLOUR ( '', #5338 ) ;
#5346 = CARTESIAN_POINT ( 'NONE',  ( -0.06250000000000000000, 0.01499999999999999900, -0.2317498961272229400 ) ) ;
#5347 = DIRECTION ( 'NONE',  ( -1.000000000000000000, -0.0000000000000000000, -0.0000000000000000000 ) ) ;
#5348 = VECTOR ( 'NONE', #5347, 39.37007874015748100 ) ;
#5349 = CARTESIAN_POINT ( 'NONE',  ( 0.06250000000000000000, 0.01499999999999999900, -0.2317498961272229400 ) ) ;
#5350 = LINE ( 'NONE', #5349, #5348 ) ;
#5351 = DIRECTION ( 'NONE',  ( 0.0000000000000000000, 0.0000000000000000000, 1.000000000000000000 ) ) ;
#5352 = DIRECTION ( 'NONE',  ( -1.000000000000000000, -0.0000000000000000000, -0.0000000000000000000 ) ) ;
#5353 = CARTESIAN_POINT ( 'NONE',  ( 0.06250000000000000000, 0.02019800703803469000, -0.2312062987457799700 ) ) ;
#5354 = AXIS2_PLACEMENT_3D ( 'NONE', #5353, #5352, #5351 ) ;
#5355 = CYLINDRICAL_SURFACE ( 'NONE', #5354, 0.005226353918418635000 ) ;
#5356 =( GEOMETRIC_REPRESENTATION_CONTEXT ( 3 ) GLOBAL_UNCERTAINTY_ASSIGNED_CONTEXT ( ( #5357 ) ) GLOBAL_UNIT_ASSIGNED_CONTEXT ( ( #5360, #5359, #5358 ) ) REPRESENTATION_CONTEXT ( 'NONE', 'WORKASPACE' ) );
#5357 = UNCERTAINTY_MEASURE_WITH_UNIT (LENGTH_MEASURE( 1.000000000000000100E-005 ), #5360, 'distance_accuracy_value', 'NONE');
#5358 =( NAMED_UNIT ( * ) SI_UNIT ( $, .STERADIAN. ) SOLID_ANGLE_UNIT ( ) );
#5359 =( NAMED_UNIT ( * ) PLANE_ANGLE_UNIT ( ) SI_UNIT ( $, .RADIAN. ) );
#5360 =( CONVERSION_BASED_UNIT ( 'INCH', #5361 ) LENGTH_UNIT ( ) NAMED_UNIT ( #5362 ) );
#5361 = LENGTH_MEASURE_WITH_UNIT ( LENGTH_MEASURE( 0.02539999999999999900 ), #5363 );
#5362 = DIMENSIONAL_EXPONENTS ( 1.000000000000000000, 0.0000000000000000000, 0.0000000000000000000, 0.0000000000000000000, 0.0000000000000000000, 0.0000000000000000000, 0.0000000000000000000 ) ;
#5363 =( LENGTH_UNIT ( ) NAMED_UNIT ( * ) SI_UNIT ( $, .METRE. ) );
#5364 = MECHANICAL_DESIGN_GEOMETRIC_PRESENTATION_REPRESENTATION (  '', ( #5366 ), #5356 ) ;
#5365 = PRESENTATION_LAYER_ASSIGNMENT (  '', '', ( #5366 ) ) ;
#5366 = STYLED_ITEM ( 'NONE', ( #5367 ), #1414 ) ;
#5367 = PRESENTATION_STYLE_ASSIGNMENT (( #5368 ) ) ;
#5368 = SURFACE_STYLE_USAGE ( .BOTH. , #5369 ) ;
#5369 = SURFACE_SIDE_STYLE ('',( #5370 ) ) ;
#5370 = SURFACE_STYLE_FILL_AREA ( #5371 ) ;
#5371 = FILL_AREA_STYLE ('',( #5379 ) ) ;
#5372 = COLOUR_RGB ( '',0.9882352941176471000, 1.000000000000000000, 0.9882352941176471000 ) ;
#5373 = FACE_OUTER_BOUND ( 'NONE', #1411, .T. ) ;
#5374 = DIRECTION ( 'NONE',  ( 0.0000000000000000000, 0.0000000000000000000, 1.000000000000000000 ) ) ;
#5375 = DIRECTION ( 'NONE',  ( -1.000000000000000000, -0.0000000000000000000, -0.0000000000000000000 ) ) ;
#5376 = CARTESIAN_POINT ( 'NONE',  ( 0.06250000000000000000, 0.02019800703803469000, -0.2312062987457799700 ) ) ;
#5377 = AXIS2_PLACEMENT_3D ( 'NONE', #5376, #5375, #5374 ) ;
#5378 = CIRCLE ( 'NONE', #5377, 0.005226353918418635000 ) ;
#5379 = FILL_AREA_STYLE_COLOUR ( '', #5372 ) ;
#5380 = CARTESIAN_POINT ( 'NONE',  ( 0.06250000000000000000, 0.01499999999999999900, -0.2317498961272229400 ) ) ;
#5381 = DIRECTION ( 'NONE',  ( -0.0000000000000000000, 0.0000000000000000000, 1.000000000000000000 ) ) ;
#5382 = VECTOR ( 'NONE', #5381, 39.37007874015748100 ) ;
#5383 = CARTESIAN_POINT ( 'NONE',  ( 0.06250000000000000000, 0.01499999999999999900, -0.2317498961272229400 ) ) ;
#5384 = LINE ( 'NONE', #5383, #5382 ) ;
#5385 = DIRECTION ( 'NONE',  ( 0.0000000000000000000, 0.0000000000000000000, -1.000000000000000000 ) ) ;
#5386 = DIRECTION ( 'NONE',  ( 1.000000000000000000, -0.0000000000000000000, 0.0000000000000000000 ) ) ;
#5387 = CARTESIAN_POINT ( 'NONE',  ( 0.06250000000000000000, 0.02019800703803469000, -0.2312062987457799700 ) ) ;
#5388 = AXIS2_PLACEMENT_3D ( 'NONE', #5387, #5386, #5385 ) ;
#5389 = PLANE ( 'NONE',  #5388 ) ;
#5390 =( GEOMETRIC_REPRESENTATION_CONTEXT ( 3 ) GLOBAL_UNCERTAINTY_ASSIGNED_CONTEXT ( ( #5392 ) ) GLOBAL_UNIT_ASSIGNED_CONTEXT ( ( #4173, #5391, #5393 ) ) REPRESENTATION_CONTEXT ( 'NONE', 'WORKASPACE' ) );
#5391 =( NAMED_UNIT ( * ) PLANE_ANGLE_UNIT ( ) SI_UNIT ( $, .RADIAN. ) );
#5392 = UNCERTAINTY_MEASURE_WITH_UNIT (LENGTH_MEASURE( 1.000000000000000100E-005 ), #4173, 'distance_accuracy_value', 'NONE');
#5393 =( NAMED_UNIT ( * ) SI_UNIT ( $, .STERADIAN. ) SOLID_ANGLE_UNIT ( ) );
#5394 = PRESENTATION_LAYER_ASSIGNMENT (  '', '', ( #5396 ) ) ;
#5395 =( CONVERSION_BASED_UNIT ( 'INCH', #5531 ) LENGTH_UNIT ( ) NAMED_UNIT ( #5557 ) );
#5396 = STYLED_ITEM ( 'NONE', ( #5418 ), #1475 ) ;
#5397 = FACE_OUTER_BOUND ( 'NONE', #1535, .T. ) ;
#5398 = CARTESIAN_POINT ( 'NONE',  ( 0.01599999999999998600, 0.0000000000000000000, -0.3810267595644529200 ) ) ;
#5399 = DIRECTION ( 'NONE',  ( 1.000000000000000000, 0.0000000000000000000, -0.0000000000000000000 ) ) ;
#5400 = VECTOR ( 'NONE', #5399, 39.37007874015748100 ) ;
#5401 = CARTESIAN_POINT ( 'NONE',  ( 0.01599999999999999300, 0.0000000000000000000, -0.3810267595644529200 ) ) ;
#5402 = LINE ( 'NONE', #5401, #5400 ) ;
#5403 = CARTESIAN_POINT ( 'NONE',  ( -0.01599999999999999300, 0.0000000000000000000, -0.3810267595644529200 ) ) ;
#5404 = CARTESIAN_POINT ( 'NONE',  ( -0.01599999999999998600, 0.0000000000000000000, -0.4430267595644529200 ) ) ;
#5405 = DIRECTION ( 'NONE',  ( -2.065409269403425900E-016, 0.0000000000000000000, 1.000000000000000000 ) ) ;
#5406 = VECTOR ( 'NONE', #5405, 39.37007874015748100 ) ;
#5407 = CARTESIAN_POINT ( 'NONE',  ( 0.06250000000000000000, 0.0000000000000000000, -0.2322767680468950700 ) ) ;
#5408 = AXIS2_PLACEMENT_3D ( 'NONE', #5407, #5512, #5511 ) ;
#5409 = PLANE ( 'NONE',  #5408 ) ;
#5410 =( GEOMETRIC_REPRESENTATION_CONTEXT ( 3 ) GLOBAL_UNCERTAINTY_ASSIGNED_CONTEXT ( ( #5411 ) ) GLOBAL_UNIT_ASSIGNED_CONTEXT ( ( #5414, #5413, #5412 ) ) REPRESENTATION_CONTEXT ( 'NONE', 'WORKASPACE' ) );
#5411 = UNCERTAINTY_MEASURE_WITH_UNIT (LENGTH_MEASURE( 1.000000000000000100E-005 ), #5414, 'distance_accuracy_value', 'NONE');
#5412 =( NAMED_UNIT ( * ) SI_UNIT ( $, .STERADIAN. ) SOLID_ANGLE_UNIT ( ) );
#5413 =( NAMED_UNIT ( * ) PLANE_ANGLE_UNIT ( ) SI_UNIT ( $, .RADIAN. ) );
#5414 =( CONVERSION_BASED_UNIT ( 'INCH', #5415 ) LENGTH_UNIT ( ) NAMED_UNIT ( #5416 ) );
#5415 = LENGTH_MEASURE_WITH_UNIT ( LENGTH_MEASURE( 0.02539999999999999900 ), #5417 );
#5416 = DIMENSIONAL_EXPONENTS ( 1.000000000000000000, 0.0000000000000000000, 0.0000000000000000000, 0.0000000000000000000, 0.0000000000000000000, 0.0000000000000000000, 0.0000000000000000000 ) ;
#5417 =( LENGTH_UNIT ( ) NAMED_UNIT ( * ) SI_UNIT ( $, .METRE. ) );
#5418 = PRESENTATION_STYLE_ASSIGNMENT (( #5201 ) ) ;
#5419 = MECHANICAL_DESIGN_GEOMETRIC_PRESENTATION_REPRESENTATION (  '', ( #5396 ), #5554 ) ;
#5420 =( LENGTH_UNIT ( ) NAMED_UNIT ( * ) SI_UNIT ( $, .METRE. ) );
#5421 =( NAMED_UNIT ( * ) PLANE_ANGLE_UNIT ( ) SI_UNIT ( $, .RADIAN. ) );
#5422 = MECHANICAL_DESIGN_GEOMETRIC_PRESENTATION_REPRESENTATION (  '', ( #5424 ), #5410 ) ;
#5423 = PRESENTATION_LAYER_ASSIGNMENT (  '', '', ( #5424 ) ) ;
#5424 = STYLED_ITEM ( 'NONE', ( #5425 ), #1501 ) ;
#5425 = PRESENTATION_STYLE_ASSIGNMENT (( #5426 ) ) ;
#5426 = SURFACE_STYLE_USAGE ( .BOTH. , #5427 ) ;
#5427 = SURFACE_SIDE_STYLE ('',( #5428 ) ) ;
#5428 = SURFACE_STYLE_FILL_AREA ( #5429 ) ;
#5429 = FILL_AREA_STYLE ('',( #5437 ) ) ;
#5430 = COLOUR_RGB ( '',0.9882352941176471000, 1.000000000000000000, 0.9882352941176471000 ) ;
#5431 = FACE_BOUND ( 'NONE', #1525, .T. ) ;
#5432 = FACE_OUTER_BOUND ( 'NONE', #1502, .T. ) ;
#5433 = DIRECTION ( 'NONE',  ( 0.0000000000000000000, 5.704553412851770400E-016, -1.000000000000000000 ) ) ;
#5434 = VECTOR ( 'NONE', #5433, 39.37007874015748100 ) ;
#5435 = CARTESIAN_POINT ( 'NONE',  ( -0.06250000000000000000, 0.01984262549934721200, -0.2259920414408006800 ) ) ;
#5436 = LINE ( 'NONE', #5435, #5434 ) ;
#5437 = FILL_AREA_STYLE_COLOUR ( '', #5430 ) ;
#5438 = CARTESIAN_POINT ( 'NONE',  ( -0.06250000000000000000, 0.01984262549934721200, -0.2259920414408006800 ) ) ;
#5439 = DIRECTION ( 'NONE',  ( -1.000000000000000000, -0.0000000000000000000, -0.0000000000000000000 ) ) ;
#5440 = VECTOR ( 'NONE', #5439, 39.37007874015748100 ) ;
#5441 = CARTESIAN_POINT ( 'NONE',  ( 0.06250000000000000000, 0.01984262549934721200, -0.2259920414408006800 ) ) ;
#5442 = LINE ( 'NONE', #5441, #5440 ) ;
#5443 = CARTESIAN_POINT ( 'NONE',  ( 0.06250000000000000000, 0.01984262549934721200, -0.2259920414408006800 ) ) ;
#5444 = DIRECTION ( 'NONE',  ( -0.0000000000000000000, -0.0000000000000000000, 1.000000000000000000 ) ) ;
#5445 = VECTOR ( 'NONE', #5444, 39.37007874015748100 ) ;
#5446 = CARTESIAN_POINT ( 'NONE',  ( 0.06250000000000000000, 0.01984262549934721200, -0.2312062987457799700 ) ) ;
#5447 = DIRECTION ( 'NONE',  ( 0.0000000000000000000, 5.704553412851770400E-016, -1.000000000000000000 ) ) ;
#5448 = DIRECTION ( 'NONE',  ( 0.0000000000000000000, -1.000000000000000000, -5.704553412851770400E-016 ) ) ;
#5449 = AXIS2_PLACEMENT_3D ( 'NONE', #5451, #5448, #5447 ) ;
#5450 = LINE ( 'NONE', #5446, #5445 ) ;
#5451 = CARTESIAN_POINT ( 'NONE',  ( 0.06250000000000000000, 0.01984262549934721200, -0.2259920414408006800 ) ) ;
#5452 = PLANE ( 'NONE',  #5449 ) ;
#5453 =( GEOMETRIC_REPRESENTATION_CONTEXT ( 3 ) GLOBAL_UNCERTAINTY_ASSIGNED_CONTEXT ( ( #5454 ) ) GLOBAL_UNIT_ASSIGNED_CONTEXT ( ( #5457, #5456, #5455 ) ) REPRESENTATION_CONTEXT ( 'NONE', 'WORKASPACE' ) );
#5454 = UNCERTAINTY_MEASURE_WITH_UNIT (LENGTH_MEASURE( 1.000000000000000100E-005 ), #5457, 'distance_accuracy_value', 'NONE');
#5455 =( NAMED_UNIT ( * ) SI_UNIT ( $, .STERADIAN. ) SOLID_ANGLE_UNIT ( ) );
#5456 =( NAMED_UNIT ( * ) PLANE_ANGLE_UNIT ( ) SI_UNIT ( $, .RADIAN. ) );
#5457 =( CONVERSION_BASED_UNIT ( 'INCH', #5458 ) LENGTH_UNIT ( ) NAMED_UNIT ( #5459 ) );
#5458 = LENGTH_MEASURE_WITH_UNIT ( LENGTH_MEASURE( 0.02539999999999999900 ), #5460 );
#5459 = DIMENSIONAL_EXPONENTS ( 1.000000000000000000, 0.0000000000000000000, 0.0000000000000000000, 0.0000000000000000000, 0.0000000000000000000, 0.0000000000000000000, 0.0000000000000000000 ) ;
#5460 =( LENGTH_UNIT ( ) NAMED_UNIT ( * ) SI_UNIT ( $, .METRE. ) );
#5461 = MECHANICAL_DESIGN_GEOMETRIC_PRESENTATION_REPRESENTATION (  '', ( #5463 ), #5453 ) ;
#5462 = PRESENTATION_LAYER_ASSIGNMENT (  '', '', ( #5463 ) ) ;
#5463 = STYLED_ITEM ( 'NONE', ( #5464 ), #1490 ) ;
#5464 = PRESENTATION_STYLE_ASSIGNMENT (( #5465 ) ) ;
#5465 = SURFACE_STYLE_USAGE ( .BOTH. , #5466 ) ;
#5466 = SURFACE_SIDE_STYLE ('',( #5467 ) ) ;
#5467 = SURFACE_STYLE_FILL_AREA ( #5468 ) ;
#5468 = FILL_AREA_STYLE ('',( #5475 ) ) ;
#5469 = COLOUR_RGB ( '',0.9882352941176471000, 1.000000000000000000, 0.9882352941176471000 ) ;
#5470 = FACE_OUTER_BOUND ( 'NONE', #1491, .T. ) ;
#5471 = DIRECTION ( 'NONE',  ( 1.000000000000000000, 0.0000000000000000000, -0.0000000000000000000 ) ) ;
#5472 = VECTOR ( 'NONE', #5471, 39.37007874015748100 ) ;
#5473 = CARTESIAN_POINT ( 'NONE',  ( 0.06250000000000000000, 0.0000000000000000000, -0.2322767680468950700 ) ) ;
#5474 = LINE ( 'NONE', #5473, #5472 ) ;
#5475 = FILL_AREA_STYLE_COLOUR ( '', #5469 ) ;
#5476 = CARTESIAN_POINT ( 'NONE',  ( -0.06250000000000000000, 0.0000000000000000000, -0.2322767680468948700 ) ) ;
#5477 = DIRECTION ( 'NONE',  ( 0.0000000000000000000, 0.0000000000000000000, 1.000000000000000000 ) ) ;
#5478 = DIRECTION ( 'NONE',  ( 1.000000000000000000, 0.0000000000000000000, 0.0000000000000000000 ) ) ;
#5479 = CARTESIAN_POINT ( 'NONE',  ( -0.06250000000000000000, 0.02019800703803469000, -0.2312062987457799700 ) ) ;
#5480 = AXIS2_PLACEMENT_3D ( 'NONE', #5479, #5478, #5477 ) ;
#5481 =( NAMED_UNIT ( * ) PLANE_ANGLE_UNIT ( ) SI_UNIT ( $, .RADIAN. ) );
#5482 =( CONVERSION_BASED_UNIT ( 'INCH', #5483 ) LENGTH_UNIT ( ) NAMED_UNIT ( #5484 ) );
#5483 = LENGTH_MEASURE_WITH_UNIT ( LENGTH_MEASURE( 0.02539999999999999900 ), #5485 );
#5484 = DIMENSIONAL_EXPONENTS ( 1.000000000000000000, 0.0000000000000000000, 0.0000000000000000000, 0.0000000000000000000, 0.0000000000000000000, 0.0000000000000000000, 0.0000000000000000000 ) ;
#5485 =( LENGTH_UNIT ( ) NAMED_UNIT ( * ) SI_UNIT ( $, .METRE. ) );
#5486 = MECHANICAL_DESIGN_GEOMETRIC_PRESENTATION_REPRESENTATION (  '', ( #5488 ), #5579 ) ;
#5487 = PRESENTATION_LAYER_ASSIGNMENT (  '', '', ( #5488 ) ) ;
#5488 = STYLED_ITEM ( 'NONE', ( #5489 ), #1511 ) ;
#5489 = PRESENTATION_STYLE_ASSIGNMENT (( #5490 ) ) ;
#5490 = SURFACE_STYLE_USAGE ( .BOTH. , #5491 ) ;
#5491 = SURFACE_SIDE_STYLE ('',( #5492 ) ) ;
#5492 = SURFACE_STYLE_FILL_AREA ( #5493 ) ;
#5493 = FILL_AREA_STYLE ('',( #5500 ) ) ;
#5494 = COLOUR_RGB ( '',0.9882352941176471000, 1.000000000000000000, 0.9882352941176471000 ) ;
#5495 = FACE_OUTER_BOUND ( 'NONE', #1512, .T. ) ;
#5496 = DIRECTION ( 'NONE',  ( -1.000000000000000000, 0.0000000000000000000, -0.0000000000000000000 ) ) ;
#5497 = VECTOR ( 'NONE', #5496, 39.37007874015748100 ) ;
#5498 = CARTESIAN_POINT ( 'NONE',  ( -0.01599999999999998300, 0.0000000000000000000, -0.4430267595644529200 ) ) ;
#5499 = LINE ( 'NONE', #5498, #5497 ) ;
#5500 = FILL_AREA_STYLE_COLOUR ( '', #5494 ) ;
#5501 = CARTESIAN_POINT ( 'NONE',  ( 0.01599999999999998300, 0.0000000000000000000, -0.4430267595644529200 ) ) ;
#5502 = DIRECTION ( 'NONE',  ( -2.065409269403425900E-016, 0.0000000000000000000, -1.000000000000000000 ) ) ;
#5503 = VECTOR ( 'NONE', #5502, 39.37007874015748100 ) ;
#5504 = CARTESIAN_POINT ( 'NONE',  ( 0.01599999999999998300, 0.0000000000000000000, -0.4430267595644529200 ) ) ;
#5505 = LINE ( 'NONE', #5504, #5503 ) ;
#5506 = CARTESIAN_POINT ( 'NONE',  ( -0.06249999999999999300, 0.0000000000000000000, -0.4890267595644529100 ) ) ;
#5507 = DIRECTION ( 'NONE',  ( 1.000000000000000000, 0.0000000000000000000, -0.0000000000000000000 ) ) ;
#5508 = VECTOR ( 'NONE', #5507, 39.37007874015748100 ) ;
#5509 = CARTESIAN_POINT ( 'NONE',  ( 0.06250000000000000000, 0.0000000000000000000, -0.4890267595644529100 ) ) ;
#5510 = LINE ( 'NONE', #5509, #5508 ) ;
#5511 = DIRECTION ( 'NONE',  ( 0.0000000000000000000, -0.0000000000000000000, 1.000000000000000000 ) ) ;
#5512 = DIRECTION ( 'NONE',  ( 0.0000000000000000000, 1.000000000000000000, 0.0000000000000000000 ) ) ;
#5513 = CIRCLE ( 'NONE', #5480, 0.02022635391841861100 ) ;
#5514 = CARTESIAN_POINT ( 'NONE',  ( 0.06250000000000000000, 0.0000000000000000000, -0.2322767680468948700 ) ) ;
#5515 = DIRECTION ( 'NONE',  ( 0.0000000000000000000, 0.0000000000000000000, 1.000000000000000000 ) ) ;
#5516 = DIRECTION ( 'NONE',  ( -1.000000000000000000, -0.0000000000000000000, -0.0000000000000000000 ) ) ;
#5517 = CARTESIAN_POINT ( 'NONE',  ( 0.06250000000000000000, 0.02019800703803469000, -0.2312062987457799700 ) ) ;
#5518 = AXIS2_PLACEMENT_3D ( 'NONE', #5517, #5516, #5515 ) ;
#5519 = DIRECTION ( 'NONE',  ( 0.0000000000000000000, 0.0000000000000000000, 1.000000000000000000 ) ) ;
#5520 = DIRECTION ( 'NONE',  ( -1.000000000000000000, -0.0000000000000000000, -0.0000000000000000000 ) ) ;
#5521 = CARTESIAN_POINT ( 'NONE',  ( 0.06250000000000000000, 0.02019800703803469000, -0.2312062987457799700 ) ) ;
#5522 = AXIS2_PLACEMENT_3D ( 'NONE', #5521, #5520, #5519 ) ;
#5523 = CIRCLE ( 'NONE', #5518, 0.02022635391841861100 ) ;
#5524 = CYLINDRICAL_SURFACE ( 'NONE', #5522, 0.02022635391841861100 ) ;
#5525 =( GEOMETRIC_REPRESENTATION_CONTEXT ( 3 ) GLOBAL_UNCERTAINTY_ASSIGNED_CONTEXT ( ( #5526 ) ) GLOBAL_UNIT_ASSIGNED_CONTEXT ( ( #5529, #5528, #5527 ) ) REPRESENTATION_CONTEXT ( 'NONE', 'WORKASPACE' ) );
#5526 = UNCERTAINTY_MEASURE_WITH_UNIT (LENGTH_MEASURE( 1.000000000000000100E-005 ), #5529, 'distance_accuracy_value', 'NONE');
#5527 =( NAMED_UNIT ( * ) SI_UNIT ( $, .STERADIAN. ) SOLID_ANGLE_UNIT ( ) );
#5528 =( NAMED_UNIT ( * ) PLANE_ANGLE_UNIT ( ) SI_UNIT ( $, .RADIAN. ) );
#5529 =( CONVERSION_BASED_UNIT ( 'INCH', #5530 ) LENGTH_UNIT ( ) NAMED_UNIT ( #5532 ) );
#5530 = LENGTH_MEASURE_WITH_UNIT ( LENGTH_MEASURE( 0.02539999999999999900 ), #5533 );
#5531 = LENGTH_MEASURE_WITH_UNIT ( LENGTH_MEASURE( 0.02539999999999999900 ), #5420 );
#5532 = DIMENSIONAL_EXPONENTS ( 1.000000000000000000, 0.0000000000000000000, 0.0000000000000000000, 0.0000000000000000000, 0.0000000000000000000, 0.0000000000000000000, 0.0000000000000000000 ) ;
#5533 =( LENGTH_UNIT ( ) NAMED_UNIT ( * ) SI_UNIT ( $, .METRE. ) );
#5534 = MECHANICAL_DESIGN_GEOMETRIC_PRESENTATION_REPRESENTATION (  '', ( #5536 ), #5525 ) ;
#5535 = PRESENTATION_LAYER_ASSIGNMENT (  '', '', ( #5536 ) ) ;
#5536 = STYLED_ITEM ( 'NONE', ( #5537 ), #1480 ) ;
#5537 = PRESENTATION_STYLE_ASSIGNMENT (( #5538 ) ) ;
#5538 = SURFACE_STYLE_USAGE ( .BOTH. , #5539 ) ;
#5539 = SURFACE_SIDE_STYLE ('',( #5540 ) ) ;
#5540 = SURFACE_STYLE_FILL_AREA ( #5541 ) ;
#5541 = FILL_AREA_STYLE ('',( #5548 ) ) ;
#5542 = COLOUR_RGB ( '',0.9882352941176471000, 1.000000000000000000, 0.9882352941176471000 ) ;
#5543 = FACE_OUTER_BOUND ( 'NONE', #1613, .T. ) ;
#5544 = DIRECTION ( 'NONE',  ( 0.0000000000000000000, 1.000000000000000000, 0.0000000000000000000 ) ) ;
#5545 = VECTOR ( 'NONE', #5544, 39.37007874015748100 ) ;
#5546 = CARTESIAN_POINT ( 'NONE',  ( -0.06250000000000000000, 0.01882265571476645200, -0.2110267595644529400 ) ) ;
#5547 = LINE ( 'NONE', #5546, #5545 ) ;
#5548 = FILL_AREA_STYLE_COLOUR ( '', #5542 ) ;
#5549 = DIRECTION ( 'NONE',  ( 1.000000000000000000, 0.0000000000000000000, -0.0000000000000000000 ) ) ;
#5550 = DIRECTION ( 'NONE',  ( 0.0000000000000000000, 0.0000000000000000000, 1.000000000000000000 ) ) ;
#5551 = CARTESIAN_POINT ( 'NONE',  ( 0.01599999999999999300, 0.0000000000000000000, -0.3810267595644529200 ) ) ;
#5552 = AXIS2_PLACEMENT_3D ( 'NONE', #5551, #5550, #5549 ) ;
#5553 = PLANE ( 'NONE',  #5552 ) ;
#5554 =( GEOMETRIC_REPRESENTATION_CONTEXT ( 3 ) GLOBAL_UNCERTAINTY_ASSIGNED_CONTEXT ( ( #5555 ) ) GLOBAL_UNIT_ASSIGNED_CONTEXT ( ( #5395, #5421, #5556 ) ) REPRESENTATION_CONTEXT ( 'NONE', 'WORKASPACE' ) );
#5555 = UNCERTAINTY_MEASURE_WITH_UNIT (LENGTH_MEASURE( 1.000000000000000100E-005 ), #5395, 'distance_accuracy_value', 'NONE');
#5556 =( NAMED_UNIT ( * ) SI_UNIT ( $, .STERADIAN. ) SOLID_ANGLE_UNIT ( ) );
#5557 = DIMENSIONAL_EXPONENTS ( 1.000000000000000000, 0.0000000000000000000, 0.0000000000000000000, 0.0000000000000000000, 0.0000000000000000000, 0.0000000000000000000, 0.0000000000000000000 ) ;
#5558 = CARTESIAN_POINT ( 'NONE',  ( -0.01599999999999998300, 0.0000000000000000000, -0.4430267595644529200 ) ) ;
#5559 = LINE ( 'NONE', #5558, #5406 ) ;
#5560 = DIRECTION ( 'NONE',  ( 0.0000000000000000000, 0.0000000000000000000, -1.000000000000000000 ) ) ;
#5561 = VECTOR ( 'NONE', #5560, 39.37007874015748100 ) ;
#5562 = CARTESIAN_POINT ( 'NONE',  ( -0.06250000000000000000, 0.0000000000000000000, -0.2312062987457799700 ) ) ;
#5563 = LINE ( 'NONE', #5562, #5561 ) ;
#5564 = DIRECTION ( 'NONE',  ( 0.0000000000000000000, 0.0000000000000000000, -1.000000000000000000 ) ) ;
#5565 = VECTOR ( 'NONE', #5564, 39.37007874015748100 ) ;
#5566 = CARTESIAN_POINT ( 'NONE',  ( 0.06250000000000000000, 0.0000000000000000000, -0.2312062987457799700 ) ) ;
#5567 = LINE ( 'NONE', #5566, #5565 ) ;
#5568 = CARTESIAN_POINT ( 'NONE',  ( 0.06249999999999999300, 0.0000000000000000000, -0.4890267595644529100 ) ) ;
#5569 = CARTESIAN_POINT ( 'NONE',  ( 0.01599999999999998600, 0.01499999999999999900, -0.4430267595644529200 ) ) ;
#5570 = DIRECTION ( 'NONE',  ( -0.0000000000000000000, -1.000000000000000000, -0.0000000000000000000 ) ) ;
#5571 = VECTOR ( 'NONE', #5570, 39.37007874015748100 ) ;
#5572 = CARTESIAN_POINT ( 'NONE',  ( 0.01599999999999998300, 0.0000000000000000000, -0.4430267595644529200 ) ) ;
#5573 = LINE ( 'NONE', #5572, #5571 ) ;
#5574 = DIRECTION ( 'NONE',  ( -2.065409269403425900E-016, 0.0000000000000000000, -1.000000000000000000 ) ) ;
#5575 = DIRECTION ( 'NONE',  ( 1.000000000000000000, 0.0000000000000000000, -2.065409269403425900E-016 ) ) ;
#5576 = CARTESIAN_POINT ( 'NONE',  ( 0.01599999999999998300, 0.0000000000000000000, -0.4430267595644529200 ) ) ;
#5577 = AXIS2_PLACEMENT_3D ( 'NONE', #5576, #5575, #5574 ) ;
#5578 = PLANE ( 'NONE',  #5577 ) ;
#5579 =( GEOMETRIC_REPRESENTATION_CONTEXT ( 3 ) GLOBAL_UNCERTAINTY_ASSIGNED_CONTEXT ( ( #5580 ) ) GLOBAL_UNIT_ASSIGNED_CONTEXT ( ( #5482, #5481, #5581 ) ) REPRESENTATION_CONTEXT ( 'NONE', 'WORKASPACE' ) );
#5580 = UNCERTAINTY_MEASURE_WITH_UNIT (LENGTH_MEASURE( 1.000000000000000100E-005 ), #5482, 'distance_accuracy_value', 'NONE');
#5581 =( NAMED_UNIT ( * ) SI_UNIT ( $, .STERADIAN. ) SOLID_ANGLE_UNIT ( ) );
#5582 =( CONVERSION_BASED_UNIT ( 'INCH', #5940 ) LENGTH_UNIT ( ) NAMED_UNIT ( #5941 ) );
#5583 = FACE_OUTER_BOUND ( 'NONE', #1682, .T. ) ;
#5584 = DIRECTION ( 'NONE',  ( -1.000000000000000000, -0.0000000000000000000, 0.0000000000000000000 ) ) ;
#5585 = VECTOR ( 'NONE', #5584, 39.37007874015748100 ) ;
#5586 = CARTESIAN_POINT ( 'NONE',  ( 0.0000000000000000000, 0.0000000000000000000, -0.3320000000000000200 ) ) ;
#5587 = LINE ( 'NONE', #5586, #5585 ) ;
#5588 = DIRECTION ( 'NONE',  ( 1.776356839400250500E-015, 0.0000000000000000000, -1.000000000000000000 ) ) ;
#5589 = DIRECTION ( 'NONE',  ( 0.0000000000000000000, 1.000000000000000000, 0.0000000000000000000 ) ) ;
#5590 = CARTESIAN_POINT ( 'NONE',  ( 0.0000000000000000000, 0.0000000000000000000, 0.0000000000000000000 ) ) ;
#5591 = AXIS2_PLACEMENT_3D ( 'NONE', #5590, #5589, #5588 ) ;
#5592 = CIRCLE ( 'NONE', #5591, 0.4479999999999999500 ) ;
#5593 = DIRECTION ( 'NONE',  ( 0.0000000000000000000, 0.0000000000000000000, -1.000000000000000000 ) ) ;
#5594 = DIRECTION ( 'NONE',  ( -0.0000000000000000000, -1.000000000000000000, -0.0000000000000000000 ) ) ;
#5595 = AXIS2_PLACEMENT_3D ( 'NONE', #5596, #5594, #5593 ) ;
#5596 = CARTESIAN_POINT ( 'NONE',  ( 0.0000000000000000000, 0.2560000000000000100, 0.0000000000000000000 ) ) ;
#5597 = CYLINDRICAL_SURFACE ( 'NONE', #5595, 0.4479999999999999500 ) ;
#5598 = FACE_OUTER_BOUND ( 'NONE', #1665, .T. ) ;
#5599 = DIRECTION ( 'NONE',  ( -1.000000000000000000, 0.0000000000000000000, -0.0000000000000000000 ) ) ;
#5600 = DIRECTION ( 'NONE',  ( 0.0000000000000000000, 0.0000000000000000000, -1.000000000000000000 ) ) ;
#5601 = CARTESIAN_POINT ( 'NONE',  ( -0.1325000000000000600, 0.06200000000000001300, 0.4908305537887147600 ) ) ;
#5602 = AXIS2_PLACEMENT_3D ( 'NONE', #5601, #5600, #5599 ) ;
#5603 = PLANE ( 'NONE',  #5602 ) ;
#5604 = FACE_OUTER_BOUND ( 'NONE', #1586, .T. ) ;
#5605 = DIRECTION ( 'NONE',  ( -0.0000000000000000000, 0.0000000000000000000, -1.000000000000000000 ) ) ;
#5606 = VECTOR ( 'NONE', #5605, 39.37007874015748100 ) ;
#5607 = CARTESIAN_POINT ( 'NONE',  ( -0.1325000000000000300, 0.0000000000000000000, 0.0000000000000000000 ) ) ;
#5608 = LINE ( 'NONE', #5607, #5606 ) ;
#5609 = DIRECTION ( 'NONE',  ( 0.0000000000000000000, 1.000000000000000000, 0.0000000000000000000 ) ) ;
#5610 = VECTOR ( 'NONE', #5609, 39.37007874015748100 ) ;
#5611 = CARTESIAN_POINT ( 'NONE',  ( -0.1324999999999999800, 0.06200000000000001300, 0.4908305537887147600 ) ) ;
#5612 = LINE ( 'NONE', #5611, #5610 ) ;
#5613 = CARTESIAN_POINT ( 'NONE',  ( 0.3953823070520449100, -1.707404996040164500E-017, 0.2106580909203404600 ) ) ;
#5614 = DIRECTION ( 'NONE',  ( 0.4702189529471884600, 0.0000000000000000000, -0.8825497925268861500 ) ) ;
#5615 = VECTOR ( 'NONE', #5614, 39.37007874015748900 ) ;
#5616 = CARTESIAN_POINT ( 'NONE',  ( 0.2002019337725335900, 0.0000000000000000000, 0.5769904066713381600 ) ) ;
#5617 = DIRECTION ( 'NONE',  ( -0.4702189529471883000, 0.0000000000000000000, 0.8825497925268861500 ) ) ;
#5618 = DIRECTION ( 'NONE',  ( -0.8825497925268862600, 0.0000000000000000000, -0.4702189529471883500 ) ) ;
#5619 = CARTESIAN_POINT ( 'NONE',  ( 0.1875000000000000800, 0.2560000000000000100, 0.6008305537887146400 ) ) ;
#5620 = LINE ( 'NONE', #5616, #5615 ) ;
#5621 = AXIS2_PLACEMENT_3D ( 'NONE', #5619, #5618, #5617 ) ;
#5622 = PLANE ( 'NONE',  #5621 ) ;
#5623 = FACE_OUTER_BOUND ( 'NONE', #1652, .T. ) ;
#5624 = DIRECTION ( 'NONE',  ( 0.0000000000000000000, -0.0000000000000000000, 1.000000000000000000 ) ) ;
#5625 = VECTOR ( 'NONE', #5624, 39.37007874015748100 ) ;
#5626 = CARTESIAN_POINT ( 'NONE',  ( 0.1325000000000000300, 0.0000000000000000000, 0.0000000000000000000 ) ) ;
#5627 = LINE ( 'NONE', #5626, #5625 ) ;
#5628 = CARTESIAN_POINT ( 'NONE',  ( -0.1324999999999999500, 0.0000000000000000000, -0.3320000000000000200 ) ) ;
#5629 = DIRECTION ( 'NONE',  ( -0.0000000000000000000, 0.0000000000000000000, -1.000000000000000000 ) ) ;
#5630 = VECTOR ( 'NONE', #5629, 39.37007874015748100 ) ;
#5631 = CARTESIAN_POINT ( 'NONE',  ( -0.1324999999999999800, 0.0000000000000000000, 0.0000000000000000000 ) ) ;
#5632 = DIRECTION ( 'NONE',  ( 0.0000000000000000000, 0.0000000000000000000, -1.000000000000000000 ) ) ;
#5633 = DIRECTION ( 'NONE',  ( 1.000000000000000000, -0.0000000000000000000, 0.0000000000000000000 ) ) ;
#5634 = CARTESIAN_POINT ( 'NONE',  ( 0.1325000000000000300, 0.03200000000000000100, 0.4908305537887147100 ) ) ;
#5635 = LINE ( 'NONE', #5631, #5630 ) ;
#5636 = AXIS2_PLACEMENT_3D ( 'NONE', #5634, #5633, #5632 ) ;
#5637 = PLANE ( 'NONE',  #5636 ) ;
#5638 = FACE_OUTER_BOUND ( 'NONE', #1632, .T. ) ;
#5639 = DIRECTION ( 'NONE',  ( 0.0000000000000000000, 1.000000000000000000, 0.0000000000000000000 ) ) ;
#5640 = VECTOR ( 'NONE', #5639, 39.37007874015748100 ) ;
#5641 = CARTESIAN_POINT ( 'NONE',  ( 0.1325000000000000300, 0.03200000000000000100, 0.4908305537887147100 ) ) ;
#5642 = LINE ( 'NONE', #5641, #5640 ) ;
#5643 = CARTESIAN_POINT ( 'NONE',  ( 0.1325000000000000600, 0.0000000000000000000, 0.4908305537887147100 ) ) ;
#5644 = DIRECTION ( 'NONE',  ( 1.000000000000000000, 0.0000000000000000000, -0.0000000000000000000 ) ) ;
#5645 = VECTOR ( 'NONE', #5644, 39.37007874015748100 ) ;
#5646 = CARTESIAN_POINT ( 'NONE',  ( 0.0000000000000000000, 0.0000000000000000000, 0.4908305537887147100 ) ) ;
#5647 = LINE ( 'NONE', #5646, #5645 ) ;
#5648 = CARTESIAN_POINT ( 'NONE',  ( -0.06249999999999999300, 0.01984262549934720200, -0.2110267595644529400 ) ) ;
#5649 = DIRECTION ( 'NONE',  ( -1.000000000000000000, -0.0000000000000000000, -0.0000000000000000000 ) ) ;
#5650 = VECTOR ( 'NONE', #5649, 39.37007874015748100 ) ;
#5651 = CARTESIAN_POINT ( 'NONE',  ( 0.06250000000000000000, 0.01984262549934720200, -0.2110267595644529400 ) ) ;
#5652 = LINE ( 'NONE', #5651, #5650 ) ;
#5653 = CARTESIAN_POINT ( 'NONE',  ( 0.06249999999999999300, 0.01984262549934720200, -0.2110267595644529400 ) ) ;
#5654 = DIRECTION ( 'NONE',  ( -0.0000000000000000000, -1.000000000000000000, -0.0000000000000000000 ) ) ;
#5655 = VECTOR ( 'NONE', #5654, 39.37007874015748100 ) ;
#5656 = CARTESIAN_POINT ( 'NONE',  ( 0.06250000000000000000, 0.01882265571476645200, -0.2110267595644529400 ) ) ;
#5657 = LINE ( 'NONE', #5656, #5655 ) ;
#5658 = CARTESIAN_POINT ( 'NONE',  ( -0.06250000000000000000, 0.01882265571476658700, -0.2110267595644529600 ) ) ;
#5659 = CARTESIAN_POINT ( 'NONE',  ( 0.06250000000000000000, 0.01882265571476658700, -0.2110267595644529600 ) ) ;
#5660 = DIRECTION ( 'NONE',  ( -1.000000000000000000, -0.0000000000000000000, -0.0000000000000000000 ) ) ;
#5661 = VECTOR ( 'NONE', #5660, 39.37007874015748100 ) ;
#5662 = CARTESIAN_POINT ( 'NONE',  ( 0.06250000000000000000, 0.01882265571476644500, -0.2110267595644529600 ) ) ;
#5663 = LINE ( 'NONE', #5662, #5661 ) ;
#5664 = DIRECTION ( 'NONE',  ( -6.443037720906276800E-016, 0.0000000000000000000, -1.000000000000000000 ) ) ;
#5665 = DIRECTION ( 'NONE',  ( 1.000000000000000000, 0.0000000000000000000, -6.443037720906276800E-016 ) ) ;
#5666 = CARTESIAN_POINT ( 'NONE',  ( 0.06749999999999992100, 0.2560000000000000100, -0.3320000000000000200 ) ) ;
#5667 = AXIS2_PLACEMENT_3D ( 'NONE', #5666, #5665, #5664 ) ;
#5668 = PLANE ( 'NONE',  #5667 ) ;
#5669 = FACE_OUTER_BOUND ( 'NONE', #1594, .T. ) ;
#5670 = CARTESIAN_POINT ( 'NONE',  ( 0.1324999999999999500, 0.1130000000000000200, -0.2059999999999999600 ) ) ;
#5671 = DIRECTION ( 'NONE',  ( 0.0000000000000000000, -0.0000000000000000000, 1.000000000000000000 ) ) ;
#5672 = VECTOR ( 'NONE', #5671, 39.37007874015748100 ) ;
#5673 = CARTESIAN_POINT ( 'NONE',  ( 0.1324999999999999500, 0.1130000000000000200, -0.3319999999999999600 ) ) ;
#5674 = LINE ( 'NONE', #5673, #5672 ) ;
#5675 = CARTESIAN_POINT ( 'NONE',  ( 0.0000000000000000000, 0.0000000000000000000, 0.0000000000000000000 ) ) ;
#5676 = AXIS2_PLACEMENT_3D ( 'NONE', #5675, #5803, #5802 ) ;
#5677 = DIRECTION ( 'NONE',  ( -1.000000000000000000, -0.0000000000000000000, 0.0000000000000000000 ) ) ;
#5678 = VECTOR ( 'NONE', #5677, 39.37007874015748100 ) ;
#5679 = CARTESIAN_POINT ( 'NONE',  ( -0.1324999999999999800, 0.1130000000000000200, -0.2059999999999999600 ) ) ;
#5680 = LINE ( 'NONE', #5679, #5678 ) ;
#5681 = DIRECTION ( 'NONE',  ( -0.0000000000000000000, -1.000000000000000000, -0.0000000000000000000 ) ) ;
#5682 = VECTOR ( 'NONE', #5681, 39.37007874015748100 ) ;
#5683 = CARTESIAN_POINT ( 'NONE',  ( 0.3953823070520449100, 0.2560000000000000100, 0.2106580909203405200 ) ) ;
#5684 = LINE ( 'NONE', #5683, #5682 ) ;
#5685 = CARTESIAN_POINT ( 'NONE',  ( -0.1324999999999999800, 0.0000000000000000000, 0.4908305537887147100 ) ) ;
#5686 = DIRECTION ( 'NONE',  ( -3.104372720073026900E-016, 0.0000000000000000000, 1.000000000000000000 ) ) ;
#5687 = DIRECTION ( 'NONE',  ( -1.000000000000000000, 0.0000000000000000000, -3.104372720073026900E-016 ) ) ;
#5688 = CARTESIAN_POINT ( 'NONE',  ( -0.1324999999999999800, 0.03200000000000000100, 0.4908305537887147100 ) ) ;
#5689 = AXIS2_PLACEMENT_3D ( 'NONE', #5688, #5687, #5686 ) ;
#5690 = PLANE ( 'NONE',  #5689 ) ;
#5691 = FACE_OUTER_BOUND ( 'NONE', #1576, .T. ) ;
#5692 = DIRECTION ( 'NONE',  ( 0.4702189529471886300, 0.0000000000000000000, 0.8825497925268859200 ) ) ;
#5693 = VECTOR ( 'NONE', #5692, 39.37007874015748900 ) ;
#5694 = CARTESIAN_POINT ( 'NONE',  ( -0.3953823070520450800, 0.0000000000000000000, 0.2106580909203403200 ) ) ;
#5695 = DIRECTION ( 'NONE',  ( 0.0000000000000000000, 0.0000000000000000000, -1.000000000000000000 ) ) ;
#5696 = DIRECTION ( 'NONE',  ( 0.0000000000000000000, 1.000000000000000000, 0.0000000000000000000 ) ) ;
#5697 = CARTESIAN_POINT ( 'NONE',  ( 0.0000000000000000000, 0.0000000000000000000, 0.0000000000000000000 ) ) ;
#5698 = AXIS2_PLACEMENT_3D ( 'NONE', #5697, #5696, #5695 ) ;
#5699 = CIRCLE ( 'NONE', #5698, 0.4480000000000000600 ) ;
#5700 = LINE ( 'NONE', #5694, #5693 ) ;
#5701 = CARTESIAN_POINT ( 'NONE',  ( 0.1325000000000000300, 0.0000000000000000000, -0.3320000000000000200 ) ) ;
#5702 = DIRECTION ( 'NONE',  ( 0.0000000000000000000, 1.000000000000000000, 0.0000000000000000000 ) ) ;
#5703 = VECTOR ( 'NONE', #5702, 39.37007874015748100 ) ;
#5704 = CARTESIAN_POINT ( 'NONE',  ( 0.1325000000000000600, 0.2560000000000000100, -0.3320000000000000200 ) ) ;
#5705 = LINE ( 'NONE', #5704, #5703 ) ;
#5706 = DIRECTION ( 'NONE',  ( 1.000000000000000000, 0.0000000000000000000, -0.0000000000000000000 ) ) ;
#5707 = DIRECTION ( 'NONE',  ( 0.0000000000000000000, 0.0000000000000000000, 1.000000000000000000 ) ) ;
#5708 = CARTESIAN_POINT ( 'NONE',  ( 0.06749999999999992100, 0.2560000000000000100, -0.3320000000000000200 ) ) ;
#5709 = AXIS2_PLACEMENT_3D ( 'NONE', #5708, #5707, #5706 ) ;
#5710 = PLANE ( 'NONE',  #5709 ) ;
#5711 = DIRECTION ( 'NONE',  ( -0.4702189529471885700, 0.0000000000000000000, -0.8825497925268859200 ) ) ;
#5712 = DIRECTION ( 'NONE',  ( 0.8825497925268860300, 0.0000000000000000000, -0.4702189529471886300 ) ) ;
#5713 = CARTESIAN_POINT ( 'NONE',  ( -0.1874999999999999400, 0.2560000000000000100, 0.6008305537887147500 ) ) ;
#5714 = AXIS2_PLACEMENT_3D ( 'NONE', #5713, #5712, #5711 ) ;
#5715 = FACE_OUTER_BOUND ( 'NONE', #1569, .T. ) ;
#5716 = PLANE ( 'NONE',  #5714 ) ;
#5717 = FACE_OUTER_BOUND ( 'NONE', #1582, .T. ) ;
#5718 = DIRECTION ( 'NONE',  ( -1.000000000000000000, 0.0000000000000000000, -0.0000000000000000000 ) ) ;
#5719 = DIRECTION ( 'NONE',  ( 0.0000000000000000000, 0.0000000000000000000, -1.000000000000000000 ) ) ;
#5720 = CARTESIAN_POINT ( 'NONE',  ( 0.06250000000000000000, 0.01882265571476645200, -0.2110267595644529400 ) ) ;
#5721 = AXIS2_PLACEMENT_3D ( 'NONE', #5720, #5719, #5718 ) ;
#5722 = PLANE ( 'NONE',  #5721 ) ;
#5723 =( GEOMETRIC_REPRESENTATION_CONTEXT ( 3 ) GLOBAL_UNCERTAINTY_ASSIGNED_CONTEXT ( ( #5724 ) ) GLOBAL_UNIT_ASSIGNED_CONTEXT ( ( #5727, #5726, #5725 ) ) REPRESENTATION_CONTEXT ( 'NONE', 'WORKASPACE' ) );
#5724 = UNCERTAINTY_MEASURE_WITH_UNIT (LENGTH_MEASURE( 1.000000000000000100E-005 ), #5727, 'distance_accuracy_value', 'NONE');
#5725 =( NAMED_UNIT ( * ) SI_UNIT ( $, .STERADIAN. ) SOLID_ANGLE_UNIT ( ) );
#5726 =( NAMED_UNIT ( * ) PLANE_ANGLE_UNIT ( ) SI_UNIT ( $, .RADIAN. ) );
#5727 =( CONVERSION_BASED_UNIT ( 'INCH', #5728 ) LENGTH_UNIT ( ) NAMED_UNIT ( #5729 ) );
#5728 = LENGTH_MEASURE_WITH_UNIT ( LENGTH_MEASURE( 0.02539999999999999900 ), #5730 );
#5729 = DIMENSIONAL_EXPONENTS ( 1.000000000000000000, 0.0000000000000000000, 0.0000000000000000000, 0.0000000000000000000, 0.0000000000000000000, 0.0000000000000000000, 0.0000000000000000000 ) ;
#5730 =( LENGTH_UNIT ( ) NAMED_UNIT ( * ) SI_UNIT ( $, .METRE. ) );
#5731 = MECHANICAL_DESIGN_GEOMETRIC_PRESENTATION_REPRESENTATION (  '', ( #5733 ), #5723 ) ;
#5732 = PRESENTATION_LAYER_ASSIGNMENT (  '', '', ( #5733 ) ) ;
#5733 = STYLED_ITEM ( 'NONE', ( #5734 ), #1559 ) ;
#5734 = PRESENTATION_STYLE_ASSIGNMENT (( #5735 ) ) ;
#5735 = SURFACE_STYLE_USAGE ( .BOTH. , #5736 ) ;
#5736 = SURFACE_SIDE_STYLE ('',( #5737 ) ) ;
#5737 = SURFACE_STYLE_FILL_AREA ( #5738 ) ;
#5738 = FILL_AREA_STYLE ('',( #5739 ) ) ;
#5739 = FILL_AREA_STYLE_COLOUR ( '', #5740 ) ;
#5740 = COLOUR_RGB ( '',0.9882352941176471000, 1.000000000000000000, 0.9882352941176471000 ) ;
#5741 = FACE_OUTER_BOUND ( 'NONE', #1601, .T. ) ;
#5742 =( GEOMETRIC_REPRESENTATION_CONTEXT ( 3 ) GLOBAL_UNCERTAINTY_ASSIGNED_CONTEXT ( ( #5743 ) ) GLOBAL_UNIT_ASSIGNED_CONTEXT ( ( #5746, #5745, #5744 ) ) REPRESENTATION_CONTEXT ( 'NONE', 'WORKASPACE' ) );
#5743 = UNCERTAINTY_MEASURE_WITH_UNIT (LENGTH_MEASURE( 1.000000000000000100E-005 ), #5746, 'distance_accuracy_value', 'NONE');
#5744 =( NAMED_UNIT ( * ) SI_UNIT ( $, .STERADIAN. ) SOLID_ANGLE_UNIT ( ) );
#5745 =( NAMED_UNIT ( * ) PLANE_ANGLE_UNIT ( ) SI_UNIT ( $, .RADIAN. ) );
#5746 =( CONVERSION_BASED_UNIT ( 'INCH', #5747 ) LENGTH_UNIT ( ) NAMED_UNIT ( #5748 ) );
#5747 = LENGTH_MEASURE_WITH_UNIT ( LENGTH_MEASURE( 0.02539999999999999900 ), #5778 );
#5748 = DIMENSIONAL_EXPONENTS ( 1.000000000000000000, 0.0000000000000000000, 0.0000000000000000000, 0.0000000000000000000, 0.0000000000000000000, 0.0000000000000000000, 0.0000000000000000000 ) ;
#5749 = PLANE ( 'NONE',  #5801 ) ;
#5750 =( GEOMETRIC_REPRESENTATION_CONTEXT ( 3 ) GLOBAL_UNCERTAINTY_ASSIGNED_CONTEXT ( ( #5751 ) ) GLOBAL_UNIT_ASSIGNED_CONTEXT ( ( #5754, #5753, #5752 ) ) REPRESENTATION_CONTEXT ( 'NONE', 'WORKASPACE' ) );
#5751 = UNCERTAINTY_MEASURE_WITH_UNIT (LENGTH_MEASURE( 1.000000000000000100E-005 ), #5754, 'distance_accuracy_value', 'NONE');
#5752 =( NAMED_UNIT ( * ) SI_UNIT ( $, .STERADIAN. ) SOLID_ANGLE_UNIT ( ) );
#5753 =( NAMED_UNIT ( * ) PLANE_ANGLE_UNIT ( ) SI_UNIT ( $, .RADIAN. ) );
#5754 =( CONVERSION_BASED_UNIT ( 'INCH', #5755 ) LENGTH_UNIT ( ) NAMED_UNIT ( #5756 ) );
#5755 = LENGTH_MEASURE_WITH_UNIT ( LENGTH_MEASURE( 0.02539999999999999900 ), #5757 );
#5756 = DIMENSIONAL_EXPONENTS ( 1.000000000000000000, 0.0000000000000000000, 0.0000000000000000000, 0.0000000000000000000, 0.0000000000000000000, 0.0000000000000000000, 0.0000000000000000000 ) ;
#5757 =( LENGTH_UNIT ( ) NAMED_UNIT ( * ) SI_UNIT ( $, .METRE. ) );
#5758 = MECHANICAL_DESIGN_GEOMETRIC_PRESENTATION_REPRESENTATION (  '', ( #5760 ), #5750 ) ;
#5759 = PRESENTATION_LAYER_ASSIGNMENT (  '', '', ( #5760 ) ) ;
#5760 = STYLED_ITEM ( 'NONE', ( #5761 ), #1548 ) ;
#5761 = PRESENTATION_STYLE_ASSIGNMENT (( #5762 ) ) ;
#5762 = SURFACE_STYLE_USAGE ( .BOTH. , #5763 ) ;
#5763 = SURFACE_SIDE_STYLE ('',( #5764 ) ) ;
#5764 = SURFACE_STYLE_FILL_AREA ( #5765 ) ;
#5765 = FILL_AREA_STYLE ('',( #5772 ) ) ;
#5766 = COLOUR_RGB ( '',0.9882352941176471000, 1.000000000000000000, 0.9882352941176471000 ) ;
#5767 = FACE_OUTER_BOUND ( 'NONE', #1549, .T. ) ;
#5768 = DIRECTION ( 'NONE',  ( 0.0000000000000000000, -0.0000000000000000000, -1.000000000000000000 ) ) ;
#5769 = VECTOR ( 'NONE', #5768, 39.37007874015748100 ) ;
#5770 = CARTESIAN_POINT ( 'NONE',  ( 0.01599999999999999700, 0.01499999999999999900, -0.2317498961272229400 ) ) ;
#5771 = LINE ( 'NONE', #5770, #5769 ) ;
#5772 = FILL_AREA_STYLE_COLOUR ( '', #5766 ) ;
#5773 = CARTESIAN_POINT ( 'NONE',  ( 0.01599999999999999700, 0.01499999999999999900, -0.3810267595644529200 ) ) ;
#5774 = DIRECTION ( 'NONE',  ( -0.0000000000000000000, 1.000000000000000000, 0.0000000000000000000 ) ) ;
#5775 = VECTOR ( 'NONE', #5774, 39.37007874015748100 ) ;
#5776 = CARTESIAN_POINT ( 'NONE',  ( 0.01599999999999999700, 0.0000000000000000000, -0.3810267595644529200 ) ) ;
#5777 = LINE ( 'NONE', #5776, #5775 ) ;
#5778 =( LENGTH_UNIT ( ) NAMED_UNIT ( * ) SI_UNIT ( $, .METRE. ) );
#5779 = MECHANICAL_DESIGN_GEOMETRIC_PRESENTATION_REPRESENTATION (  '', ( #5781 ), #5742 ) ;
#5780 = PRESENTATION_LAYER_ASSIGNMENT (  '', '', ( #5781 ) ) ;
#5781 = STYLED_ITEM ( 'NONE', ( #5782 ), #1558 ) ;
#5782 = PRESENTATION_STYLE_ASSIGNMENT (( #5783 ) ) ;
#5783 = SURFACE_STYLE_USAGE ( .BOTH. , #5784 ) ;
#5784 = SURFACE_SIDE_STYLE ('',( #5785 ) ) ;
#5785 = SURFACE_STYLE_FILL_AREA ( #5786 ) ;
#5786 = FILL_AREA_STYLE ('',( #5792 ) ) ;
#5787 = COLOUR_RGB ( '',0.2941176470588235400, 0.2941176470588235400, 0.2941176470588235400 ) ;
#5788 = DIRECTION ( 'NONE',  ( -1.000000000000000000, -0.0000000000000000000, -0.0000000000000000000 ) ) ;
#5789 = VECTOR ( 'NONE', #5788, 39.37007874015748100 ) ;
#5790 = CARTESIAN_POINT ( 'NONE',  ( 0.06250000000000000000, 0.01499999999999999900, -0.4430267595644529200 ) ) ;
#5791 = LINE ( 'NONE', #5790, #5789 ) ;
#5792 = FILL_AREA_STYLE_COLOUR ( '', #5787 ) ;
#5793 = CARTESIAN_POINT ( 'NONE',  ( -0.01599999999999998300, 0.01499999999999999900, -0.4430267595644529200 ) ) ;
#5794 = DIRECTION ( 'NONE',  ( -0.0000000000000000000, -1.000000000000000000, -0.0000000000000000000 ) ) ;
#5795 = VECTOR ( 'NONE', #5794, 39.37007874015748100 ) ;
#5796 = CARTESIAN_POINT ( 'NONE',  ( -0.01599999999999998300, 0.0000000000000000000, -0.4430267595644529200 ) ) ;
#5797 = LINE ( 'NONE', #5796, #5795 ) ;
#5798 = DIRECTION ( 'NONE',  ( -1.000000000000000000, 0.0000000000000000000, -0.0000000000000000000 ) ) ;
#5799 = DIRECTION ( 'NONE',  ( 0.0000000000000000000, 0.0000000000000000000, -1.000000000000000000 ) ) ;
#5800 = CARTESIAN_POINT ( 'NONE',  ( -0.01599999999999998300, 0.0000000000000000000, -0.4430267595644529200 ) ) ;
#5801 = AXIS2_PLACEMENT_3D ( 'NONE', #5800, #5799, #5798 ) ;
#5802 = DIRECTION ( 'NONE',  ( 0.0000000000000000000, -0.0000000000000000000, 1.000000000000000000 ) ) ;
#5803 = DIRECTION ( 'NONE',  ( 0.0000000000000000000, 1.000000000000000000, 0.0000000000000000000 ) ) ;
#5804 = PLANE ( 'NONE',  #5676 ) ;
#5805 = DIRECTION ( 'NONE',  ( 8.537024980200824800E-016, 0.0000000000000000000, -1.000000000000000000 ) ) ;
#5806 = DIRECTION ( 'NONE',  ( 1.000000000000000000, -0.0000000000000000000, 8.537024980200824800E-016 ) ) ;
#5807 = CARTESIAN_POINT ( 'NONE',  ( 0.1324999999999999800, 0.2560000000000000100, -0.2059999999999999600 ) ) ;
#5808 = AXIS2_PLACEMENT_3D ( 'NONE', #5807, #5806, #5805 ) ;
#5809 = PLANE ( 'NONE',  #5808 ) ;
#5810 = DIRECTION ( 'NONE',  ( -1.000000000000000000, 0.0000000000000000000, -0.0000000000000000000 ) ) ;
#5811 = VECTOR ( 'NONE', #5810, 39.37007874015748100 ) ;
#5812 = CARTESIAN_POINT ( 'NONE',  ( 0.06749999999999999100, 0.03199999999999999400, -0.2259999999999999500 ) ) ;
#5813 = LINE ( 'NONE', #5812, #5811 ) ;
#5814 = CARTESIAN_POINT ( 'NONE',  ( 0.1324999999999999800, 0.03199999999999999400, -0.2259999999999999500 ) ) ;
#5815 = DIRECTION ( 'NONE',  ( -8.537024980200824800E-016, -0.0000000000000000000, 1.000000000000000000 ) ) ;
#5816 = VECTOR ( 'NONE', #5815, 39.37007874015748100 ) ;
#5817 = CARTESIAN_POINT ( 'NONE',  ( 0.1324999999999999800, 0.03199999999999999400, -0.2059999999999999600 ) ) ;
#5818 = LINE ( 'NONE', #5817, #5816 ) ;
#5819 = CARTESIAN_POINT ( 'NONE',  ( 0.1325000000000000300, 0.03199999999999999400, -0.3320000000000000200 ) ) ;
#5820 = DIRECTION ( 'NONE',  ( 0.0000000000000000000, -0.0000000000000000000, 1.000000000000000000 ) ) ;
#5821 = DIRECTION ( 'NONE',  ( 0.0000000000000000000, 1.000000000000000000, 0.0000000000000000000 ) ) ;
#5822 = CARTESIAN_POINT ( 'NONE',  ( 0.1325000000000000100, 0.03200000000000000100, -0.2069999999999991800 ) ) ;
#5823 = AXIS2_PLACEMENT_3D ( 'NONE', #5822, #5821, #5820 ) ;
#5824 = PLANE ( 'NONE',  #5823 ) ;
#5825 = FACE_OUTER_BOUND ( 'NONE', #1695, .T. ) ;
#5826 = DIRECTION ( 'NONE',  ( 0.0000000000000000000, -1.000000000000000000, -0.0000000000000000000 ) ) ;
#5827 = VECTOR ( 'NONE', #5826, 39.37007874015748100 ) ;
#5828 = CARTESIAN_POINT ( 'NONE',  ( 0.06749999999999993500, 0.2560000000000000100, -0.3320000000000000200 ) ) ;
#5829 = LINE ( 'NONE', #5828, #5827 ) ;
#5830 = CARTESIAN_POINT ( 'NONE',  ( 0.06749999999999993500, 0.03199999999999999400, -0.3320000000000000200 ) ) ;
#5831 = DIRECTION ( 'NONE',  ( 0.0000000000000000000, -0.0000000000000000000, 1.000000000000000000 ) ) ;
#5832 = VECTOR ( 'NONE', #5831, 39.37007874015748100 ) ;
#5833 = CARTESIAN_POINT ( 'NONE',  ( 0.06749999999999992100, 0.03200000000000000100, -0.2069999999999991800 ) ) ;
#5834 = LINE ( 'NONE', #5833, #5832 ) ;
#5835 = DIRECTION ( 'NONE',  ( 3.442348782339032200E-016, 0.0000000000000000000, -1.000000000000000000 ) ) ;
#5836 = DIRECTION ( 'NONE',  ( 1.000000000000000000, -0.0000000000000000000, 3.442348782339032200E-016 ) ) ;
#5837 = CARTESIAN_POINT ( 'NONE',  ( 0.01600000000000002100, 0.0000000000000000000, 0.6588305537887144700 ) ) ;
#5838 = AXIS2_PLACEMENT_3D ( 'NONE', #5837, #5836, #5835 ) ;
#5839 = PLANE ( 'NONE',  #5838 ) ;
#5840 =( GEOMETRIC_REPRESENTATION_CONTEXT ( 3 ) GLOBAL_UNCERTAINTY_ASSIGNED_CONTEXT ( ( #5841 ) ) GLOBAL_UNIT_ASSIGNED_CONTEXT ( ( #5844, #5843, #5842 ) ) REPRESENTATION_CONTEXT ( 'NONE', 'WORKASPACE' ) );
#5841 = UNCERTAINTY_MEASURE_WITH_UNIT (LENGTH_MEASURE( 1.000000000000000100E-005 ), #5844, 'distance_accuracy_value', 'NONE');
#5842 =( NAMED_UNIT ( * ) SI_UNIT ( $, .STERADIAN. ) SOLID_ANGLE_UNIT ( ) );
#5843 =( NAMED_UNIT ( * ) PLANE_ANGLE_UNIT ( ) SI_UNIT ( $, .RADIAN. ) );
#5844 =( CONVERSION_BASED_UNIT ( 'INCH', #5845 ) LENGTH_UNIT ( ) NAMED_UNIT ( #5846 ) );
#5845 = LENGTH_MEASURE_WITH_UNIT ( LENGTH_MEASURE( 0.02539999999999999900 ), #5847 );
#5846 = DIMENSIONAL_EXPONENTS ( 1.000000000000000000, 0.0000000000000000000, 0.0000000000000000000, 0.0000000000000000000, 0.0000000000000000000, 0.0000000000000000000, 0.0000000000000000000 ) ;
#5847 =( LENGTH_UNIT ( ) NAMED_UNIT ( * ) SI_UNIT ( $, .METRE. ) );
#5848 = MECHANICAL_DESIGN_GEOMETRIC_PRESENTATION_REPRESENTATION (  '', ( #5850 ), #5840 ) ;
#5849 = PRESENTATION_LAYER_ASSIGNMENT (  '', '', ( #5850 ) ) ;
#5850 = STYLED_ITEM ( 'NONE', ( #5851 ), #1760 ) ;
#5851 = PRESENTATION_STYLE_ASSIGNMENT (( #5852 ) ) ;
#5852 = SURFACE_STYLE_USAGE ( .BOTH. , #5853 ) ;
#5853 = SURFACE_SIDE_STYLE ('',( #5854 ) ) ;
#5854 = SURFACE_STYLE_FILL_AREA ( #5855 ) ;
#5855 = FILL_AREA_STYLE ('',( #5862 ) ) ;
#5856 = COLOUR_RGB ( '',0.9882352941176471000, 1.000000000000000000, 0.9882352941176471000 ) ;
#5857 = FACE_OUTER_BOUND ( 'NONE', #1761, .T. ) ;
#5858 = DIRECTION ( 'NONE',  ( -1.000000000000000000, -0.0000000000000000000, 0.0000000000000000000 ) ) ;
#5859 = VECTOR ( 'NONE', #5858, 39.37007874015748100 ) ;
#5860 = CARTESIAN_POINT ( 'NONE',  ( -0.1325000000000000600, 0.2560000000000000100, 0.5258305537887145700 ) ) ;
#5861 = LINE ( 'NONE', #5860, #5859 ) ;
#5862 = FILL_AREA_STYLE_COLOUR ( '', #5856 ) ;
#5863 = CARTESIAN_POINT ( 'NONE',  ( -0.1325000000000000600, 0.2560000000000000100, 0.5258305537887145700 ) ) ;
#5864 = DIRECTION ( 'NONE',  ( 0.0000000000000000000, 1.000000000000000000, -0.0000000000000000000 ) ) ;
#5865 = VECTOR ( 'NONE', #5864, 39.37007874015748100 ) ;
#5866 = CARTESIAN_POINT ( 'NONE',  ( -0.1325000000000000600, 0.06200000000000001300, 0.5258305537887145700 ) ) ;
#5867 = LINE ( 'NONE', #5866, #5865 ) ;
#5868 = DIRECTION ( 'NONE',  ( 1.000000000000000000, 0.0000000000000000000, -0.0000000000000000000 ) ) ;
#5869 = DIRECTION ( 'NONE',  ( 0.0000000000000000000, 0.0000000000000000000, 1.000000000000000000 ) ) ;
#5870 = CARTESIAN_POINT ( 'NONE',  ( 0.01600000000000000000, 0.0000000000000000000, 0.7208305537887146300 ) ) ;
#5871 = AXIS2_PLACEMENT_3D ( 'NONE', #5870, #5869, #5868 ) ;
#5872 = PLANE ( 'NONE',  #5871 ) ;
#5873 =( GEOMETRIC_REPRESENTATION_CONTEXT ( 3 ) GLOBAL_UNCERTAINTY_ASSIGNED_CONTEXT ( ( #5874 ) ) GLOBAL_UNIT_ASSIGNED_CONTEXT ( ( #5877, #5876, #5875 ) ) REPRESENTATION_CONTEXT ( 'NONE', 'WORKASPACE' ) );
#5874 = UNCERTAINTY_MEASURE_WITH_UNIT (LENGTH_MEASURE( 1.000000000000000100E-005 ), #5877, 'distance_accuracy_value', 'NONE');
#5875 =( NAMED_UNIT ( * ) SI_UNIT ( $, .STERADIAN. ) SOLID_ANGLE_UNIT ( ) );
#5876 =( NAMED_UNIT ( * ) PLANE_ANGLE_UNIT ( ) SI_UNIT ( $, .RADIAN. ) );
#5877 =( CONVERSION_BASED_UNIT ( 'INCH', #5878 ) LENGTH_UNIT ( ) NAMED_UNIT ( #5879 ) );
#5878 = LENGTH_MEASURE_WITH_UNIT ( LENGTH_MEASURE( 0.02539999999999999900 ), #5880 );
#5879 = DIMENSIONAL_EXPONENTS ( 1.000000000000000000, 0.0000000000000000000, 0.0000000000000000000, 0.0000000000000000000, 0.0000000000000000000, 0.0000000000000000000, 0.0000000000000000000 ) ;
#5880 =( LENGTH_UNIT ( ) NAMED_UNIT ( * ) SI_UNIT ( $, .METRE. ) );
#5881 = MECHANICAL_DESIGN_GEOMETRIC_PRESENTATION_REPRESENTATION (  '', ( #5883 ), #5873 ) ;
#5882 = PRESENTATION_LAYER_ASSIGNMENT (  '', '', ( #5883 ) ) ;
#5883 = STYLED_ITEM ( 'NONE', ( #5884 ), #1753 ) ;
#5884 = PRESENTATION_STYLE_ASSIGNMENT (( #5885 ) ) ;
#5885 = SURFACE_STYLE_USAGE ( .BOTH. , #5886 ) ;
#5886 = SURFACE_SIDE_STYLE ('',( #5887 ) ) ;
#5887 = SURFACE_STYLE_FILL_AREA ( #5888 ) ;
#5888 = FILL_AREA_STYLE ('',( #5895 ) ) ;
#5889 = COLOUR_RGB ( '',0.9882352941176471000, 1.000000000000000000, 0.9882352941176471000 ) ;
#5890 = FACE_OUTER_BOUND ( 'NONE', #623, .T. ) ;
#5891 = DIRECTION ( 'NONE',  ( -0.0000000000000000000, 1.000000000000000000, 0.0000000000000000000 ) ) ;
#5892 = VECTOR ( 'NONE', #5891, 39.37007874015748100 ) ;
#5893 = CARTESIAN_POINT ( 'NONE',  ( 0.01600000000000000400, 0.0000000000000000000, 0.7208305537887146300 ) ) ;
#5894 = LINE ( 'NONE', #5893, #5892 ) ;
#5895 = FILL_AREA_STYLE_COLOUR ( '', #5889 ) ;
#5896 = DIRECTION ( 'NONE',  ( 0.0000000000000000000, 0.7193398003386495300, 0.6946583704589989200 ) ) ;
#5897 = DIRECTION ( 'NONE',  ( 0.0000000000000000000, 0.6946583704589990300, -0.7193398003386496400 ) ) ;
#5898 = CARTESIAN_POINT ( 'NONE',  ( -0.005712583075000198100, 0.03957718354096541300, -0.2130016660197238100 ) ) ;
#5899 = AXIS2_PLACEMENT_3D ( 'NONE', #5898, #5897, #5896 ) ;
#5900 = PLANE ( 'NONE',  #5899 ) ;
#5901 =( GEOMETRIC_REPRESENTATION_CONTEXT ( 3 ) GLOBAL_UNCERTAINTY_ASSIGNED_CONTEXT ( ( #5902 ) ) GLOBAL_UNIT_ASSIGNED_CONTEXT ( ( #5905, #5904, #5903 ) ) REPRESENTATION_CONTEXT ( 'NONE', 'WORKASPACE' ) );
#5902 = UNCERTAINTY_MEASURE_WITH_UNIT (LENGTH_MEASURE( 1.000000000000000100E-005 ), #5905, 'distance_accuracy_value', 'NONE');
#5903 =( NAMED_UNIT ( * ) SI_UNIT ( $, .STERADIAN. ) SOLID_ANGLE_UNIT ( ) );
#5904 =( NAMED_UNIT ( * ) PLANE_ANGLE_UNIT ( ) SI_UNIT ( $, .RADIAN. ) );
#5905 =( CONVERSION_BASED_UNIT ( 'INCH', #5906 ) LENGTH_UNIT ( ) NAMED_UNIT ( #5907 ) );
#5906 = LENGTH_MEASURE_WITH_UNIT ( LENGTH_MEASURE( 0.02539999999999999900 ), #5908 );
#5907 = DIMENSIONAL_EXPONENTS ( 1.000000000000000000, 0.0000000000000000000, 0.0000000000000000000, 0.0000000000000000000, 0.0000000000000000000, 0.0000000000000000000, 0.0000000000000000000 ) ;
#5908 =( LENGTH_UNIT ( ) NAMED_UNIT ( * ) SI_UNIT ( $, .METRE. ) );
#5909 = MECHANICAL_DESIGN_GEOMETRIC_PRESENTATION_REPRESENTATION (  '', ( #5911 ), #5901 ) ;
#5910 = PRESENTATION_LAYER_ASSIGNMENT (  '', '', ( #5911 ) ) ;
#5911 = STYLED_ITEM ( 'NONE', ( #5912 ), #1745 ) ;
#5912 = PRESENTATION_STYLE_ASSIGNMENT (( #5913 ) ) ;
#5913 = SURFACE_STYLE_USAGE ( .BOTH. , #5914 ) ;
#5914 = SURFACE_SIDE_STYLE ('',( #5915 ) ) ;
#5915 = SURFACE_STYLE_FILL_AREA ( #5916 ) ;
#5916 = FILL_AREA_STYLE ('',( #5923 ) ) ;
#5917 = COLOUR_RGB ( '',0.9882352941176471000, 1.000000000000000000, 0.9882352941176471000 ) ;
#5918 = FACE_OUTER_BOUND ( 'NONE', #1746, .T. ) ;
#5919 = DIRECTION ( 'NONE',  ( 0.0000000000000000000, 0.7193398003386495300, 0.6946583704589989200 ) ) ;
#5920 = VECTOR ( 'NONE', #5919, 39.37007874015748900 ) ;
#5921 = CARTESIAN_POINT ( 'NONE',  ( -0.04634452331323966900, 0.03957718354096541300, -0.2130016660197238100 ) ) ;
#5922 = LINE ( 'NONE', #5921, #5920 ) ;
#5923 = FILL_AREA_STYLE_COLOUR ( '', #5917 ) ;
#5924 = CARTESIAN_POINT ( 'NONE',  ( -0.04634452331323965500, 0.04164996938247397800, -0.2109999999999999400 ) ) ;
#5925 = DIRECTION ( 'NONE',  ( 0.0000000000000000000, 0.7193398003386497500, 0.6946583704589987000 ) ) ;
#5926 = VECTOR ( 'NONE', #5925, 39.37007874015748100 ) ;
#5927 = CARTESIAN_POINT ( 'NONE',  ( -0.04634452331323964800, 0.04166115865234240600, -0.2151596854207397700 ) ) ;
#5928 = LINE ( 'NONE', #5927, #5926 ) ;
#5929 = CARTESIAN_POINT ( 'NONE',  ( -0.04634452331323966900, 0.04596863900135114700, -0.2109999999999999400 ) ) ;
#5930 = DIRECTION ( 'NONE',  ( -1.000000000000000000, 0.0000000000000000000, -0.0000000000000000000 ) ) ;
#5931 = VECTOR ( 'NONE', #5930, 39.37007874015748100 ) ;
#5932 = CARTESIAN_POINT ( 'NONE',  ( -0.1688427527050620500, 0.04596863900135114700, -0.2109999999999999400 ) ) ;
#5933 = LINE ( 'NONE', #5932, #5931 ) ;
#5934 = DIRECTION ( 'NONE',  ( 0.0000000000000000000, 0.0000000000000000000, 1.000000000000000000 ) ) ;
#5935 = DIRECTION ( 'NONE',  ( -1.000000000000000000, 0.0000000000000000000, 0.0000000000000000000 ) ) ;
#5936 = CARTESIAN_POINT ( 'NONE',  ( 0.04728559984444258300, 0.03957718354096541300, -0.2130016660197238100 ) ) ;
#5937 = AXIS2_PLACEMENT_3D ( 'NONE', #5936, #5935, #5934 ) ;
#5938 = PLANE ( 'NONE',  #5937 ) ;
#5939 =( GEOMETRIC_REPRESENTATION_CONTEXT ( 3 ) GLOBAL_UNCERTAINTY_ASSIGNED_CONTEXT ( ( #5976 ) ) GLOBAL_UNIT_ASSIGNED_CONTEXT ( ( #5979, #5978, #5977 ) ) REPRESENTATION_CONTEXT ( 'NONE', 'WORKASPACE' ) );
#5940 = LENGTH_MEASURE_WITH_UNIT ( LENGTH_MEASURE( 0.02539999999999999900 ), #5942 );
#5941 = DIMENSIONAL_EXPONENTS ( 1.000000000000000000, 0.0000000000000000000, 0.0000000000000000000, 0.0000000000000000000, 0.0000000000000000000, 0.0000000000000000000, 0.0000000000000000000 ) ;
#5942 =( LENGTH_UNIT ( ) NAMED_UNIT ( * ) SI_UNIT ( $, .METRE. ) );
#5943 = MECHANICAL_DESIGN_GEOMETRIC_PRESENTATION_REPRESENTATION (  '', ( #5945 ), #6144 ) ;
#5944 = PRESENTATION_LAYER_ASSIGNMENT (  '', '', ( #5945 ) ) ;
#5945 = STYLED_ITEM ( 'NONE', ( #5946 ), #1775 ) ;
#5946 = PRESENTATION_STYLE_ASSIGNMENT (( #5947 ) ) ;
#5947 = SURFACE_STYLE_USAGE ( .BOTH. , #5948 ) ;
#5948 = SURFACE_SIDE_STYLE ('',( #5949 ) ) ;
#5949 = SURFACE_STYLE_FILL_AREA ( #5950 ) ;
#5950 = FILL_AREA_STYLE ('',( #5956 ) ) ;
#5951 = COLOUR_RGB ( '',0.9882352941176471000, 1.000000000000000000, 0.9882352941176471000 ) ;
#5952 = FACE_OUTER_BOUND ( 'NONE', #1776, .T. ) ;
#5953 = DIRECTION ( 'NONE',  ( -0.0000000000000000000, -0.7193398003386495300, -0.6946583704589989200 ) ) ;
#5954 = VECTOR ( 'NONE', #5953, 39.37007874015748900 ) ;
#5955 = CARTESIAN_POINT ( 'NONE',  ( 0.04728559984444261800, 0.04166115865234240600, -0.2151596854207397700 ) ) ;
#5956 = FILL_AREA_STYLE_COLOUR ( '', #5951 ) ;
#5957 = LINE ( 'NONE', #5955, #5954 ) ;
#5958 = DIRECTION ( 'NONE',  ( 0.0000000000000000000, 1.000000000000000000, 0.0000000000000000000 ) ) ;
#5959 = VECTOR ( 'NONE', #5958, 39.37007874015748100 ) ;
#5960 = CARTESIAN_POINT ( 'NONE',  ( 0.04728559984444256200, 0.07400000000000002400, -0.2109999999999999400 ) ) ;
#5961 = LINE ( 'NONE', #5960, #5959 ) ;
#5962 = DIRECTION ( 'NONE',  ( -0.0000000000000000000, -0.7193398003386495300, -0.6946583704589989200 ) ) ;
#5963 = VECTOR ( 'NONE', #5962, 39.37007874015748900 ) ;
#5964 = CARTESIAN_POINT ( 'NONE',  ( 0.04728559984444259700, 0.03957718354096541300, -0.2130016660197238100 ) ) ;
#5965 = LINE ( 'NONE', #5964, #5963 ) ;
#5966 = CARTESIAN_POINT ( 'NONE',  ( 0.01600000000000000400, 0.0000000000000000000, 0.7208305537887146300 ) ) ;
#5967 = DIRECTION ( 'NONE',  ( 0.0000000000000000000, -0.0000000000000000000, 1.000000000000000000 ) ) ;
#5968 = VECTOR ( 'NONE', #5967, 39.37007874015748100 ) ;
#5969 = CARTESIAN_POINT ( 'NONE',  ( 0.01600000000000002100, 0.0000000000000000000, 0.7688305537887146800 ) ) ;
#5970 = LINE ( 'NONE', #5969, #5968 ) ;
#5971 = CARTESIAN_POINT ( 'NONE',  ( 0.01600000000000002100, 0.0000000000000000000, 0.6588305537887144700 ) ) ;
#5972 = DIRECTION ( 'NONE',  ( -0.0000000000000000000, -1.000000000000000000, -0.0000000000000000000 ) ) ;
#5973 = VECTOR ( 'NONE', #5972, 39.37007874015748100 ) ;
#5974 = CARTESIAN_POINT ( 'NONE',  ( 0.01600000000000002100, 0.0000000000000000000, 0.6588305537887144700 ) ) ;
#5975 = LINE ( 'NONE', #5974, #5973 ) ;
#5976 = UNCERTAINTY_MEASURE_WITH_UNIT (LENGTH_MEASURE( 1.000000000000000100E-005 ), #5979, 'distance_accuracy_value', 'NONE');
#5977 =( NAMED_UNIT ( * ) SI_UNIT ( $, .STERADIAN. ) SOLID_ANGLE_UNIT ( ) );
#5978 =( NAMED_UNIT ( * ) PLANE_ANGLE_UNIT ( ) SI_UNIT ( $, .RADIAN. ) );
#5979 =( CONVERSION_BASED_UNIT ( 'INCH', #5980 ) LENGTH_UNIT ( ) NAMED_UNIT ( #5981 ) );
#5980 = LENGTH_MEASURE_WITH_UNIT ( LENGTH_MEASURE( 0.02539999999999999900 ), #5982 );
#5981 = DIMENSIONAL_EXPONENTS ( 1.000000000000000000, 0.0000000000000000000, 0.0000000000000000000, 0.0000000000000000000, 0.0000000000000000000, 0.0000000000000000000, 0.0000000000000000000 ) ;
#5982 =( LENGTH_UNIT ( ) NAMED_UNIT ( * ) SI_UNIT ( $, .METRE. ) );
#5983 = MECHANICAL_DESIGN_GEOMETRIC_PRESENTATION_REPRESENTATION (  '', ( #5985 ), #5939 ) ;
#5984 = PRESENTATION_LAYER_ASSIGNMENT (  '', '', ( #5985 ) ) ;
#5985 = STYLED_ITEM ( 'NONE', ( #5986 ), #1736 ) ;
#5986 = PRESENTATION_STYLE_ASSIGNMENT (( #5987 ) ) ;
#5987 = SURFACE_STYLE_USAGE ( .BOTH. , #5988 ) ;
#5988 = SURFACE_SIDE_STYLE ('',( #5989 ) ) ;
#5989 = SURFACE_STYLE_FILL_AREA ( #5990 ) ;
#5990 = FILL_AREA_STYLE ('',( #5997 ) ) ;
#5991 = COLOUR_RGB ( '',0.9882352941176471000, 1.000000000000000000, 0.9882352941176471000 ) ;
#5992 = FACE_OUTER_BOUND ( 'NONE', #1737, .T. ) ;
#5993 = DIRECTION ( 'NONE',  ( -0.0000000000000000000, 0.0000000000000000000, 1.000000000000000000 ) ) ;
#5994 = VECTOR ( 'NONE', #5993, 39.37007874015748100 ) ;
#5995 = CARTESIAN_POINT ( 'NONE',  ( 0.07499999999999991400, 0.02000000000000000000, -0.2109999999999999400 ) ) ;
#5996 = LINE ( 'NONE', #5995, #5994 ) ;
#5997 = FILL_AREA_STYLE_COLOUR ( '', #5991 ) ;
#5998 = CARTESIAN_POINT ( 'NONE',  ( 0.04728559984444258300, 0.04596863900135114700, -0.2109999999999999400 ) ) ;
#5999 = CARTESIAN_POINT ( 'NONE',  ( -0.1325000000000000600, 0.06200000000000001300, 0.5258305537887145700 ) ) ;
#6000 = DIRECTION ( 'NONE',  ( 0.0000000000000000000, -0.0000000000000000000, -1.000000000000000000 ) ) ;
#6001 = DIRECTION ( 'NONE',  ( 0.0000000000000000000, -1.000000000000000000, 0.0000000000000000000 ) ) ;
#6002 = CARTESIAN_POINT ( 'NONE',  ( 0.1325000000000000600, 0.06200000000000001300, 0.5258305537887145700 ) ) ;
#6003 = AXIS2_PLACEMENT_3D ( 'NONE', #6002, #6001, #6000 ) ;
#6004 = FACE_OUTER_BOUND ( 'NONE', #1729, .T. ) ;
#6005 = DIRECTION ( 'NONE',  ( 8.537024980200824800E-016, 0.0000000000000000000, 1.000000000000000000 ) ) ;
#6006 = DIRECTION ( 'NONE',  ( -1.000000000000000000, 0.0000000000000000000, 8.537024980200824800E-016 ) ) ;
#6007 = CARTESIAN_POINT ( 'NONE',  ( -0.1324999999999999800, 0.2560000000000000100, -0.2059999999999999600 ) ) ;
#6008 = PLANE ( 'NONE',  #6003 ) ;
#6009 = AXIS2_PLACEMENT_3D ( 'NONE', #6007, #6006, #6005 ) ;
#6010 = PLANE ( 'NONE',  #6009 ) ;
#6011 = FACE_OUTER_BOUND ( 'NONE', #1635, .T. ) ;
#6012 = DIRECTION ( 'NONE',  ( 0.0000000000000000000, 1.000000000000000000, -0.0000000000000000000 ) ) ;
#6013 = VECTOR ( 'NONE', #6012, 39.37007874015748100 ) ;
#6014 = CARTESIAN_POINT ( 'NONE',  ( -0.1324999999999999800, 0.2560000000000000100, -0.2059999999999999600 ) ) ;
#6015 = LINE ( 'NONE', #6014, #6013 ) ;
#6016 = CARTESIAN_POINT ( 'NONE',  ( -0.1324999999999999800, 0.0000000000000000000, -0.2059999999999999600 ) ) ;
#6017 = DIRECTION ( 'NONE',  ( -1.000000000000000000, -0.0000000000000000000, 0.0000000000000000000 ) ) ;
#6018 = VECTOR ( 'NONE', #6017, 39.37007874015748100 ) ;
#6019 = CARTESIAN_POINT ( 'NONE',  ( 0.0000000000000000000, 0.0000000000000000000, -0.2059999999999999600 ) ) ;
#6020 = LINE ( 'NONE', #6019, #6018 ) ;
#6021 = DIRECTION ( 'NONE',  ( 1.000000000000000000, 0.0000000000000000000, -0.0000000000000000000 ) ) ;
#6022 = DIRECTION ( 'NONE',  ( 0.0000000000000000000, 0.0000000000000000000, 1.000000000000000000 ) ) ;
#6023 = CARTESIAN_POINT ( 'NONE',  ( -0.1324999999999999800, 0.2560000000000000100, -0.2059999999999999600 ) ) ;
#6024 = AXIS2_PLACEMENT_3D ( 'NONE', #6023, #6022, #6021 ) ;
#6025 = PLANE ( 'NONE',  #6024 ) ;
#6026 = FACE_OUTER_BOUND ( 'NONE', #1644, .T. ) ;
#6027 = FACE_BOUND ( 'NONE', #1715, .T. ) ;
#6028 = DIRECTION ( 'NONE',  ( 0.0000000000000000000, 1.000000000000000000, 0.0000000000000000000 ) ) ;
#6029 = VECTOR ( 'NONE', #6028, 39.37007874015748100 ) ;
#6030 = CARTESIAN_POINT ( 'NONE',  ( 0.1324999999999999800, 0.2560000000000000100, -0.2259999999999999500 ) ) ;
#6031 = DIRECTION ( 'NONE',  ( -1.000000000000000000, 0.0000000000000000000, -0.0000000000000000000 ) ) ;
#6032 = DIRECTION ( 'NONE',  ( 0.0000000000000000000, 0.0000000000000000000, -1.000000000000000000 ) ) ;
#6033 = CARTESIAN_POINT ( 'NONE',  ( 0.06749999999999999100, 0.2560000000000000100, -0.2259999999999999500 ) ) ;
#6034 = LINE ( 'NONE', #6030, #6029 ) ;
#6035 = AXIS2_PLACEMENT_3D ( 'NONE', #6033, #6032, #6031 ) ;
#6036 = PLANE ( 'NONE',  #6035 ) ;
#6037 = FACE_OUTER_BOUND ( 'NONE', #1707, .T. ) ;
#6038 = DIRECTION ( 'NONE',  ( 1.000000000000000000, 0.0000000000000000000, -0.0000000000000000000 ) ) ;
#6039 = VECTOR ( 'NONE', #6038, 39.37007874015748100 ) ;
#6040 = CARTESIAN_POINT ( 'NONE',  ( 0.06749999999999992100, 0.03199999999999999400, -0.3320000000000000200 ) ) ;
#6041 = LINE ( 'NONE', #6040, #6039 ) ;
#6042 = DIRECTION ( 'NONE',  ( 1.000000000000000000, 0.0000000000000000000, 0.0000000000000000000 ) ) ;
#6043 = DIRECTION ( 'NONE',  ( 0.0000000000000000000, 0.0000000000000000000, 1.000000000000000000 ) ) ;
#6044 = CARTESIAN_POINT ( 'NONE',  ( 0.0000000000000000000, 0.0000000000000000000, 0.0000000000000000000 ) ) ;
#6045 =( GEOMETRIC_REPRESENTATION_CONTEXT ( 3 ) GLOBAL_UNCERTAINTY_ASSIGNED_CONTEXT ( ( #6056 ) ) GLOBAL_UNIT_ASSIGNED_CONTEXT ( ( #6059, #6058, #6057 ) ) REPRESENTATION_CONTEXT ( 'NONE', 'WORKASPACE' ) );
#6046 = PRODUCT_DEFINITION_SHAPE ( 'NONE', 'NONE',  #6049 ) ;
#6047 = PRODUCT_RELATED_PRODUCT_CATEGORY ( 'part', '', ( #6053 ) ) ;
#6048 = PRODUCT_DEFINITION_FORMATION_WITH_SPECIFIED_SOURCE ( 'ANY', '', #6053, .NOT_KNOWN. ) ;
#6049 = PRODUCT_DEFINITION ( 'UNKNOWN', '', #6048, #6050 ) ;
#6050 = PRODUCT_DEFINITION_CONTEXT ( 'detailed design', #6052, 'design' ) ;
#6051 = APPLICATION_PROTOCOL_DEFINITION ( 'draft international standard', 'automotive_design', 1998, #6052 ) ;
#6052 = APPLICATION_CONTEXT ( 'automotive_design' ) ;
#6053 = PRODUCT ( '1063TR', '1063TR', '', ( #6054 ) ) ;
#6054 = PRODUCT_CONTEXT ( 'NONE', #6073, 'mechanical' ) ;
#6055 = APPLICATION_PROTOCOL_DEFINITION ( 'draft international standard', 'automotive_design', 1998, #6073 ) ;
#6056 = UNCERTAINTY_MEASURE_WITH_UNIT (LENGTH_MEASURE( 1.000000000000000100E-005 ), #6059, 'distance_accuracy_value', 'NONE');
#6057 =( NAMED_UNIT ( * ) SI_UNIT ( $, .STERADIAN. ) SOLID_ANGLE_UNIT ( ) );
#6058 =( NAMED_UNIT ( * ) PLANE_ANGLE_UNIT ( ) SI_UNIT ( $, .RADIAN. ) );
#6059 =( CONVERSION_BASED_UNIT ( 'INCH', #6060 ) LENGTH_UNIT ( ) NAMED_UNIT ( #6061 ) );
#6060 = LENGTH_MEASURE_WITH_UNIT ( LENGTH_MEASURE( 0.02539999999999999900 ), #6062 );
#6061 = DIMENSIONAL_EXPONENTS ( 1.000000000000000000, 0.0000000000000000000, 0.0000000000000000000, 0.0000000000000000000, 0.0000000000000000000, 0.0000000000000000000, 0.0000000000000000000 ) ;
#6062 =( LENGTH_UNIT ( ) NAMED_UNIT ( * ) SI_UNIT ( $, .METRE. ) );
#6063 = MECHANICAL_DESIGN_GEOMETRIC_PRESENTATION_REPRESENTATION (  '', ( #6065 ), #6045 ) ;
#6064 = PRESENTATION_LAYER_ASSIGNMENT (  '', '', ( #6065 ) ) ;
#6065 = STYLED_ITEM ( 'NONE', ( #6066 ), #6075 ) ;
#6066 = PRESENTATION_STYLE_ASSIGNMENT (( #6067 ) ) ;
#6067 = SURFACE_STYLE_USAGE ( .BOTH. , #6068 ) ;
#6068 = SURFACE_SIDE_STYLE ('',( #6069 ) ) ;
#6069 = SURFACE_STYLE_FILL_AREA ( #6070 ) ;
#6070 = FILL_AREA_STYLE ('',( #6071 ) ) ;
#6071 = FILL_AREA_STYLE_COLOUR ( '', #6072 ) ;
#6072 = COLOUR_RGB ( '',0.2941176470588235400, 0.2941176470588235400, 0.2941176470588235400 ) ;
#6073 = APPLICATION_CONTEXT ( 'automotive_design' ) ;
#6074 = SHAPE_DEFINITION_REPRESENTATION ( #6046, #6075 ) ;
#6075 = ADVANCED_BREP_SHAPE_REPRESENTATION ( '1063TR', ( #57, #1558, #6084 ), #6076 ) ;
#6076 =( GEOMETRIC_REPRESENTATION_CONTEXT ( 3 ) GLOBAL_UNCERTAINTY_ASSIGNED_CONTEXT ( ( #6077 ) ) GLOBAL_UNIT_ASSIGNED_CONTEXT ( ( #6080, #6079, #6078 ) ) REPRESENTATION_CONTEXT ( 'NONE', 'WORKASPACE' ) );
#6077 = UNCERTAINTY_MEASURE_WITH_UNIT (LENGTH_MEASURE( 1.000000000000000100E-005 ), #6080, 'distance_accuracy_value', 'NONE');
#6078 =( NAMED_UNIT ( * ) SI_UNIT ( $, .STERADIAN. ) SOLID_ANGLE_UNIT ( ) );
#6079 =( NAMED_UNIT ( * ) PLANE_ANGLE_UNIT ( ) SI_UNIT ( $, .RADIAN. ) );
#6080 =( CONVERSION_BASED_UNIT ( 'INCH', #6081 ) LENGTH_UNIT ( ) NAMED_UNIT ( #6082 ) );
#6081 = LENGTH_MEASURE_WITH_UNIT ( LENGTH_MEASURE( 0.02539999999999999900 ), #6083 );
#6082 = DIMENSIONAL_EXPONENTS ( 1.000000000000000000, 0.0000000000000000000, 0.0000000000000000000, 0.0000000000000000000, 0.0000000000000000000, 0.0000000000000000000, 0.0000000000000000000 ) ;
#6083 =( LENGTH_UNIT ( ) NAMED_UNIT ( * ) SI_UNIT ( $, .METRE. ) );
#6084 = AXIS2_PLACEMENT_3D ( 'NONE', #6044, #6043, #6042 ) ;
#6085 = DIRECTION ( 'NONE',  ( 1.000000000000000000, 0.0000000000000000000, 0.0000000000000000000 ) ) ;
#6086 = VECTOR ( 'NONE', #6085, 39.37007874015748100 ) ;
#6087 = CARTESIAN_POINT ( 'NONE',  ( 0.1325000000000000600, 0.06200000000000001300, 0.4908305537887147600 ) ) ;
#6088 = LINE ( 'NONE', #6087, #6086 ) ;
#6089 = CARTESIAN_POINT ( 'NONE',  ( -0.1325000000000000600, 0.06200000000000001300, 0.4908305537887147100 ) ) ;
#6090 = DIRECTION ( 'NONE',  ( 0.0000000000000000000, 1.000000000000000000, 0.0000000000000000000 ) ) ;
#6091 = VECTOR ( 'NONE', #6090, 39.37007874015748100 ) ;
#6092 = CARTESIAN_POINT ( 'NONE',  ( -0.06250000000000000000, 0.02019800703803469000, -0.4890267595644529100 ) ) ;
#6093 = LINE ( 'NONE', #6092, #6091 ) ;
#6094 = CARTESIAN_POINT ( 'NONE',  ( -0.06749999999999999100, 0.2560000000000000100, 0.5258305537887145700 ) ) ;
#6095 = DIRECTION ( 'NONE',  ( -0.0000000000000000000, -1.000000000000000000, -0.0000000000000000000 ) ) ;
#6096 = VECTOR ( 'NONE', #6095, 39.37007874015748100 ) ;
#6097 = CARTESIAN_POINT ( 'NONE',  ( -0.06749999999999999100, 0.06200000000000001300, 0.5258305537887145700 ) ) ;
#6098 = LINE ( 'NONE', #6097, #6096 ) ;
#6099 = DIRECTION ( 'NONE',  ( 1.000000000000000000, 0.0000000000000000000, -0.0000000000000000000 ) ) ;
#6100 = DIRECTION ( 'NONE',  ( 0.0000000000000000000, 0.0000000000000000000, 1.000000000000000000 ) ) ;
#6101 = CARTESIAN_POINT ( 'NONE',  ( -0.1325000000000000600, 0.06200000000000001300, 0.5258305537887145700 ) ) ;
#6102 = AXIS2_PLACEMENT_3D ( 'NONE', #6101, #6100, #6099 ) ;
#6103 = PLANE ( 'NONE',  #6102 ) ;
#6104 = FACE_OUTER_BOUND ( 'NONE', #1922, .T. ) ;
#6105 = DIRECTION ( 'NONE',  ( -0.0000000000000000000, 0.0000000000000000000, 1.000000000000000000 ) ) ;
#6106 = VECTOR ( 'NONE', #6105, 39.37007874015748100 ) ;
#6107 = CARTESIAN_POINT ( 'NONE',  ( -0.06749999999999999100, 0.06200000000000001300, 0.5258305537887145700 ) ) ;
#6108 = LINE ( 'NONE', #6107, #6106 ) ;
#6109 = MECHANICAL_DESIGN_GEOMETRIC_PRESENTATION_REPRESENTATION (  '', ( #6111 ), #6164 ) ;
#6110 = PRESENTATION_LAYER_ASSIGNMENT (  '', '', ( #6111 ) ) ;
#6111 = STYLED_ITEM ( 'NONE', ( #6112 ), #1797 ) ;
#6112 = PRESENTATION_STYLE_ASSIGNMENT (( #6113 ) ) ;
#6113 = SURFACE_STYLE_USAGE ( .BOTH. , #6114 ) ;
#6114 = SURFACE_SIDE_STYLE ('',( #6115 ) ) ;
#6115 = SURFACE_STYLE_FILL_AREA ( #6116 ) ;
#6116 = FILL_AREA_STYLE ('',( #6123 ) ) ;
#6117 = COLOUR_RGB ( '',0.9882352941176471000, 1.000000000000000000, 0.9882352941176471000 ) ;
#6118 = FACE_OUTER_BOUND ( 'NONE', #1798, .T. ) ;
#6119 = DIRECTION ( 'NONE',  ( -0.0000000000000000000, -1.000000000000000000, 0.0000000000000000000 ) ) ;
#6120 = VECTOR ( 'NONE', #6119, 39.37007874015748100 ) ;
#6121 = CARTESIAN_POINT ( 'NONE',  ( -0.1325000000000000600, 0.06200000000000001300, 0.4908305537887147600 ) ) ;
#6122 = LINE ( 'NONE', #6121, #6120 ) ;
#6123 = FILL_AREA_STYLE_COLOUR ( '', #6117 ) ;
#6124 = CARTESIAN_POINT ( 'NONE',  ( -0.1325000000000000600, 0.2439999999999999700, 0.4908305537887147100 ) ) ;
#6125 = DIRECTION ( 'NONE',  ( 1.000000000000000000, 0.0000000000000000000, -0.0000000000000000000 ) ) ;
#6126 = VECTOR ( 'NONE', #6125, 39.37007874015748100 ) ;
#6127 = CARTESIAN_POINT ( 'NONE',  ( -0.1325000000000000600, 0.2440000000000000200, 0.4908305537887147600 ) ) ;
#6128 = DIRECTION ( 'NONE',  ( -1.000000000000000000, 0.0000000000000000000, -0.0000000000000000000 ) ) ;
#6129 = DIRECTION ( 'NONE',  ( 0.0000000000000000000, 0.0000000000000000000, -1.000000000000000000 ) ) ;
#6130 = CARTESIAN_POINT ( 'NONE',  ( -0.1325000000000000600, 0.06200000000000001300, 0.4908305537887147600 ) ) ;
#6131 = AXIS2_PLACEMENT_3D ( 'NONE', #6130, #6129, #6128 ) ;
#6132 = PLANE ( 'NONE',  #6131 ) ;
#6133 = LINE ( 'NONE', #6127, #6126 ) ;
#6134 = FACE_OUTER_BOUND ( 'NONE', #1787, .T. ) ;
#6135 = DIRECTION ( 'NONE',  ( 1.000000000000000000, -0.0000000000000000000, 0.0000000000000000000 ) ) ;
#6136 = VECTOR ( 'NONE', #6135, 39.37007874015748100 ) ;
#6137 = CARTESIAN_POINT ( 'NONE',  ( -0.1688427527050620500, 0.04164996938247397800, -0.2109999999999999400 ) ) ;
#6138 = LINE ( 'NONE', #6137, #6136 ) ;
#6139 = DIRECTION ( 'NONE',  ( 0.0000000000000000000, 0.7193398003386495300, 0.6946583704589989200 ) ) ;
#6140 = DIRECTION ( 'NONE',  ( 0.0000000000000000000, 0.6946583704589990300, -0.7193398003386496400 ) ) ;
#6141 = CARTESIAN_POINT ( 'NONE',  ( -0.005712583075000198100, 0.04166115865234240600, -0.2151596854207397700 ) ) ;
#6142 = AXIS2_PLACEMENT_3D ( 'NONE', #6141, #6140, #6139 ) ;
#6143 = PLANE ( 'NONE',  #6142 ) ;
#6144 =( GEOMETRIC_REPRESENTATION_CONTEXT ( 3 ) GLOBAL_UNCERTAINTY_ASSIGNED_CONTEXT ( ( #6167 ) ) GLOBAL_UNIT_ASSIGNED_CONTEXT ( ( #5582, #6169, #6168 ) ) REPRESENTATION_CONTEXT ( 'NONE', 'WORKASPACE' ) );
#6145 = CARTESIAN_POINT ( 'NONE',  ( -0.06749999999999999100, 0.06200000000000001300, 0.5258305537887145700 ) ) ;
#6146 = DIRECTION ( 'NONE',  ( 1.000000000000000000, 0.0000000000000000000, -0.0000000000000000000 ) ) ;
#6147 = VECTOR ( 'NONE', #6146, 39.37007874015748100 ) ;
#6148 = CARTESIAN_POINT ( 'NONE',  ( -0.1325000000000000600, 0.06200000000000001300, 0.5258305537887145700 ) ) ;
#6149 = LINE ( 'NONE', #6148, #6147 ) ;
#6150 = DIRECTION ( 'NONE',  ( 0.0000000000000000000, 0.0000000000000000000, 1.000000000000000000 ) ) ;
#6151 = VECTOR ( 'NONE', #6150, 39.37007874015748100 ) ;
#6152 = CARTESIAN_POINT ( 'NONE',  ( -0.1325000000000000600, 0.06200000000000001300, 0.4908305537887147600 ) ) ;
#6153 = LINE ( 'NONE', #6152, #6151 ) ;
#6154 = CARTESIAN_POINT ( 'NONE',  ( 0.04728559984444258300, 0.04164996938247397800, -0.2109999999999999400 ) ) ;
#6155 = DIRECTION ( 'NONE',  ( -0.0000000000000000000, -1.000000000000000000, -0.0000000000000000000 ) ) ;
#6156 = VECTOR ( 'NONE', #6155, 39.37007874015748100 ) ;
#6157 = CARTESIAN_POINT ( 'NONE',  ( -0.04634452331323965500, 0.07400000000000002400, -0.2109999999999999400 ) ) ;
#6158 = LINE ( 'NONE', #6157, #6156 ) ;
#6159 = DIRECTION ( 'NONE',  ( 0.0000000000000000000, 0.0000000000000000000, -1.000000000000000000 ) ) ;
#6160 = DIRECTION ( 'NONE',  ( 1.000000000000000000, -0.0000000000000000000, 0.0000000000000000000 ) ) ;
#6161 = CARTESIAN_POINT ( 'NONE',  ( -0.04634452331323964800, 0.04847271408220150300, -0.2044113520300986100 ) ) ;
#6162 = AXIS2_PLACEMENT_3D ( 'NONE', #6161, #6160, #6159 ) ;
#6163 = PLANE ( 'NONE',  #6162 ) ;
#6164 =( GEOMETRIC_REPRESENTATION_CONTEXT ( 3 ) GLOBAL_UNCERTAINTY_ASSIGNED_CONTEXT ( ( #6165 ) ) GLOBAL_UNIT_ASSIGNED_CONTEXT ( ( #6171, #6170, #6166 ) ) REPRESENTATION_CONTEXT ( 'NONE', 'WORKASPACE' ) );
#6165 = UNCERTAINTY_MEASURE_WITH_UNIT (LENGTH_MEASURE( 1.000000000000000100E-005 ), #6171, 'distance_accuracy_value', 'NONE');
#6166 =( NAMED_UNIT ( * ) SI_UNIT ( $, .STERADIAN. ) SOLID_ANGLE_UNIT ( ) );
#6167 = UNCERTAINTY_MEASURE_WITH_UNIT (LENGTH_MEASURE( 1.000000000000000100E-005 ), #5582, 'distance_accuracy_value', 'NONE');
#6168 =( NAMED_UNIT ( * ) SI_UNIT ( $, .STERADIAN. ) SOLID_ANGLE_UNIT ( ) );
#6169 =( NAMED_UNIT ( * ) PLANE_ANGLE_UNIT ( ) SI_UNIT ( $, .RADIAN. ) );
#6170 =( NAMED_UNIT ( * ) PLANE_ANGLE_UNIT ( ) SI_UNIT ( $, .RADIAN. ) );
#6171 =( CONVERSION_BASED_UNIT ( 'INCH', #6172 ) LENGTH_UNIT ( ) NAMED_UNIT ( #6173 ) );
#6172 = LENGTH_MEASURE_WITH_UNIT ( LENGTH_MEASURE( 0.02539999999999999900 ), #6174 );
#6173 = DIMENSIONAL_EXPONENTS ( 1.000000000000000000, 0.0000000000000000000, 0.0000000000000000000, 0.0000000000000000000, 0.0000000000000000000, 0.0000000000000000000, 0.0000000000000000000 ) ;
#6174 =( LENGTH_UNIT ( ) NAMED_UNIT ( * ) SI_UNIT ( $, .METRE. ) );
#6175 = AXIS2_PLACEMENT_3D ( 'NONE', #6250, #6249, #6248 ) ;
#6176 = PLANE ( 'NONE',  #6175 ) ;
#6177 =( GEOMETRIC_REPRESENTATION_CONTEXT ( 3 ) GLOBAL_UNCERTAINTY_ASSIGNED_CONTEXT ( ( #6178 ) ) GLOBAL_UNIT_ASSIGNED_CONTEXT ( ( #6181, #6180, #6179 ) ) REPRESENTATION_CONTEXT ( 'NONE', 'WORKASPACE' ) );
#6178 = UNCERTAINTY_MEASURE_WITH_UNIT (LENGTH_MEASURE( 1.000000000000000100E-005 ), #6181, 'distance_accuracy_value', 'NONE');
#6179 =( NAMED_UNIT ( * ) SI_UNIT ( $, .STERADIAN. ) SOLID_ANGLE_UNIT ( ) );
#6180 =( NAMED_UNIT ( * ) PLANE_ANGLE_UNIT ( ) SI_UNIT ( $, .RADIAN. ) );
#6181 =( CONVERSION_BASED_UNIT ( 'INCH', #6182 ) LENGTH_UNIT ( ) NAMED_UNIT ( #6183 ) );
#6182 = LENGTH_MEASURE_WITH_UNIT ( LENGTH_MEASURE( 0.02539999999999999900 ), #6184 );
#6183 = DIMENSIONAL_EXPONENTS ( 1.000000000000000000, 0.0000000000000000000, 0.0000000000000000000, 0.0000000000000000000, 0.0000000000000000000, 0.0000000000000000000, 0.0000000000000000000 ) ;
#6184 =( LENGTH_UNIT ( ) NAMED_UNIT ( * ) SI_UNIT ( $, .METRE. ) );
#6185 = MECHANICAL_DESIGN_GEOMETRIC_PRESENTATION_REPRESENTATION (  '', ( #6187 ), #6177 ) ;
#6186 = PRESENTATION_LAYER_ASSIGNMENT (  '', '', ( #6187 ) ) ;
#6187 = STYLED_ITEM ( 'NONE', ( #6188 ), #212 ) ;
#6188 = PRESENTATION_STYLE_ASSIGNMENT (( #6189 ) ) ;
#6189 = SURFACE_STYLE_USAGE ( .BOTH. , #6190 ) ;
#6190 = SURFACE_SIDE_STYLE ('',( #6191 ) ) ;
#6191 = SURFACE_STYLE_FILL_AREA ( #6192 ) ;
#6192 = FILL_AREA_STYLE ('',( #6254 ) ) ;
#6193 = COLOUR_RGB ( '',0.9882352941176471000, 1.000000000000000000, 0.9882352941176471000 ) ;
#6194 = FACE_OUTER_BOUND ( 'NONE', #213, .T. ) ;
#6195 = DIRECTION ( 'NONE',  ( 1.000000000000000000, 0.0000000000000000000, 0.0000000000000000000 ) ) ;
#6196 = CARTESIAN_POINT ( 'NONE',  ( -0.006974259978348738000, 0.2139279967920257300, -0.04880353355773966300 ) ) ;
#6197 = CYLINDRICAL_SURFACE ( 'NONE', #6216, 0.01699999999999998400 ) ;
#6198 =( GEOMETRIC_REPRESENTATION_CONTEXT ( 3 ) GLOBAL_UNCERTAINTY_ASSIGNED_CONTEXT ( ( #6199 ) ) GLOBAL_UNIT_ASSIGNED_CONTEXT ( ( #6202, #6201, #6200 ) ) REPRESENTATION_CONTEXT ( 'NONE', 'WORKASPACE' ) );
#6199 = UNCERTAINTY_MEASURE_WITH_UNIT (LENGTH_MEASURE( 1.000000000000000100E-005 ), #6202, 'distance_accuracy_value', 'NONE');
#6200 =( NAMED_UNIT ( * ) SI_UNIT ( $, .STERADIAN. ) SOLID_ANGLE_UNIT ( ) );
#6201 =( NAMED_UNIT ( * ) PLANE_ANGLE_UNIT ( ) SI_UNIT ( $, .RADIAN. ) );
#6202 =( CONVERSION_BASED_UNIT ( 'INCH', #6203 ) LENGTH_UNIT ( ) NAMED_UNIT ( #6204 ) );
#6203 = LENGTH_MEASURE_WITH_UNIT ( LENGTH_MEASURE( 0.02539999999999999900 ), #6205 );
#6204 = DIMENSIONAL_EXPONENTS ( 1.000000000000000000, 0.0000000000000000000, 0.0000000000000000000, 0.0000000000000000000, 0.0000000000000000000, 0.0000000000000000000, 0.0000000000000000000 ) ;
#6205 =( LENGTH_UNIT ( ) NAMED_UNIT ( * ) SI_UNIT ( $, .METRE. ) );
#6206 = LINE ( 'NONE', #6320, #6319 ) ;
#6207 = FILL_AREA_STYLE_COLOUR ( '', #6316 ) ;
#6208 = CARTESIAN_POINT ( 'NONE',  ( -0.006974259978348749300, 0.2207395522218847700, -0.03805520016709850600 ) ) ;
#6209 = DIRECTION ( 'NONE',  ( 1.000000000000000000, 0.0000000000000000000, 0.0000000000000000000 ) ) ;
#6210 = VECTOR ( 'NONE', #6209, 39.37007874015748100 ) ;
#6211 = CARTESIAN_POINT ( 'NONE',  ( 0.06250000000000000000, 0.01499999999999999900, 0.5228305537887147900 ) ) ;
#6212 = LINE ( 'NONE', #6211, #6210 ) ;
#6213 = DIRECTION ( 'NONE',  ( 0.0000000000000000000, 0.0000000000000000000, 1.000000000000000000 ) ) ;
#6214 = DIRECTION ( 'NONE',  ( -1.000000000000000000, -0.0000000000000000000, -0.0000000000000000000 ) ) ;
#6215 = CARTESIAN_POINT ( 'NONE',  ( 0.06250000000000000000, 0.03200000000000000100, 0.5228305537887147900 ) ) ;
#6216 = AXIS2_PLACEMENT_3D ( 'NONE', #6215, #6214, #6213 ) ;
#6217 = PLANE ( 'NONE',  #2498 ) ;
#6218 =( GEOMETRIC_REPRESENTATION_CONTEXT ( 3 ) GLOBAL_UNCERTAINTY_ASSIGNED_CONTEXT ( ( #6219 ) ) GLOBAL_UNIT_ASSIGNED_CONTEXT ( ( #6222, #6221, #6220 ) ) REPRESENTATION_CONTEXT ( 'NONE', 'WORKASPACE' ) );
#6219 = UNCERTAINTY_MEASURE_WITH_UNIT (LENGTH_MEASURE( 1.000000000000000100E-005 ), #6222, 'distance_accuracy_value', 'NONE');
#6220 =( NAMED_UNIT ( * ) SI_UNIT ( $, .STERADIAN. ) SOLID_ANGLE_UNIT ( ) );
#6221 =( NAMED_UNIT ( * ) PLANE_ANGLE_UNIT ( ) SI_UNIT ( $, .RADIAN. ) );
#6222 =( CONVERSION_BASED_UNIT ( 'INCH', #6223 ) LENGTH_UNIT ( ) NAMED_UNIT ( #6224 ) );
#6223 = LENGTH_MEASURE_WITH_UNIT ( LENGTH_MEASURE( 0.02539999999999999900 ), #6225 );
#6224 = DIMENSIONAL_EXPONENTS ( 1.000000000000000000, 0.0000000000000000000, 0.0000000000000000000, 0.0000000000000000000, 0.0000000000000000000, 0.0000000000000000000, 0.0000000000000000000 ) ;
#6225 =( LENGTH_UNIT ( ) NAMED_UNIT ( * ) SI_UNIT ( $, .METRE. ) );
#6226 = MECHANICAL_DESIGN_GEOMETRIC_PRESENTATION_REPRESENTATION (  '', ( #6228 ), #6218 ) ;
#6227 = PRESENTATION_LAYER_ASSIGNMENT (  '', '', ( #6228 ) ) ;
#6228 = STYLED_ITEM ( 'NONE', ( #6229 ), #226 ) ;
#6229 = PRESENTATION_STYLE_ASSIGNMENT (( #6230 ) ) ;
#6230 = SURFACE_STYLE_USAGE ( .BOTH. , #6231 ) ;
#6231 = SURFACE_SIDE_STYLE ('',( #6232 ) ) ;
#6232 = SURFACE_STYLE_FILL_AREA ( #6233 ) ;
#6233 = FILL_AREA_STYLE ('',( #6240 ) ) ;
#6234 = COLOUR_RGB ( '',0.9882352941176471000, 1.000000000000000000, 0.9882352941176471000 ) ;
#6235 = FACE_OUTER_BOUND ( 'NONE', #227, .T. ) ;
#6236 = DIRECTION ( 'NONE',  ( 0.0000000000000000000, 0.7193398003386494200, 0.6946583704589990300 ) ) ;
#6237 = VECTOR ( 'NONE', #6236, 39.37007874015748100 ) ;
#6238 = CARTESIAN_POINT ( 'NONE',  ( -0.1250000000000000000, 0.1422221699151803300, -0.09719659203757313700 ) ) ;
#6239 = LINE ( 'NONE', #6238, #6237 ) ;
#6240 = FILL_AREA_STYLE_COLOUR ( '', #6234 ) ;
#6241 = CARTESIAN_POINT ( 'NONE',  ( 0.06250000000000000000, 0.01500000000000000600, 0.5228305537887147900 ) ) ;
#6242 = CARTESIAN_POINT ( 'NONE',  ( 0.06250000000000000000, 0.03199999999999998700, 0.5058305537887147800 ) ) ;
#6243 = CARTESIAN_POINT ( 'NONE',  ( 0.005391982702854568800, 0.2499677240002319000, -0.009829882772615648400 ) ) ;
#6244 = DIRECTION ( 'NONE',  ( -1.000000000000000000, -0.0000000000000000000, -0.0000000000000000000 ) ) ;
#6245 = VECTOR ( 'NONE', #6244, 39.37007874015748100 ) ;
#6246 = CARTESIAN_POINT ( 'NONE',  ( 0.005391982702854568800, 0.2499677240002319000, -0.009829882772615648400 ) ) ;
#6247 = LINE ( 'NONE', #6246, #6245 ) ;
#6248 = DIRECTION ( 'NONE',  ( 0.0000000000000000000, 0.7193398003386497500, 0.6946583704589987000 ) ) ;
#6249 = DIRECTION ( 'NONE',  ( 0.0000000000000000000, 0.6946583704589987000, -0.7193398003386497500 ) ) ;
#6250 = CARTESIAN_POINT ( 'NONE',  ( 0.005391982702854568800, 0.2207395522218847700, -0.03805520016709851300 ) ) ;
#6251 = VECTOR ( 'NONE', #6195, 39.37007874015748100 ) ;
#6252 = CARTESIAN_POINT ( 'NONE',  ( 0.0000000000000000000, 0.1507729968597251700, -0.1273820194653679000 ) ) ;
#6253 = LINE ( 'NONE', #6252, #6251 ) ;
#6254 = FILL_AREA_STYLE_COLOUR ( '', #6193 ) ;
#6255 = DIRECTION ( 'NONE',  ( 0.0000000000000000000, -0.5735764363510472700, 0.8191520442889908000 ) ) ;
#6256 = DIRECTION ( 'NONE',  ( -0.0000000000000000000, 0.8191520442889909100, 0.5735764363510473800 ) ) ;
#6257 = CARTESIAN_POINT ( 'NONE',  ( 0.1249999999999999900, 0.1507729968597251700, -0.1273820194653679000 ) ) ;
#6258 = AXIS2_PLACEMENT_3D ( 'NONE', #6257, #6256, #6255 ) ;
#6259 = PLANE ( 'NONE',  #6258 ) ;
#6260 =( GEOMETRIC_REPRESENTATION_CONTEXT ( 3 ) GLOBAL_UNCERTAINTY_ASSIGNED_CONTEXT ( ( #6261 ) ) GLOBAL_UNIT_ASSIGNED_CONTEXT ( ( #6264, #6263, #6262 ) ) REPRESENTATION_CONTEXT ( 'NONE', 'WORKASPACE' ) );
#6261 = UNCERTAINTY_MEASURE_WITH_UNIT (LENGTH_MEASURE( 1.000000000000000100E-005 ), #6264, 'distance_accuracy_value', 'NONE');
#6262 =( NAMED_UNIT ( * ) SI_UNIT ( $, .STERADIAN. ) SOLID_ANGLE_UNIT ( ) );
#6263 =( NAMED_UNIT ( * ) PLANE_ANGLE_UNIT ( ) SI_UNIT ( $, .RADIAN. ) );
#6264 =( CONVERSION_BASED_UNIT ( 'INCH', #6358 ) LENGTH_UNIT ( ) NAMED_UNIT ( #6359 ) );
#6265 = CARTESIAN_POINT ( 'NONE',  ( 0.005391982702854571400, 0.1826158499023015900, -0.07487083155120657900 ) ) ;
#6266 = DIRECTION ( 'NONE',  ( 0.0000000000000000000, 0.7193398003386494200, 0.6946583704589991400 ) ) ;
#6267 = VECTOR ( 'NONE', #6266, 39.37007874015748100 ) ;
#6268 = CARTESIAN_POINT ( 'NONE',  ( 0.005391982702854568800, 0.1826158499023015900, -0.07487083155120657900 ) ) ;
#6269 = LINE ( 'NONE', #6268, #6267 ) ;
#6270 = CARTESIAN_POINT ( 'NONE',  ( 0.005391982702854568800, 0.2118440216806487000, -0.04664551415672370900 ) ) ;
#6271 = DIRECTION ( 'NONE',  ( 1.000000000000000000, 0.0000000000000000000, 0.0000000000000000000 ) ) ;
#6272 = VECTOR ( 'NONE', #6271, 39.37007874015748100 ) ;
#6273 = CARTESIAN_POINT ( 'NONE',  ( 0.005391982702854568800, 0.2118440216806487000, -0.04664551415672370900 ) ) ;
#6274 = LINE ( 'NONE', #6273, #6272 ) ;
#6275 = CARTESIAN_POINT ( 'NONE',  ( 0.04602392294109403100, 0.2118440216806487000, -0.04664551415672370900 ) ) ;
#6276 = DIRECTION ( 'NONE',  ( 0.0000000000000000000, 0.7193398003386491900, 0.6946583704589992500 ) ) ;
#6277 = VECTOR ( 'NONE', #6276, 39.37007874015748100 ) ;
#6278 = CARTESIAN_POINT ( 'NONE',  ( 0.04602392294109402400, 0.2118440216806487000, -0.04664551415672370900 ) ) ;
#6279 = LINE ( 'NONE', #6278, #6277 ) ;
#6280 = CARTESIAN_POINT ( 'NONE',  ( 0.04602392294109401000, 0.2207395522218847700, -0.03805520016709851300 ) ) ;
#6281 = DIRECTION ( 'NONE',  ( -1.000000000000000000, -0.0000000000000000000, -0.0000000000000000000 ) ) ;
#6282 = VECTOR ( 'NONE', #6281, 39.37007874015748100 ) ;
#6283 = CARTESIAN_POINT ( 'NONE',  ( 0.04602392294109402400, 0.2207395522218847700, -0.03805520016709851300 ) ) ;
#6284 = LINE ( 'NONE', #6283, #6282 ) ;
#6285 = CARTESIAN_POINT ( 'NONE',  ( 0.005391982702854560200, 0.2207395522218847700, -0.03805520016709851300 ) ) ;
#6286 = DIRECTION ( 'NONE',  ( 0.0000000000000000000, 0.7193398003386497500, 0.6946583704589987000 ) ) ;
#6287 = VECTOR ( 'NONE', #6286, 39.37007874015748100 ) ;
#6288 = CARTESIAN_POINT ( 'NONE',  ( 0.005391982702854568800, 0.2207395522218847700, -0.03805520016709851300 ) ) ;
#6289 = LINE ( 'NONE', #6288, #6287 ) ;
#6290 = CARTESIAN_POINT ( 'NONE',  ( 0.04602392294109403100, 0.2139279967920257300, -0.04880353355773966300 ) ) ;
#6291 = DIRECTION ( 'NONE',  ( 0.0000000000000000000, 0.7193398003386494200, 0.6946583704589990300 ) ) ;
#6292 = VECTOR ( 'NONE', #6291, 39.37007874015748100 ) ;
#6293 = CARTESIAN_POINT ( 'NONE',  ( 0.04602392294109401000, 0.2705322259341959600, 0.005858535131461900200 ) ) ;
#6294 = LINE ( 'NONE', #6293, #6292 ) ;
#6295 = DIRECTION ( 'NONE',  ( 0.0000000000000000000, 0.5735764363510472700, -0.8191520442889908000 ) ) ;
#6296 = DIRECTION ( 'NONE',  ( 0.0000000000000000000, -0.8191520442889909100, -0.5735764363510473800 ) ) ;
#6297 = CARTESIAN_POINT ( 'NONE',  ( -0.1249999999999999900, 0.1384844059608611700, -0.1359837944984853800 ) ) ;
#6298 = AXIS2_PLACEMENT_3D ( 'NONE', #6297, #6296, #6295 ) ;
#6299 = PLANE ( 'NONE',  #6298 ) ;
#6300 =( GEOMETRIC_REPRESENTATION_CONTEXT ( 3 ) GLOBAL_UNCERTAINTY_ASSIGNED_CONTEXT ( ( #6301 ) ) GLOBAL_UNIT_ASSIGNED_CONTEXT ( ( #6304, #6303, #6302 ) ) REPRESENTATION_CONTEXT ( 'NONE', 'WORKASPACE' ) );
#6301 = UNCERTAINTY_MEASURE_WITH_UNIT (LENGTH_MEASURE( 1.000000000000000100E-005 ), #6304, 'distance_accuracy_value', 'NONE');
#6302 =( NAMED_UNIT ( * ) SI_UNIT ( $, .STERADIAN. ) SOLID_ANGLE_UNIT ( ) );
#6303 =( NAMED_UNIT ( * ) PLANE_ANGLE_UNIT ( ) SI_UNIT ( $, .RADIAN. ) );
#6304 =( CONVERSION_BASED_UNIT ( 'INCH', #6305 ) LENGTH_UNIT ( ) NAMED_UNIT ( #6306 ) );
#6305 = LENGTH_MEASURE_WITH_UNIT ( LENGTH_MEASURE( 0.02539999999999999900 ), #6307 );
#6306 = DIMENSIONAL_EXPONENTS ( 1.000000000000000000, 0.0000000000000000000, 0.0000000000000000000, 0.0000000000000000000, 0.0000000000000000000, 0.0000000000000000000, 0.0000000000000000000 ) ;
#6307 =( LENGTH_UNIT ( ) NAMED_UNIT ( * ) SI_UNIT ( $, .METRE. ) );
#6308 = MECHANICAL_DESIGN_GEOMETRIC_PRESENTATION_REPRESENTATION (  '', ( #6310 ), #6300 ) ;
#6309 = PRESENTATION_LAYER_ASSIGNMENT (  '', '', ( #6310 ) ) ;
#6310 = STYLED_ITEM ( 'NONE', ( #6311 ), #168 ) ;
#6311 = PRESENTATION_STYLE_ASSIGNMENT (( #6312 ) ) ;
#6312 = SURFACE_STYLE_USAGE ( .BOTH. , #6313 ) ;
#6313 = SURFACE_SIDE_STYLE ('',( #6314 ) ) ;
#6314 = SURFACE_STYLE_FILL_AREA ( #6315 ) ;
#6315 = FILL_AREA_STYLE ('',( #6207 ) ) ;
#6316 = COLOUR_RGB ( '',0.9882352941176471000, 1.000000000000000000, 0.9882352941176471000 ) ;
#6317 = FACE_OUTER_BOUND ( 'NONE', #169, .T. ) ;
#6318 = DIRECTION ( 'NONE',  ( 0.0000000000000000000, -0.7193398003386497500, -0.6946583704589987000 ) ) ;
#6319 = VECTOR ( 'NONE', #6318, 39.37007874015748100 ) ;
#6320 = CARTESIAN_POINT ( 'NONE',  ( -0.006974259978348749300, 0.2499677240002319000, -0.009829882772615648400 ) ) ;
#6321 = MECHANICAL_DESIGN_GEOMETRIC_PRESENTATION_REPRESENTATION (  '', ( #6323 ), #6198 ) ;
#6322 = PRESENTATION_LAYER_ASSIGNMENT (  '', '', ( #6323 ) ) ;
#6323 = STYLED_ITEM ( 'NONE', ( #6324 ), #161 ) ;
#6324 = PRESENTATION_STYLE_ASSIGNMENT (( #6325 ) ) ;
#6325 = SURFACE_STYLE_USAGE ( .BOTH. , #6326 ) ;
#6326 = SURFACE_SIDE_STYLE ('',( #6327 ) ) ;
#6327 = SURFACE_STYLE_FILL_AREA ( #6328 ) ;
#6328 = FILL_AREA_STYLE ('',( #6335 ) ) ;
#6329 = COLOUR_RGB ( '',0.9882352941176471000, 1.000000000000000000, 0.9882352941176471000 ) ;
#6330 = FACE_OUTER_BOUND ( 'NONE', #162, .T. ) ;
#6331 = DIRECTION ( 'NONE',  ( 1.000000000000000000, 0.0000000000000000000, 0.0000000000000000000 ) ) ;
#6332 = VECTOR ( 'NONE', #6331, 39.37007874015748100 ) ;
#6333 = CARTESIAN_POINT ( 'NONE',  ( -0.1249999999999999900, 0.2677421235399854400, 0.03419810120574224400 ) ) ;
#6334 = LINE ( 'NONE', #6333, #6332 ) ;
#6335 = FILL_AREA_STYLE_COLOUR ( '', #6329 ) ;
#6336 = CARTESIAN_POINT ( 'NONE',  ( 0.1249999999999999600, 0.2677421235399854400, 0.03419810120574224400 ) ) ;
#6337 = DIRECTION ( 'NONE',  ( 0.0000000000000000000, 0.0000000000000000000, 1.000000000000000000 ) ) ;
#6338 = DIRECTION ( 'NONE',  ( -1.000000000000000000, 0.0000000000000000000, 0.0000000000000000000 ) ) ;
#6339 = CARTESIAN_POINT ( 'NONE',  ( 0.1249999999999999400, 0.2427458911158360300, 0.03463212714500799000 ) ) ;
#6340 = AXIS2_PLACEMENT_3D ( 'NONE', #6339, #6338, #6337 ) ;
#6341 = CIRCLE ( 'NONE', #6340, 0.02500000027836104400 ) ;
#6342 = CARTESIAN_POINT ( 'NONE',  ( 0.1249999999999999600, 0.2601139938822014100, 0.01665021900891123700 ) ) ;
#6343 = DIRECTION ( 'NONE',  ( -1.000000000000000000, -0.0000000000000000000, -0.0000000000000000000 ) ) ;
#6344 = VECTOR ( 'NONE', #6343, 39.37007874015748100 ) ;
#6345 = CARTESIAN_POINT ( 'NONE',  ( -0.1249999999999999900, 0.2601139938822014100, 0.01665021900891124800 ) ) ;
#6346 = LINE ( 'NONE', #6345, #6344 ) ;
#6347 = CARTESIAN_POINT ( 'NONE',  ( -0.1250000000000000000, 0.2677421235399854400, 0.03419810120574224400 ) ) ;
#6348 = CARTESIAN_POINT ( 'NONE',  ( -0.1250000000000000000, 0.2601139938822014100, 0.01665021900891123700 ) ) ;
#6349 = DIRECTION ( 'NONE',  ( 0.0000000000000000000, -4.097771944869991700E-015, 1.000000000000000000 ) ) ;
#6350 = DIRECTION ( 'NONE',  ( 1.000000000000000000, -0.0000000000000000000, -0.0000000000000000000 ) ) ;
#6351 = CARTESIAN_POINT ( 'NONE',  ( -0.1249999999999999900, 0.2427458911158360300, 0.03463212714500799000 ) ) ;
#6352 = AXIS2_PLACEMENT_3D ( 'NONE', #6351, #6350, #6349 ) ;
#6353 = CIRCLE ( 'NONE', #6352, 0.02500000027836104400 ) ;
#6354 = DIRECTION ( 'NONE',  ( 1.000000000000000000, -0.0000000000000000000, 0.0000000000000000000 ) ) ;
#6355 = VECTOR ( 'NONE', #6354, 39.37007874015748100 ) ;
#6356 = CARTESIAN_POINT ( 'NONE',  ( 0.1249999999999999900, 0.2139279967920256800, -0.04880353355773965600 ) ) ;
#6357 = LINE ( 'NONE', #6356, #6355 ) ;
#6358 = LENGTH_MEASURE_WITH_UNIT ( LENGTH_MEASURE( 0.02539999999999999900 ), #6360 );
#6359 = DIMENSIONAL_EXPONENTS ( 1.000000000000000000, 0.0000000000000000000, 0.0000000000000000000, 0.0000000000000000000, 0.0000000000000000000, 0.0000000000000000000, 0.0000000000000000000 ) ;
#6360 =( LENGTH_UNIT ( ) NAMED_UNIT ( * ) SI_UNIT ( $, .METRE. ) );
#6361 = MECHANICAL_DESIGN_GEOMETRIC_PRESENTATION_REPRESENTATION (  '', ( #6363 ), #6260 ) ;
#6362 = PRESENTATION_LAYER_ASSIGNMENT (  '', '', ( #6363 ) ) ;
#6363 = STYLED_ITEM ( 'NONE', ( #6364 ), #206 ) ;
#6364 = PRESENTATION_STYLE_ASSIGNMENT (( #6365 ) ) ;
#6365 = SURFACE_STYLE_USAGE ( .BOTH. , #6366 ) ;
#6366 = SURFACE_SIDE_STYLE ('',( #6367 ) ) ;
#6367 = SURFACE_STYLE_FILL_AREA ( #6368 ) ;
#6368 = FILL_AREA_STYLE ('',( #6375 ) ) ;
#6369 = COLOUR_RGB ( '',0.9882352941176471000, 1.000000000000000000, 0.9882352941176471000 ) ;
#6370 = FACE_OUTER_BOUND ( 'NONE', #191, .T. ) ;
#6371 = DIRECTION ( 'NONE',  ( -1.000000000000000000, -0.0000000000000000000, -0.0000000000000000000 ) ) ;
#6372 = VECTOR ( 'NONE', #6371, 39.37007874015748100 ) ;
#6373 = CARTESIAN_POINT ( 'NONE',  ( -0.006974259978348749300, 0.2207395522218847700, -0.03805520016709851300 ) ) ;
#6374 = LINE ( 'NONE', #6373, #6372 ) ;
#6375 = FILL_AREA_STYLE_COLOUR ( '', #6369 ) ;
#6376 = CARTESIAN_POINT ( 'NONE',  ( -0.04760620021658822100, 0.2207395522218847700, -0.03805520016709851300 ) ) ;
#6377 = DIRECTION ( 'NONE',  ( 0.0000000000000000000, -0.7193398003386491900, -0.6946583704589992500 ) ) ;
#6378 = VECTOR ( 'NONE', #6377, 39.37007874015748100 ) ;
#6379 = CARTESIAN_POINT ( 'NONE',  ( -0.04760620021658820700, 0.2207395522218847700, -0.03805520016709851300 ) ) ;
#6380 = LINE ( 'NONE', #6379, #6378 ) ;
#6381 = CARTESIAN_POINT ( 'NONE',  ( -0.04760620021658820700, 0.2118440216806487000, -0.04664551415672370900 ) ) ;
#6382 = DIRECTION ( 'NONE',  ( 1.000000000000000000, 0.0000000000000000000, 0.0000000000000000000 ) ) ;
#6383 = VECTOR ( 'NONE', #6382, 39.37007874015748100 ) ;
#6384 = CARTESIAN_POINT ( 'NONE',  ( -0.04760620021658820700, 0.2118440216806487000, -0.04664551415672370900 ) ) ;
#6385 = LINE ( 'NONE', #6384, #6383 ) ;
#6386 = CARTESIAN_POINT ( 'NONE',  ( -0.006974259978348740600, 0.2118440216806487000, -0.04664551415672370900 ) ) ;
#6387 = DIRECTION ( 'NONE',  ( 0.0000000000000000000, -0.7193398003386494200, -0.6946583704589991400 ) ) ;
#6388 = VECTOR ( 'NONE', #6387, 39.37007874015748100 ) ;
#6389 = CARTESIAN_POINT ( 'NONE',  ( -0.006974259978348749300, 0.2118440216806487000, -0.04664551415672370900 ) ) ;
#6390 = LINE ( 'NONE', #6389, #6388 ) ;
#6391 = CARTESIAN_POINT ( 'NONE',  ( -0.006974259978348749300, 0.1826158499023015900, -0.07487083155120657900 ) ) ;
#6392 = DIRECTION ( 'NONE',  ( 1.000000000000000000, 0.0000000000000000000, 0.0000000000000000000 ) ) ;
#6393 = VECTOR ( 'NONE', #6392, 39.37007874015748100 ) ;
#6394 = CARTESIAN_POINT ( 'NONE',  ( -0.006974259978348749300, 0.1826158499023015900, -0.07487083155120657900 ) ) ;
#6395 = LINE ( 'NONE', #6394, #6393 ) ;
ENDSEC;
END-ISO-10303-21;
